{"type":"FeatureCollection","features":[{"type":"Feature","properties":{"id":1,"regiao":"Centro","populacao":72115},"geometry":{"type":"Polygon","coordinates":[[[-45.9125691,-23.1991957],[-45.9121428,-23.1996612],[-45.9103485,-23.2011937],[-45.9100906,-23.2014938],[-45.9080179,-23.2032729],[-45.9070144,-23.2043007],[-45.9059154,-23.2051947],[-45.905923,-23.2052413],[-45.9056034,-23.2057158],[-45.9039697,-23.2078002],[-45.9034829,-23.2081897],[-45.9023194,-23.2089265],[-45.901272,-23.209374],[-45.8994393,-23.2097769],[-45.8983293,-23.2099842],[-45.8959855,-23.2106287],[-45.8930756,-23.2112477],[-45.8917428,-23.2120881],[-45.8907065,-23.2110477],[-45.885058,-23.2057764],[-45.883642,-23.2044676],[-45.8806804,-23.2016443],[-45.878981,-23.2001213],[-45.8773586,-23.1987469],[-45.8751409,-23.1971632],[-45.8726384,-23.1957774],[-45.8685701,-23.1937266],[-45.8684901,-23.193686],[-45.8640192,-23.1914779],[-45.8642546,-23.1911165],[-45.8641826,-23.1909014],[-45.8633543,-23.1903287],[-45.8631862,-23.1901766],[-45.8630848,-23.1899916],[-45.8630888,-23.1897047],[-45.8632643,-23.1894345],[-45.863245,-23.1893923],[-45.8633062,-23.1892274],[-45.8634576,-23.1888292],[-45.8636534,-23.1885184],[-45.8638504,-23.1880728],[-45.8639633,-23.1877354],[-45.8641673,-23.1874241],[-45.8647907,-23.1867436],[-45.8652074,-23.1863448],[-45.8658766,-23.1854658],[-45.8666591,-23.1841514],[-45.866802,-23.182657],[-45.8669795,-23.181378],[-45.8669846,-23.1807618],[-45.8670363,-23.1800886],[-45.8669957,-23.1794163],[-45.8668388,-23.1791666],[-45.8669236,-23.178696],[-45.8671276,-23.1780047],[-45.867473,-23.1773126],[-45.8679915,-23.176525],[-45.8689413,-23.176404],[-45.8689157,-23.1757406],[-45.874693,-23.1747536],[-45.8751939,-23.1746624],[-45.8756073,-23.1745791],[-45.8755505,-23.1744101],[-45.8754991,-23.1738509],[-45.8771406,-23.1728847],[-45.8773855,-23.1726035],[-45.8780713,-23.1727838],[-45.8784954,-23.1729758],[-45.8808669,-23.1713596],[-45.881155,-23.1715065],[-45.8810757,-23.1733488],[-45.8816126,-23.1733598],[-45.8857176,-23.1736457],[-45.8884539,-23.1738284],[-45.8895239,-23.1739173],[-45.8902971,-23.1739793],[-45.8943515,-23.1743143],[-45.8953233,-23.1744093],[-45.9061056,-23.1751402],[-45.9079128,-23.1752295],[-45.9088791,-23.1752121],[-45.9104194,-23.1750799],[-45.9115054,-23.1749012],[-45.9134196,-23.1745262],[-45.913955,-23.1757412],[-45.9140879,-23.176633],[-45.9151157,-23.1783184],[-45.9159261,-23.1798605],[-45.915917,-23.1806541],[-45.9151368,-23.1814253],[-45.9138919,-23.1822934],[-45.9125008,-23.1830547],[-45.9115575,-23.1833561],[-45.9110385,-23.1840451],[-45.9108073,-23.1848473],[-45.910785,-23.1854985],[-45.9111712,-23.1860559],[-45.9116141,-23.186398],[-45.9123067,-23.1864433],[-45.913081,-23.186403],[-45.9139123,-23.1854759],[-45.9144852,-23.1835922],[-45.9149421,-23.1831463],[-45.9154679,-23.1828657],[-45.9169901,-23.1824629],[-45.9176697,-23.1827275],[-45.9182069,-23.1834228],[-45.9184992,-23.1837089],[-45.9177234,-23.1843242],[-45.9172813,-23.1846996],[-45.9168803,-23.1850365],[-45.9166863,-23.1853913],[-45.916555,-23.1858605],[-45.9164971,-23.1864631],[-45.9163868,-23.1869704],[-45.9160525,-23.1879856],[-45.9156463,-23.1905977],[-45.9152299,-23.1932289],[-45.9148045,-23.1960514],[-45.9147756,-23.196367],[-45.9147769,-23.1965582],[-45.9147466,-23.1966635],[-45.914562,-23.196894],[-45.9139988,-23.1977098],[-45.9138146,-23.1979977],[-45.9134858,-23.1983055],[-45.9131673,-23.1986228],[-45.9129102,-23.198825],[-45.9125691,-23.1991957]]]}},{"type":"Feature","properties":{"id":2,"regiao":"Sudeste","populacao":46803},"geometry":{"type":"Polygon","coordinates":[[[-45.7928021,-23.2487253],[-45.7931917,-23.2485179],[-45.7934569,-23.2484719],[-45.7936622,-23.2484932],[-45.7939282,-23.2485811],[-45.7943499,-23.2484674],[-45.794797,-23.2475654],[-45.795344,-23.2471908],[-45.7960073,-23.2471205],[-45.7962957,-23.2469182],[-45.7965606,-23.2468053],[-45.7967404,-23.2466036],[-45.796945,-23.2465133],[-45.7971997,-23.2464816],[-45.7972556,-23.2464195],[-45.7975357,-23.2463255],[-45.7975987,-23.2462205],[-45.7977699,-23.2461095],[-45.7980037,-23.2458215],[-45.7984696,-23.2456574],[-45.7988118,-23.2451095],[-45.7989353,-23.2449595],[-45.7991427,-23.2448205],[-45.7993961,-23.2446934],[-45.7994429,-23.2446629],[-45.7996811,-23.2445074],[-45.7998695,-23.2441355],[-45.7998971,-23.2440122],[-45.7999352,-23.2438425],[-45.7998833,-23.2436996],[-45.7998849,-23.2434077],[-45.7999172,-23.2429784],[-45.7999266,-23.2427611],[-45.7999325,-23.242416],[-45.7997704,-23.2424041],[-45.7997643,-23.2421892],[-45.7997216,-23.2420312],[-45.7995924,-23.2419243],[-45.7994852,-23.2417857],[-45.799417,-23.2416975],[-45.799335,-23.2415915],[-45.7993105,-23.2415464],[-45.7992315,-23.2414006],[-45.7992063,-23.2413056],[-45.7991767,-23.2410428],[-45.7991552,-23.2408518],[-45.7992309,-23.240549],[-45.7992599,-23.2404329],[-45.7992849,-23.2403421],[-45.7994647,-23.2398819],[-45.799508,-23.2397631],[-45.7995458,-23.2395946],[-45.7995716,-23.2394792],[-45.7995066,-23.2390139],[-45.7994746,-23.238414],[-45.7995354,-23.2380895],[-45.7997572,-23.2377047],[-45.7999907,-23.2374527],[-45.800136,-23.2372038],[-45.8002314,-23.2369438],[-45.8002263,-23.2367229],[-45.8001638,-23.236535],[-45.7999359,-23.2362701],[-45.7999389,-23.2340034],[-45.7999518,-23.2335141],[-45.7998222,-23.2333352],[-45.7998111,-23.2331091],[-45.7997843,-23.2329773],[-45.799863,-23.2327864],[-45.7999018,-23.2325824],[-45.7999026,-23.2323355],[-45.799903,-23.2322125],[-45.7999297,-23.2320216],[-45.8000079,-23.2319016],[-45.8001239,-23.2317936],[-45.8002797,-23.2317326],[-45.800487,-23.2316116],[-45.8005441,-23.2314896],[-45.8006743,-23.2313631],[-45.800851,-23.2311916],[-45.8011473,-23.2310815],[-45.8014257,-23.2308515],[-45.8016149,-23.2306245],[-45.8017825,-23.2303416],[-45.8020564,-23.2300496],[-45.8025229,-23.2297126],[-45.8027877,-23.2295425],[-45.8029383,-23.2292556],[-45.8029453,-23.2290297],[-45.8029184,-23.2290157],[-45.8029192,-23.2286878],[-45.8030702,-23.2283718],[-45.8032252,-23.2280469],[-45.8033165,-23.2279089],[-45.8034867,-23.2276759],[-45.8035437,-23.227573],[-45.803563,-23.227531],[-45.8036159,-23.227437],[-45.8038039,-23.227231],[-45.8040239,-23.227033],[-45.8042128,-23.226956],[-45.8042768,-23.226853],[-45.8047316,-23.2265949],[-45.8055607,-23.2262318],[-45.8057094,-23.2260558],[-45.8058001,-23.2258708],[-45.805925,-23.2255609],[-45.8061704,-23.2253129],[-45.8063923,-23.2251279],[-45.8064564,-23.2249587],[-45.806462,-23.2249439],[-45.8064184,-23.22477],[-45.8064199,-23.2243631],[-45.8065296,-23.2239612],[-45.806629,-23.2235744],[-45.8067054,-23.2234234],[-45.8069141,-23.2232624],[-45.8070692,-23.2231584],[-45.8072373,-23.2230553],[-45.807484,-23.2228933],[-45.8076655,-23.2226293],[-45.807932,-23.2223773],[-45.8082742,-23.2222853],[-45.808586,-23.2221222],[-45.8088848,-23.2218412],[-45.808949,-23.2215893],[-45.8091188,-23.2215293],[-45.8093261,-23.2214092],[-45.8095715,-23.2212812],[-45.809895,-23.2211421],[-45.8100783,-23.2209032],[-45.8102525,-23.2205602],[-45.8105316,-23.2201233],[-45.8105462,-23.2199453],[-45.8103973,-23.2196875],[-45.8102493,-23.2195516],[-45.8101601,-23.2193267],[-45.8102078,-23.2191835],[-45.8102639,-23.2190148],[-45.8104462,-23.2187748],[-45.8106788,-23.2186307],[-45.8110421,-23.2185327],[-45.811284,-23.2184556],[-45.8118944,-23.2186614],[-45.812081,-23.2187862],[-45.8125168,-23.2182205],[-45.8141519,-23.2160985],[-45.8142589,-23.2159508],[-45.8169426,-23.2122489],[-45.8148635,-23.2103622],[-45.8152046,-23.2099433],[-45.8154375,-23.2096383],[-45.8155168,-23.2093824],[-45.8155997,-23.2092854],[-45.8158277,-23.2089754],[-45.8161453,-23.2087204],[-45.8165534,-23.2085273],[-45.8168253,-23.2084663],[-45.8171291,-23.2084112],[-45.8174915,-23.2083071],[-45.8176216,-23.2081931],[-45.8178478,-23.2080901],[-45.8184237,-23.2080629],[-45.8189607,-23.2080247],[-45.8191946,-23.2079527],[-45.8193504,-23.2077607],[-45.8193831,-23.2074548],[-45.8194676,-23.2071789],[-45.8197084,-23.2067779],[-45.8198971,-23.206377],[-45.8201061,-23.2059411],[-45.8202611,-23.2057361],[-45.8203062,-23.2056161],[-45.8203135,-23.2054602],[-45.8203336,-23.2052272],[-45.8206129,-23.2049972],[-45.8211454,-23.2046672],[-45.8215604,-23.2042592],[-45.8223112,-23.20404],[-45.8226862,-23.203755],[-45.8232439,-23.2034059],[-45.8236444,-23.2032798],[-45.8240408,-23.2030628],[-45.8241434,-23.2030068],[-45.8248421,-23.2029026],[-45.8255674,-23.2027414],[-45.8260729,-23.2027503],[-45.8268614,-23.202806],[-45.8276181,-23.2028317],[-45.8281622,-23.2027806],[-45.8288999,-23.2025674],[-45.8294176,-23.2025522],[-45.8301415,-23.202662],[-45.8304397,-23.2026899],[-45.831107,-23.2023938],[-45.8316885,-23.2024136],[-45.8322654,-23.2021655],[-45.8329118,-23.2022102],[-45.833391,-23.2020162],[-45.8337287,-23.2017571],[-45.8340064,-23.2017141],[-45.8346462,-23.2018238],[-45.8348596,-23.2018108],[-45.8358432,-23.2017515],[-45.8370808,-23.2011643],[-45.8374828,-23.2008732],[-45.8376697,-23.2005603],[-45.8385335,-23.1994324],[-45.8391572,-23.198391],[-45.8399491,-23.1973716],[-45.8401953,-23.1971646],[-45.8414015,-23.1957907],[-45.84183,-23.1953931],[-45.8425426,-23.1946737],[-45.8426996,-23.1945017],[-45.8428722,-23.1944564],[-45.8429651,-23.1944344],[-45.8430814,-23.1944338],[-45.8432436,-23.1943182],[-45.8438813,-23.193354],[-45.8446751,-23.1919762],[-45.8449932,-23.1915616],[-45.8453308,-23.190758],[-45.845502,-23.1905382],[-45.8457618,-23.1900975],[-45.845885,-23.1898883],[-45.8461265,-23.1894054],[-45.8463749,-23.1890676],[-45.8464661,-23.1887588],[-45.8464398,-23.1882857],[-45.8467822,-23.18723],[-45.8468892,-23.1869856],[-45.8469938,-23.1863541],[-45.8471008,-23.1861026],[-45.8471995,-23.1857723],[-45.8471352,-23.1853998],[-45.8469599,-23.1846609],[-45.8466001,-23.1841753],[-45.845778,-23.1836481],[-45.8451045,-23.1829566],[-45.8445331,-23.1824982],[-45.8438913,-23.182176],[-45.8433781,-23.1819905],[-45.8433154,-23.1817567],[-45.8432387,-23.1815692],[-45.8431861,-23.1814333],[-45.8431694,-23.181247],[-45.8432125,-23.1809363],[-45.8471026,-23.1829368],[-45.8512292,-23.1850968],[-45.8527928,-23.1858944],[-45.8539109,-23.1864542],[-45.8560217,-23.1874924],[-45.8594709,-23.1891765],[-45.8640622,-23.1914119],[-45.8640192,-23.1914779],[-45.8684901,-23.193686],[-45.8685701,-23.1937266],[-45.8726384,-23.1957774],[-45.8751409,-23.1971632],[-45.8773586,-23.1987469],[-45.878981,-23.2001213],[-45.8806804,-23.2016443],[-45.883642,-23.2044676],[-45.8824964,-23.2055509],[-45.8826083,-23.2057726],[-45.8826098,-23.205989],[-45.8825592,-23.2062056],[-45.882238,-23.2067722],[-45.8820061,-23.207086],[-45.8819622,-23.2073326],[-45.8820606,-23.2074703],[-45.8818231,-23.20781],[-45.8825396,-23.2082103],[-45.8828009,-23.207858],[-45.8846011,-23.2087696],[-45.8837603,-23.2099992],[-45.8834462,-23.2111247],[-45.883036,-23.2132973],[-45.8833311,-23.2137281],[-45.8831459,-23.214155],[-45.8826486,-23.2149163],[-45.8819614,-23.2158545],[-45.8812708,-23.2167196],[-45.8802737,-23.2178552],[-45.8791439,-23.2191928],[-45.87887,-23.2195581],[-45.8775489,-23.2210747],[-45.8761202,-23.2228009],[-45.8746575,-23.2244499],[-45.8729814,-23.2267502],[-45.8716452,-23.228483],[-45.8709379,-23.2292228],[-45.8702237,-23.2301246],[-45.8695272,-23.2311656],[-45.869296,-23.2316622],[-45.8691159,-23.2322979],[-45.8689863,-23.2329642],[-45.8686804,-23.2349622],[-45.8683447,-23.2366001],[-45.8680491,-23.2384868],[-45.8676392,-23.240552],[-45.8674178,-23.2420115],[-45.8671943,-23.2431508],[-45.8668132,-23.243722],[-45.8662395,-23.2442587],[-45.8652055,-23.2450113],[-45.8629849,-23.2467146],[-45.8596912,-23.2478167],[-45.8570517,-23.2486339],[-45.8549324,-23.2493626],[-45.8429306,-23.2533181],[-45.842445,-23.2534453],[-45.8397112,-23.2544289],[-45.8392256,-23.2547353],[-45.8385331,-23.2552402],[-45.8368861,-23.2563416],[-45.8357484,-23.257233],[-45.8331145,-23.2590659],[-45.8315,-23.260177],[-45.8266365,-23.2632515],[-45.8247085,-23.2644077],[-45.8236075,-23.265188],[-45.8216266,-23.2663769],[-45.8203172,-23.2672101],[-45.8201805,-23.2672911],[-45.8123559,-23.2647432],[-45.8117746,-23.2645639],[-45.8114752,-23.2644662],[-45.810664,-23.2641674],[-45.810161,-23.2639823],[-45.8098207,-23.2638366],[-45.8089684,-23.2634469],[-45.8084737,-23.2632001],[-45.8074461,-23.2626075],[-45.8068738,-23.2622392],[-45.8065688,-23.2620282],[-45.8061157,-23.2617097],[-45.8056691,-23.2613752],[-45.8052145,-23.2610263],[-45.8049287,-23.2607811],[-45.8033621,-23.2593065],[-45.8023979,-23.2584038],[-45.7992972,-23.2555131],[-45.7969027,-23.2531241],[-45.7963408,-23.2525615],[-45.7959001,-23.2521586],[-45.7953273,-23.2516035],[-45.7944448,-23.2506958],[-45.7936373,-23.2498107],[-45.7935013,-23.2496618],[-45.7932677,-23.2493715],[-45.7929809,-23.248982],[-45.7928021,-23.2487253]]]}},{"type":"Feature","properties":{"id":3,"regiao":"Norte","populacao":59800},"geometry":{"type":"Polygon","coordinates":[[[-45.9163946,-23.109952],[-45.9163969,-23.1099586],[-45.9164081,-23.110186],[-45.918153,-23.1106274],[-45.918149,-23.1106383],[-45.9181512,-23.1106388],[-45.9181021,-23.1107716],[-45.9180577,-23.1109219],[-45.9180329,-23.1110069],[-45.9179911,-23.1110954],[-45.9179621,-23.1111383],[-45.9179236,-23.1112257],[-45.9178851,-23.1113131],[-45.9178443,-23.1114307],[-45.9178035,-23.1115483],[-45.9177624,-23.1116322],[-45.9177212,-23.1117161],[-45.9176537,-23.1118326],[-45.9181184,-23.1121837],[-45.918112,-23.1121876],[-45.9181128,-23.1121882],[-45.9180414,-23.1122329],[-45.9179277,-23.112364],[-45.9180248,-23.112501],[-45.9180238,-23.1125062],[-45.9180252,-23.1125082],[-45.9180078,-23.1126],[-45.918006,-23.1126003],[-45.9180055,-23.1126028],[-45.9178691,-23.1126205],[-45.9177383,-23.1127267],[-45.9177128,-23.1129604],[-45.9176335,-23.1132195],[-45.9174004,-23.113421],[-45.9172835,-23.113455],[-45.9171308,-23.1135393],[-45.9169331,-23.1136239],[-45.9168526,-23.1137161],[-45.9166916,-23.1139005],[-45.9164675,-23.1140937],[-45.9164639,-23.1140946],[-45.9164617,-23.1140965],[-45.91626,-23.1141487],[-45.9160322,-23.1141416],[-45.9158232,-23.1141008],[-45.9156435,-23.1140438],[-45.9154757,-23.1140448],[-45.9153227,-23.1141003],[-45.9152248,-23.1142844],[-45.9151807,-23.1144348],[-45.9151189,-23.114627],[-45.9151201,-23.1148021],[-45.9150851,-23.1149525],[-45.9150135,-23.1150363],[-45.9148257,-23.1152918],[-45.9148016,-23.1153519],[-45.9147084,-23.1155614],[-45.9146997,-23.1155803],[-45.9146331,-23.1157209],[-45.9145847,-23.1158094],[-45.9145558,-23.1158557],[-45.9145321,-23.1159324],[-45.9145132,-23.1159869],[-45.9144317,-23.116199],[-45.914415,-23.1162392],[-45.9142381,-23.1166378],[-45.9140244,-23.1171337],[-45.9138649,-23.1175289],[-45.9138319,-23.1176009],[-45.9135149,-23.1182173],[-45.9134429,-23.1183869],[-45.913309,-23.1187182],[-45.9133006,-23.1187384],[-45.9131561,-23.1190714],[-45.9131241,-23.1191373],[-45.9130345,-23.1193039],[-45.9129746,-23.1193999],[-45.9128656,-23.1195523],[-45.9128151,-23.1196166],[-45.9127193,-23.1197279],[-45.9126675,-23.1197833],[-45.9125218,-23.119927],[-45.9124508,-23.1199902],[-45.9122319,-23.1201665],[-45.9122255,-23.1201716],[-45.91178,-23.1205242],[-45.9117612,-23.1205386],[-45.9112133,-23.1209507],[-45.9106757,-23.1213712],[-45.9105701,-23.1214603],[-45.9105222,-23.1215154],[-45.9104626,-23.1216004],[-45.9103998,-23.1217258],[-45.9103764,-23.1218017],[-45.910361,-23.1219942],[-45.9103545,-23.1223698],[-45.9103505,-23.122438],[-45.9103306,-23.1226382],[-45.9103182,-23.1227211],[-45.9102565,-23.1230268],[-45.9102024,-23.1231986],[-45.9100769,-23.1234868],[-45.9099851,-23.1236484],[-45.9098129,-23.1238887],[-45.9097406,-23.1239773],[-45.9096233,-23.1241039],[-45.9095443,-23.1242193],[-45.9094332,-23.1243523],[-45.9092922,-23.1244921],[-45.9092615,-23.1245353],[-45.9092232,-23.1246313],[-45.9091894,-23.1247546],[-45.9091712,-23.1249223],[-45.9091539,-23.1250233],[-45.9091108,-23.1252075],[-45.9090388,-23.1254031],[-45.9089378,-23.1256001],[-45.9088381,-23.1257532],[-45.9086942,-23.1259316],[-45.9086706,-23.1259732],[-45.9086491,-23.1260391],[-45.908641,-23.1260768],[-45.9086416,-23.1261095],[-45.9086916,-23.1265235],[-45.9087143,-23.1265332],[-45.9089923,-23.1266191],[-45.9090389,-23.1266348],[-45.9094222,-23.1267737],[-45.9095895,-23.1268522],[-45.909731,-23.1269353],[-45.9099241,-23.1270841],[-45.9100485,-23.1272084],[-45.9102445,-23.1275006],[-45.9103171,-23.127677],[-45.9103649,-23.1278344],[-45.9104008,-23.1280146],[-45.910417,-23.1281667],[-45.9104206,-23.1284238],[-45.9104207,-23.1284377],[-45.9104192,-23.129077],[-45.9104191,-23.129093],[-45.9104045,-23.1297727],[-45.9103988,-23.1306273],[-45.9103959,-23.1306911],[-45.9103798,-23.1308841],[-45.9103687,-23.1309673],[-45.9102999,-23.1313382],[-45.9102034,-23.131603],[-45.9101678,-23.1316476],[-45.9135422,-23.133525],[-45.915816,-23.1345157],[-45.9160344,-23.1345882],[-45.9164679,-23.1346204],[-45.917119,-23.1346492],[-45.9173524,-23.1346375],[-45.9181893,-23.1346488],[-45.9186982,-23.1346479],[-45.9189554,-23.1346421],[-45.9192464,-23.1346206],[-45.9194427,-23.1345749],[-45.9202826,-23.1343639],[-45.9205273,-23.134295],[-45.9208247,-23.1342216],[-45.9210103,-23.1344844],[-45.9214722,-23.1419994],[-45.9219345,-23.141553],[-45.9221182,-23.1414136],[-45.9222389,-23.1413779],[-45.9226628,-23.1414627],[-45.9231288,-23.141652],[-45.9236136,-23.1416949],[-45.9238108,-23.1416297],[-45.9240863,-23.1414269],[-45.9242823,-23.1411788],[-45.9246593,-23.1407903],[-45.9256673,-23.1408532],[-45.9259045,-23.1412618],[-45.9258355,-23.1413636],[-45.9255874,-23.1415984],[-45.9250488,-23.1424721],[-45.9245457,-23.1427811],[-45.9238366,-23.1429559],[-45.9239402,-23.1436313],[-45.9235857,-23.1436907],[-45.9234544,-23.1450552],[-45.923418,-23.1451235],[-45.9233528,-23.1451879],[-45.9235767,-23.145511],[-45.9237541,-23.1463402],[-45.9238583,-23.1463431],[-45.9238996,-23.1463238],[-45.9239739,-23.1463042],[-45.9240605,-23.1462876],[-45.9242097,-23.1463028],[-45.9242967,-23.1463176],[-45.924392,-23.14634],[-45.9245578,-23.1463696],[-45.9247648,-23.1463989],[-45.9250051,-23.1464433],[-45.9251336,-23.1464693],[-45.9253449,-23.1465177],[-45.9255726,-23.1465431],[-45.9256885,-23.1465386],[-45.9258579,-23.1465033],[-45.926052,-23.1464563],[-45.9263083,-23.146428],[-45.9264863,-23.1464308],[-45.9266105,-23.1464492],[-45.9267181,-23.1464447],[-45.9269078,-23.1464307],[-45.9270641,-23.1463712],[-45.927415,-23.1462047],[-45.9277952,-23.1464083],[-45.928026,-23.14664],[-45.9280463,-23.1466554],[-45.9280632,-23.146677],[-45.9280869,-23.1466893],[-45.9280954,-23.1467064],[-45.928114,-23.146728],[-45.9281293,-23.1467466],[-45.9281496,-23.146762],[-45.92817,-23.1467868],[-45.9281936,-23.1468053],[-45.9282072,-23.1468239],[-45.9282208,-23.1468486],[-45.9282361,-23.1468688],[-45.9282548,-23.146892],[-45.9282717,-23.1469074],[-45.9282988,-23.1469383],[-45.9283242,-23.1469568],[-45.9283378,-23.1469738],[-45.9283547,-23.1469846],[-45.9283666,-23.1470016],[-45.9283835,-23.1470249],[-45.9283971,-23.1470434],[-45.9284107,-23.1470651],[-45.9284176,-23.1470931],[-45.9284296,-23.1471132],[-45.9284398,-23.1471349],[-45.9284517,-23.1471581],[-45.9284641,-23.1471826],[-45.9284744,-23.147212],[-45.9284915,-23.147257],[-45.9285018,-23.1472896],[-45.9285071,-23.1473206],[-45.9285157,-23.1473579],[-45.9285227,-23.1473952],[-45.928528,-23.1474231],[-45.9285315,-23.1474495],[-45.9285401,-23.1474743],[-45.9285504,-23.1475022],[-45.928554,-23.1475333],[-45.9285559,-23.1475721],[-45.9285544,-23.1476032],[-45.9285547,-23.1476359],[-45.9285532,-23.1476654],[-45.9285484,-23.1477012],[-45.928552,-23.1477385],[-45.9285506,-23.1477758],[-45.9285508,-23.1478069],[-45.9285526,-23.1478286],[-45.9285511,-23.1478535],[-45.9285513,-23.1478768],[-45.928548,-23.1478924],[-45.9285447,-23.1479229],[-45.9285367,-23.1479712],[-45.9285369,-23.1480038],[-45.9285271,-23.1480474],[-45.9285257,-23.1480863],[-45.9285175,-23.1481127],[-45.9285127,-23.1481516],[-45.9285095,-23.1481843],[-45.9285031,-23.1482201],[-45.9284932,-23.1482543],[-45.9284884,-23.1482901],[-45.928477,-23.148343],[-45.9284689,-23.1483881],[-45.9284641,-23.1484223],[-45.9284542,-23.1484473],[-45.9284493,-23.1484784],[-45.9284444,-23.1484998],[-45.9284362,-23.1485309],[-45.928433,-23.1485558],[-45.9284281,-23.1485838],[-45.9284232,-23.1486056],[-45.9284167,-23.1486367],[-45.9284102,-23.1486678],[-45.9283969,-23.148699],[-45.9283853,-23.1487239],[-45.9283721,-23.1487504],[-45.9283656,-23.1487831],[-45.928354,-23.1488127],[-45.9283424,-23.1488361],[-45.9283308,-23.1488672],[-45.9283192,-23.148886],[-45.9283092,-23.1489093],[-45.928296,-23.1489327],[-45.928286,-23.1489577],[-45.928271,-23.1489764],[-45.9282644,-23.148992],[-45.9282578,-23.1490107],[-45.9282562,-23.1490247],[-45.9282446,-23.1490449],[-45.9282229,-23.149073],[-45.9282129,-23.1490871],[-45.9281979,-23.1491105],[-45.9281896,-23.1491261],[-45.9281763,-23.1491613],[-45.9281648,-23.1491987],[-45.9281582,-23.1492173],[-45.9281483,-23.1492438],[-45.9281367,-23.1492688],[-45.9281251,-23.1492937],[-45.9281118,-23.1493218],[-45.9280985,-23.1493436],[-45.9280886,-23.1493623],[-45.9280769,-23.1493841],[-45.9280737,-23.1493981],[-45.9280654,-23.1494215],[-45.9280555,-23.1494449],[-45.9280405,-23.1494683],[-45.9280272,-23.1494886],[-45.9280172,-23.1495088],[-45.9280056,-23.1495275],[-45.9279889,-23.1495494],[-45.9279756,-23.1495666],[-45.9279456,-23.1496118],[-45.9279374,-23.1496367],[-45.9279274,-23.1496523],[-45.9279107,-23.1496797],[-45.9278941,-23.1497109],[-45.9278824,-23.1497358],[-45.9278692,-23.1497592],[-45.9278542,-23.1497873],[-45.9278443,-23.1498153],[-45.927831,-23.1498403],[-45.9278177,-23.1498605],[-45.9278077,-23.1498793],[-45.9277995,-23.149898],[-45.9277912,-23.1499182],[-45.9277812,-23.1499369],[-45.9277712,-23.1499525],[-45.9277663,-23.1499665],[-45.9277597,-23.1499868],[-45.9277497,-23.1500039],[-45.9277414,-23.1500226],[-45.9277382,-23.150046],[-45.9277333,-23.1500662],[-45.9277267,-23.1500849],[-45.9277219,-23.1501098],[-45.9277103,-23.1501512],[-45.9277004,-23.150187],[-45.927699,-23.1502212],[-45.9276941,-23.1502476],[-45.9276909,-23.1502694],[-45.9276877,-23.1502881],[-45.9276845,-23.1503099],[-45.9276813,-23.1503394],[-45.9276747,-23.1503628],[-45.9276682,-23.150383],[-45.9276616,-23.1504064],[-45.9276533,-23.1504297],[-45.9276451,-23.1504531],[-45.9276368,-23.1504749],[-45.9276235,-23.1504936],[-45.9276085,-23.1505108],[-45.9275968,-23.1505264],[-45.9275868,-23.150542],[-45.927582,-23.1505685],[-45.9275787,-23.150584],[-45.9275772,-23.1506058],[-45.9275773,-23.1506198],[-45.9275739,-23.1506555],[-45.9275741,-23.150685],[-45.927576,-23.1507145],[-45.9275811,-23.1507316],[-45.9275813,-23.1507502],[-45.9275798,-23.1507767],[-45.9275799,-23.1508],[-45.9275767,-23.1508186],[-45.9275718,-23.1508389],[-45.9275702,-23.1508575],[-45.927567,-23.1508778],[-45.9275588,-23.1509027],[-45.9275522,-23.150926],[-45.9275456,-23.150954],[-45.9275353,-23.1509895],[-45.9275285,-23.1510241],[-45.9275218,-23.1510566],[-45.9275219,-23.1510847],[-45.9275198,-23.1511085],[-45.92752,-23.1511366],[-45.9275177,-23.1511517],[-45.9275156,-23.1511776],[-45.9275157,-23.1512014],[-45.9275182,-23.1512187],[-45.927523,-23.1512446],[-45.9275279,-23.1512662],[-45.9275373,-23.1512748],[-45.9275421,-23.1512942],[-45.9275422,-23.1513115],[-45.9275494,-23.1513309],[-45.9275565,-23.1513524],[-45.9275661,-23.1513805],[-45.9275827,-23.1514171],[-45.9276016,-23.1514472],[-45.9276158,-23.1514709],[-45.9276301,-23.1515076],[-45.927649,-23.1515399],[-45.9276609,-23.1515701],[-45.9276752,-23.1516002],[-45.927687,-23.1516239],[-45.9276942,-23.1516455],[-45.9276943,-23.1516628],[-45.9277037,-23.1516692],[-45.9277178,-23.1516821],[-45.9277273,-23.1516972],[-45.9277368,-23.1517166],[-45.9277393,-23.1517512],[-45.927754,-23.1517896],[-45.9277628,-23.1518241],[-45.9277775,-23.1518652],[-45.927785,-23.1519024],[-45.9277952,-23.1519329],[-45.9278084,-23.1519634],[-45.9278159,-23.1520032],[-45.9278291,-23.152043],[-45.9278293,-23.1520789],[-45.9278354,-23.1521214],[-45.9278365,-23.1521785],[-45.927839,-23.1522614],[-45.927845,-23.1523055],[-45.9278416,-23.1523602],[-45.9278361,-23.1523902],[-45.9278363,-23.152422],[-45.9278327,-23.1524538],[-45.9278332,-23.1525243],[-45.9278295,-23.1525544],[-45.9278279,-23.1525914],[-45.9278243,-23.152625],[-45.9278245,-23.1526585],[-45.9278228,-23.1526902],[-45.9278174,-23.1527256],[-45.9278064,-23.1528047],[-45.9278067,-23.1528435],[-45.9278013,-23.1528824],[-45.927792,-23.1529283],[-45.9277829,-23.1529848],[-45.9277738,-23.1530484],[-45.9277665,-23.1531014],[-45.9277592,-23.1531579],[-45.92775,-23.1532091],[-45.9277315,-23.1532851],[-45.9277259,-23.1533151],[-45.9277129,-23.1533628],[-45.9277018,-23.1534105],[-45.9276944,-23.1534441],[-45.9276794,-23.1534848],[-45.9276531,-23.1535551],[-45.9276325,-23.1536081],[-45.927606,-23.1536506],[-45.9275834,-23.1536913],[-45.9275589,-23.153732],[-45.9275458,-23.1537692],[-45.9275211,-23.1537975],[-45.927506,-23.1538223],[-45.9274795,-23.153856],[-45.9274511,-23.1538897],[-45.9274304,-23.1539286],[-45.9274115,-23.1539552],[-45.9274002,-23.1539817],[-45.9273755,-23.1540031],[-45.9273604,-23.1540261],[-45.9273586,-23.1540437],[-45.9273473,-23.1540615],[-45.9273264,-23.154081],[-45.9273055,-23.1541005],[-45.9272884,-23.1541165],[-45.9272752,-23.1541378],[-45.9272658,-23.1541572],[-45.9272469,-23.1541803],[-45.9272165,-23.1542087],[-45.9271957,-23.154237],[-45.9271806,-23.1542548],[-45.9271768,-23.1542707],[-45.9271598,-23.1542849],[-45.927129,-23.1543198],[-45.9271101,-23.1543464],[-45.9270874,-23.154373],[-45.9270627,-23.1543996],[-45.9270362,-23.1544245],[-45.9270115,-23.1544511],[-45.9269812,-23.1544795],[-45.9269584,-23.1545026],[-45.926928,-23.1545239],[-45.9269014,-23.154547],[-45.926873,-23.1545754],[-45.9268503,-23.154602],[-45.9268161,-23.1546287],[-45.9267933,-23.1546518],[-45.9267667,-23.154666],[-45.9267477,-23.1546873],[-45.9267384,-23.1547103],[-45.9267155,-23.1547228],[-45.926689,-23.1547459],[-45.92667,-23.1547636],[-45.9266548,-23.1547814],[-45.9266378,-23.1548044],[-45.926615,-23.1548187],[-45.9265922,-23.1548382],[-45.9265637,-23.1548578],[-45.9265485,-23.1548702],[-45.9265314,-23.1548897],[-45.9264984,-23.1549283],[-45.9264737,-23.1549496],[-45.9264395,-23.1549727],[-45.9264224,-23.1549816],[-45.9263996,-23.1550012],[-45.9263883,-23.1550224],[-45.9263579,-23.1550455],[-45.9263218,-23.1550757],[-45.9262934,-23.1550988],[-45.9262724,-23.1551025],[-45.9262572,-23.1551238],[-45.926223,-23.1551469],[-45.9261812,-23.1551736],[-45.9261451,-23.1552003],[-45.9261357,-23.1552197],[-45.9261129,-23.155234],[-45.9260901,-23.1552465],[-45.926052,-23.1552696],[-45.9260483,-23.1552891],[-45.9260198,-23.1553016],[-45.9260065,-23.1553158],[-45.9259913,-23.1553317],[-45.9259704,-23.1553478],[-45.9259457,-23.1553585],[-45.9259286,-23.1553709],[-45.9259058,-23.1553852],[-45.9258906,-23.1553994],[-45.9258735,-23.1554101],[-45.9258564,-23.1554225],[-45.9258273,-23.1554533],[-45.9258006,-23.1554694],[-45.9257835,-23.1554748],[-45.9257512,-23.1554961],[-45.9257208,-23.1555263],[-45.9256867,-23.1555565],[-45.925662,-23.1555743],[-45.9256392,-23.1555885],[-45.9256277,-23.1555957],[-45.9256088,-23.1556099],[-45.9255993,-23.1556276],[-45.9255746,-23.1556489],[-45.9255519,-23.1556684],[-45.9255234,-23.1556915],[-45.9255025,-23.1557128],[-45.9254912,-23.1557323],[-45.9254703,-23.1557466],[-45.9254242,-23.1557758],[-45.9253958,-23.1558112],[-45.9253768,-23.155829],[-45.9253598,-23.1558538],[-45.9253295,-23.1558892],[-45.9253067,-23.1559123],[-45.9252821,-23.1559389],[-45.9252593,-23.1559673],[-45.9252404,-23.1559921],[-45.9252214,-23.1560099],[-45.9252044,-23.1560276],[-45.925195,-23.1560453],[-45.9251874,-23.1560612],[-45.9251723,-23.1560807],[-45.9251553,-23.1561038],[-45.925142,-23.1561215],[-45.9251192,-23.156141],[-45.9251003,-23.1561711],[-45.9250776,-23.156196],[-45.9250625,-23.1562172],[-45.9250454,-23.1562403],[-45.9250266,-23.1562721],[-45.9250134,-23.1562969],[-45.9249944,-23.1563217],[-45.9249869,-23.1563323],[-45.9249774,-23.156343],[-45.9249585,-23.156366],[-45.9249471,-23.156382],[-45.9249358,-23.1564032],[-45.924915,-23.1564333],[-45.9249018,-23.1564511],[-45.9248634,-23.1564897],[-45.9248465,-23.1565268],[-45.9248181,-23.1565605],[-45.9247954,-23.1565924],[-45.9247898,-23.1566171],[-45.9247766,-23.1566419],[-45.924752,-23.1566756],[-45.9245628,-23.1569712],[-45.9245979,-23.1573971],[-45.9245858,-23.1575719],[-45.9245317,-23.1578227],[-45.924435,-23.157993],[-45.924408,-23.1581379],[-45.9244058,-23.1582575],[-45.9244037,-23.1584438],[-45.924419,-23.158591],[-45.924504,-23.1587473],[-45.9245937,-23.158837],[-45.9247833,-23.1590507],[-45.9249106,-23.1591979],[-45.9249505,-23.159253],[-45.9251381,-23.1596554],[-45.9252555,-23.1598784],[-45.9253529,-23.1600164],[-45.9255026,-23.1601842],[-45.9255598,-23.1602341],[-45.9255744,-23.1602931],[-45.9256266,-23.1602908],[-45.9257747,-23.1602926],[-45.9258966,-23.1603039],[-45.9259892,-23.16032],[-45.9260896,-23.1603516],[-45.9261812,-23.1603846],[-45.9262627,-23.1604136],[-45.9263297,-23.1604454],[-45.9264127,-23.1604905],[-45.9265088,-23.1605409],[-45.9266371,-23.1606206],[-45.9267557,-23.1606835],[-45.9268606,-23.1607526],[-45.9269772,-23.160823],[-45.9271274,-23.16092],[-45.9272665,-23.161007],[-45.9276613,-23.1612313],[-45.9278293,-23.1613296],[-45.9279884,-23.1614021],[-45.9283372,-23.1615782],[-45.9285117,-23.161682],[-45.9286901,-23.1618137],[-45.9289066,-23.1619837],[-45.9291079,-23.1621432],[-45.9292748,-23.1622366],[-45.929415,-23.1622916],[-45.9295558,-23.1623267],[-45.9296691,-23.1623475],[-45.9297701,-23.1623686],[-45.9298921,-23.162384],[-45.9299807,-23.1623915],[-45.9300924,-23.1623962],[-45.9302114,-23.1623969],[-45.9303058,-23.162395],[-45.9304088,-23.1623917],[-45.9305826,-23.1623934],[-45.930716,-23.1623872],[-45.9308695,-23.1623969],[-45.9310597,-23.1623924],[-45.9312095,-23.1623645],[-45.9313006,-23.1623516],[-45.9314306,-23.1623574],[-45.931771,-23.1620943],[-45.9318839,-23.1620194],[-45.9319531,-23.1619751],[-45.932026,-23.1619078],[-45.9321137,-23.1618191],[-45.9322296,-23.1617404],[-45.9323351,-23.1616654],[-45.9324299,-23.1616108],[-45.9325413,-23.1615373],[-45.9327992,-23.1614346],[-45.9331452,-23.161384],[-45.9333157,-23.1613223],[-45.9337093,-23.1611824],[-45.9339985,-23.1611645],[-45.9341566,-23.1612161],[-45.9344113,-23.1612753],[-45.9345426,-23.1612462],[-45.9346783,-23.1612252],[-45.9347876,-23.1611719],[-45.9349099,-23.1611105],[-45.9350671,-23.1610246],[-45.9353159,-23.1609444],[-45.9353861,-23.1608851],[-45.9354557,-23.1608078],[-45.9355557,-23.1606898],[-45.9357471,-23.1604823],[-45.9358693,-23.1603966],[-45.9360925,-23.1603508],[-45.9361978,-23.1603542],[-45.9362635,-23.1603578],[-45.9363995,-23.1603732],[-45.936518,-23.1603887],[-45.9366013,-23.1603923],[-45.9367156,-23.1604039],[-45.9368484,-23.1604458],[-45.9369579,-23.1604811],[-45.9371028,-23.1605266],[-45.9371723,-23.1605467],[-45.9372997,-23.1605864],[-45.9374842,-23.160646],[-45.9379148,-23.1607932],[-45.938574,-23.1610401],[-45.9388556,-23.1611882],[-45.9390404,-23.1612883],[-45.9392738,-23.1614326],[-45.9394232,-23.1614924],[-45.9395901,-23.1615359],[-45.9397394,-23.1615674],[-45.9399106,-23.1616028],[-45.9400027,-23.1616144],[-45.9400949,-23.161626],[-45.9403009,-23.1616247],[-45.9404631,-23.1616278],[-45.9406428,-23.1616227],[-45.940823,-23.1616945],[-45.941012,-23.1617544],[-45.9411521,-23.1617761],[-45.9413015,-23.1617847],[-45.9413978,-23.161776],[-45.9415161,-23.1617591],[-45.9416869,-23.1617338],[-45.9419322,-23.1617161],[-45.9421162,-23.1617029],[-45.9422599,-23.1617055],[-45.9423166,-23.16174],[-45.942637,-23.1617284],[-45.943008,-23.1616734],[-45.9434078,-23.1616578],[-45.943727,-23.1616823],[-45.9441219,-23.1616404],[-45.9443308,-23.1615644],[-45.9446162,-23.1615275],[-45.9448402,-23.1615526],[-45.9450978,-23.1616257],[-45.9454195,-23.1616936],[-45.9457612,-23.1616666],[-45.9458637,-23.161656],[-45.9459628,-23.1616076],[-45.9461438,-23.1615807],[-45.9463668,-23.1615923],[-45.946569,-23.1616168],[-45.9467991,-23.1616475],[-45.9468828,-23.1616663],[-45.9471199,-23.1616971],[-45.9473501,-23.1616987],[-45.9474992,-23.1616978],[-45.9476843,-23.161713],[-45.9477853,-23.1617074],[-45.9479143,-23.1617244],[-45.9481234,-23.1617296],[-45.9483464,-23.1617476],[-45.9484718,-23.1617468],[-45.9487947,-23.1617577],[-45.9489287,-23.1617709],[-45.9491107,-23.1617855],[-45.9492484,-23.1618028],[-45.9493947,-23.1618356],[-45.9494984,-23.1618744],[-45.9496466,-23.1619449],[-45.9498181,-23.1619986],[-45.9499929,-23.1621004],[-45.9501676,-23.1621829],[-45.9503186,-23.162278],[-45.9505808,-23.162392],[-45.9507475,-23.1624558],[-45.9509219,-23.1625062],[-45.9510265,-23.1625248],[-45.9511867,-23.1625303],[-45.9513399,-23.1625358],[-45.9516181,-23.1624982],[-45.9517884,-23.1624859],[-45.9519555,-23.1624455],[-45.9521043,-23.1624053],[-45.9522509,-23.1623696],[-45.9523969,-23.162343],[-45.9525567,-23.1622906],[-45.9526955,-23.1622255],[-45.9528203,-23.1621476],[-45.952952,-23.1620632],[-45.9531737,-23.1618947],[-45.9533537,-23.1617587],[-45.9534334,-23.1616501],[-45.9535911,-23.1615873],[-45.953737,-23.1615639],[-45.9539377,-23.161543],[-45.9540695,-23.1615486],[-45.9541954,-23.1615614],[-45.954299,-23.1615861],[-45.954385,-23.1615928],[-45.9546069,-23.161663],[-45.9547258,-23.1616988],[-45.9549118,-23.1617595],[-45.9550613,-23.161823],[-45.9552597,-23.1618647],[-45.955368,-23.1618697],[-45.9555319,-23.1618516],[-45.9557855,-23.1618243],[-45.9560363,-23.1618399],[-45.9562095,-23.1618189],[-45.9564167,-23.1618005],[-45.9566239,-23.1617878],[-45.95676,-23.1617756],[-45.9569023,-23.1617718],[-45.9569735,-23.1617714],[-45.9570602,-23.1617794],[-45.9571502,-23.1618046],[-45.9572619,-23.1618582],[-45.9573397,-23.1619063],[-45.9574297,-23.1619458],[-45.9575291,-23.1619994],[-45.9576252,-23.1620217],[-45.9577614,-23.1620323],[-45.9578541,-23.1620089],[-45.9579807,-23.1619624],[-45.9580918,-23.1619246],[-45.9582709,-23.1618664],[-45.9583975,-23.1618256],[-45.9585858,-23.1617996],[-45.9587813,-23.1618375],[-45.9588776,-23.161877],[-45.9589304,-23.1619166],[-45.9589835,-23.1619792],[-45.9590303,-23.162036],[-45.9590959,-23.1621242],[-45.9591428,-23.1621896],[-45.9591741,-23.1622323],[-45.9592521,-23.1623204],[-45.9592953,-23.1623551],[-45.9593869,-23.1623995],[-45.9594723,-23.1624215],[-45.9595606,-23.1624294],[-45.9597511,-23.162423],[-45.9598191,-23.1624198],[-45.9599924,-23.1624158],[-45.9600822,-23.1624267],[-45.9602433,-23.1624486],[-45.9603735,-23.1624764],[-45.9604726,-23.1624843],[-45.9605779,-23.1625037],[-45.9606957,-23.162523],[-45.9607886,-23.1625396],[-45.9608879,-23.1625647],[-45.9609996,-23.1626068],[-45.9611268,-23.1626489],[-45.9612509,-23.1626939],[-45.9614,-23.1627217],[-45.961573,-23.1627262],[-45.9617885,-23.1627386],[-45.9619116,-23.1627927],[-45.9620544,-23.1629088],[-45.9621128,-23.1630218],[-45.9621627,-23.1631919],[-45.9621967,-23.163262],[-45.9622585,-23.1633882],[-45.9623356,-23.1635367],[-45.9624064,-23.1636544],[-45.9624833,-23.1637721],[-45.9625512,-23.1638794],[-45.9626149,-23.1639874],[-45.9626699,-23.1640606],[-45.962746,-23.1641491],[-45.9628052,-23.1642184],[-45.9628705,-23.1643066],[-45.9629953,-23.1644185],[-45.9630544,-23.1644878],[-45.963193,-23.1645988],[-45.9633459,-23.1647104],[-45.9634938,-23.1648174],[-45.9636446,-23.1649447],[-45.9637879,-23.1650483],[-45.9639775,-23.1651826],[-45.9640617,-23.165244],[-45.9642218,-23.1653552],[-45.9642936,-23.1654206],[-45.9643904,-23.1655234],[-45.9645052,-23.1656678],[-45.9645667,-23.165763],[-45.964665,-23.1658834],[-45.9647904,-23.1659882],[-45.9648809,-23.1660757],[-45.9650477,-23.1662129],[-45.9651509,-23.1663015],[-45.9652374,-23.1663607],[-45.9653085,-23.1664102],[-45.9653574,-23.1664628],[-45.9654167,-23.1665475],[-45.9654722,-23.1666827],[-45.9655264,-23.1667737],[-45.9656093,-23.1669317],[-45.9657054,-23.1670217],[-45.965793,-23.1670815],[-45.9658833,-23.1671313],[-45.9660282,-23.1671832],[-45.9661923,-23.1672653],[-45.96634,-23.1673373],[-45.9665037,-23.1673665],[-45.9666101,-23.1673734],[-45.9667898,-23.1673522],[-45.9669941,-23.1673308],[-45.9671169,-23.1673527],[-45.9672917,-23.1674019],[-45.9673912,-23.1674721],[-45.967415,-23.1674948],[-45.967527,-23.1676608],[-45.9676323,-23.1678397],[-45.9677099,-23.1679604],[-45.9677813,-23.1680279],[-45.9680015,-23.1681066],[-45.9681255,-23.168144],[-45.9682485,-23.1681936],[-45.9683306,-23.1682359],[-45.9684461,-23.1683736],[-45.9685896,-23.1686243],[-45.9687984,-23.1688494],[-45.9689573,-23.1689853],[-45.9691455,-23.1691252],[-45.9692989,-23.1692524],[-45.9694105,-23.1693607],[-45.9695919,-23.1695263],[-45.9696763,-23.1696416],[-45.9698023,-23.1697389],[-45.9699419,-23.1698161],[-45.9701033,-23.1699006],[-45.9703032,-23.1700327],[-45.9703912,-23.1701404],[-45.970466,-23.170306],[-45.9705208,-23.1705141],[-45.970626,-23.1706865],[-45.9707239,-23.1708077],[-45.9708426,-23.1709288],[-45.9711095,-23.1710895],[-45.9712824,-23.1712596],[-45.9715187,-23.1715147],[-45.9716478,-23.1716523],[-45.9717963,-23.1718351],[-45.971972,-23.1720177],[-45.9720793,-23.1721554],[-45.9721596,-23.1723235],[-45.972224,-23.1725596],[-45.9722909,-23.1728108],[-45.9723542,-23.1729386],[-45.9724813,-23.1730939],[-45.9726731,-23.1732311],[-45.9728288,-23.1732804],[-45.9729735,-23.1733148],[-45.9730643,-23.1734325],[-45.9731417,-23.1735804],[-45.9732449,-23.1738993],[-45.9733679,-23.1741566],[-45.973536,-23.1743992],[-45.9737328,-23.1746536],[-45.973911,-23.174801],[-45.9740752,-23.1748981],[-45.9742289,-23.175038],[-45.9743457,-23.1753619],[-45.9744485,-23.1756304],[-45.974501,-23.1757232],[-45.9746418,-23.1758731],[-45.9747563,-23.1759707],[-45.9751145,-23.1761371],[-45.9752649,-23.1761965],[-45.9754046,-23.1763013],[-45.9755362,-23.1764012],[-45.975832,-23.1765956],[-45.9759114,-23.1766529],[-45.9761168,-23.1767775],[-45.976328,-23.1769674],[-45.9764158,-23.1770448],[-45.9766189,-23.1772348],[-45.9767891,-23.1774023],[-45.9769836,-23.1775344],[-45.9771505,-23.1776265],[-45.9772598,-23.1776585],[-45.9774151,-23.1776475],[-45.9775458,-23.177624],[-45.9776791,-23.177593],[-45.977837,-23.1775618],[-45.9779026,-23.1775866],[-45.9779739,-23.1776566],[-45.978016,-23.1778123],[-45.9780276,-23.1779154],[-45.9780475,-23.1780285],[-45.9780899,-23.1782371],[-45.9781506,-23.1783424],[-45.9782524,-23.1784625],[-45.9784118,-23.1786502],[-45.9785163,-23.1787678],[-45.9786457,-23.1789482],[-45.9787454,-23.1791614],[-45.9788041,-23.1793649],[-45.9789006,-23.1795228],[-45.9789993,-23.1795951],[-45.9791854,-23.1796946],[-45.9793195,-23.1797768],[-45.9794921,-23.1798864],[-45.979615,-23.1799259],[-45.9797296,-23.1799428],[-45.9799993,-23.1799235],[-45.9802009,-23.1799021],[-45.9803452,-23.1798786],[-45.9805206,-23.1798684],[-45.9807217,-23.17988],[-45.9809686,-23.1798956],[-45.9811685,-23.1799037],[-45.9813622,-23.1799175],[-45.9816841,-23.1799558],[-45.9818232,-23.1799751],[-45.9819297,-23.1799995],[-45.9820231,-23.1800895],[-45.9820619,-23.1801874],[-45.9820629,-23.1803208],[-45.981982,-23.1805055],[-45.9818502,-23.1806869],[-45.9816805,-23.1809647],[-45.9815775,-23.181117],[-45.9815274,-23.1812676],[-45.9815036,-23.1813759],[-45.9815262,-23.1814764],[-45.981631,-23.1816519],[-45.9818014,-23.1818395],[-45.9819003,-23.1819371],[-45.982018,-23.1820118],[-45.982141,-23.1820563],[-45.9823566,-23.1820877],[-45.9826211,-23.1821062],[-45.982771,-23.1821077],[-45.9829534,-23.1820714],[-45.9830649,-23.1820355],[-45.9831625,-23.1819669],[-45.9832818,-23.1818781],[-45.9833628,-23.1817669],[-45.983492,-23.1815396],[-45.9835567,-23.1814436],[-45.9836943,-23.1812541],[-45.9837751,-23.1811127],[-45.9838992,-23.1809408],[-45.9839719,-23.1808221],[-45.9840985,-23.1806075],[-45.9841928,-23.180466],[-45.9843014,-23.1804024],[-45.9845052,-23.1803181],[-45.9846466,-23.1802719],[-45.9849266,-23.1801645],[-45.9851167,-23.1800702],[-45.9852827,-23.1800289],[-45.9853916,-23.1800207],[-45.9855661,-23.1800221],[-45.9856754,-23.1800642],[-45.9857931,-23.1801213],[-45.9859494,-23.1802587],[-45.9861491,-23.1803481],[-45.9864606,-23.1804568],[-45.9868019,-23.1805302],[-45.9869847,-23.1805567],[-45.9871353,-23.1806438],[-45.9872307,-23.1807483],[-45.9873085,-23.1808541],[-45.9873912,-23.1809768],[-45.9875156,-23.1812075],[-45.9876263,-23.1814458],[-45.9877914,-23.1816587],[-45.987907,-23.1817988],[-45.9880359,-23.1819138],[-45.9882055,-23.1819957],[-45.9883978,-23.1820551],[-45.9885061,-23.1820945],[-45.9886047,-23.1821643],[-45.9887776,-23.1823242],[-45.988893,-23.1824468],[-45.9889919,-23.1825544],[-45.9890829,-23.1826897],[-45.9891408,-23.1827824],[-45.9892594,-23.1829678],[-45.989372,-23.1830904],[-45.9894871,-23.1831677],[-45.9897386,-23.1832718],[-45.9898642,-23.1832936],[-45.9899869,-23.1832929],[-45.9901173,-23.1832442],[-45.9902281,-23.1831127],[-45.9903006,-23.1829638],[-45.9903544,-23.1828603],[-45.9904029,-23.1827795],[-45.9905115,-23.1827209],[-45.9906124,-23.1827278],[-45.9907433,-23.1827471],[-45.9908581,-23.1827791],[-45.9909702,-23.1828288],[-45.9910912,-23.1829789],[-45.9911354,-23.1830516],[-45.9912577,-23.1833754],[-45.9913103,-23.1834833],[-45.9914264,-23.183709],[-45.991498,-23.1838067],[-45.9915557,-23.1838642],[-45.9916104,-23.1838915],[-45.9916842,-23.1839187],[-45.9917743,-23.1839307],[-45.9918915,-23.18394],[-45.9919815,-23.183937],[-45.9921041,-23.1839286],[-45.9921803,-23.1839181],[-45.9922784,-23.1839049],[-45.9924199,-23.1838713],[-45.9925531,-23.1838227],[-45.9927708,-23.1837735],[-45.9929286,-23.1837322],[-45.9931735,-23.1836779],[-45.9933476,-23.183634],[-45.9937041,-23.1835487],[-45.9938781,-23.1834973],[-45.9939517,-23.1834868],[-45.9940853,-23.183501],[-45.9941864,-23.1835356],[-45.994356,-23.1836125],[-45.9944711,-23.1836948],[-45.9945917,-23.1837871],[-45.9947287,-23.1838794],[-45.9948328,-23.1839492],[-45.9949448,-23.1839786],[-45.9950974,-23.1839802],[-45.9952961,-23.1839311],[-45.9954595,-23.1839075],[-45.9957319,-23.1838932],[-45.9958463,-23.1838748],[-45.9959524,-23.183854],[-45.9961237,-23.183785],[-45.9962377,-23.1837214],[-45.9964354,-23.1835684],[-45.9966093,-23.183475],[-45.9967946,-23.1834637],[-45.9969338,-23.1834956],[-45.9971193,-23.1835095],[-45.997261,-23.1835061],[-45.9974435,-23.1834898],[-45.9976836,-23.183521],[-45.9978229,-23.1835528],[-45.9980114,-23.1836196],[-45.9981769,-23.1836953],[-45.9981515,-23.1837596],[-45.998092,-23.1838279],[-45.9980245,-23.1839038],[-45.997927,-23.1839975],[-45.997784,-23.1841972],[-45.9975848,-23.1843895],[-45.9975177,-23.1845443],[-45.9974913,-23.1846642],[-45.9974957,-23.1847996],[-45.9975105,-23.1849633],[-45.9975249,-23.1850609],[-45.9975913,-23.1852684],[-45.9977085,-23.185422],[-45.9978488,-23.1854715],[-45.9980608,-23.1855269],[-45.9982115,-23.1855984],[-45.99827,-23.1856579],[-45.9983808,-23.1858651],[-45.9984338,-23.1861105],[-45.9986334,-23.1864293],[-45.9982717,-23.1868019],[-45.9981657,-23.1866037],[-45.9979136,-23.1863839],[-45.9977721,-23.1863691],[-45.9976472,-23.1864141],[-45.9975417,-23.18652],[-45.9974709,-23.1866517],[-45.9974187,-23.1869427],[-45.9974607,-23.1872695],[-45.9974401,-23.1877065],[-45.9972731,-23.1879723],[-45.9971401,-23.1881337],[-45.9969607,-23.1882728],[-45.9966894,-23.1883599],[-45.9964018,-23.1883771],[-45.9961482,-23.1884572],[-45.9959806,-23.188591],[-45.9957945,-23.1888836],[-45.9956775,-23.1895142],[-45.9956274,-23.1899056],[-45.9955324,-23.1901327],[-45.9952451,-23.190673],[-45.9951368,-23.1908765],[-45.9951386,-23.1911024],[-45.9951634,-23.1912473],[-45.9952128,-23.1915381],[-45.9951831,-23.1917788],[-45.99505,-23.1919466],[-45.9947368,-23.1920791],[-45.9944141,-23.1920371],[-45.9937892,-23.1915179],[-45.9936404,-23.191043],[-45.9936855,-23.1907158],[-45.9940748,-23.1902628],[-45.9944009,-23.1899571],[-45.9944433,-23.1898827],[-45.9944482,-23.1898277],[-45.9944426,-23.1897635],[-45.9944094,-23.1897042],[-45.9943051,-23.1896367],[-45.9942499,-23.1896105],[-45.9941759,-23.1895904],[-45.9939082,-23.1895329],[-45.9933831,-23.189551],[-45.9927692,-23.1895551],[-45.9923081,-23.1896545],[-45.9919716,-23.1898309],[-45.9916811,-23.1901661],[-45.991426,-23.1907621],[-45.9914782,-23.1911171],[-45.9916523,-23.1915417],[-45.9919213,-23.1920148],[-45.9920375,-23.1922361],[-45.9921027,-23.19236],[-45.9921369,-23.1925186],[-45.9921376,-23.1925873],[-45.9920998,-23.1926816],[-45.9920413,-23.192781],[-45.991955,-23.192851],[-45.9918405,-23.1929107],[-45.9917139,-23.1929439],[-45.9914945,-23.1930219],[-45.9913798,-23.19304],[-45.9910895,-23.1932017],[-45.9901938,-23.1937127],[-45.9897313,-23.1939414],[-45.9892849,-23.194089],[-45.9884458,-23.1943343],[-45.987438,-23.1947162],[-45.9867564,-23.1950616],[-45.9858564,-23.1956412],[-45.9849763,-23.196204],[-45.9845075,-23.1965626],[-45.9841016,-23.1968996],[-45.9831217,-23.197899],[-45.9829032,-23.1981983],[-45.9826693,-23.1984829],[-45.9818555,-23.1994812],[-45.9816852,-23.1997659],[-45.9815011,-23.2001063],[-45.9812498,-23.2010231],[-45.9812416,-23.2016029],[-45.9798853,-23.2005834],[-45.9664816,-23.1895299],[-45.9634479,-23.1869928],[-45.9623164,-23.1859799],[-45.9607712,-23.1844557],[-45.9580273,-23.1819946],[-45.950504,-23.1750411],[-45.947098,-23.1719751],[-45.9452097,-23.1708127],[-45.943276,-23.1698679],[-45.9414605,-23.1694438],[-45.9399355,-23.1694097],[-45.9341446,-23.1704705],[-45.931915,-23.1709227],[-45.9263237,-23.1719952],[-45.9234584,-23.1725641],[-45.9199195,-23.1732803],[-45.9164887,-23.1739312],[-45.9149554,-23.1742412],[-45.9134196,-23.1745262],[-45.9115054,-23.1749012],[-45.9104194,-23.1750799],[-45.9088791,-23.1752121],[-45.9079128,-23.1752295],[-45.9061056,-23.1751402],[-45.8953233,-23.1744093],[-45.8943515,-23.1743143],[-45.8902971,-23.1739793],[-45.8895239,-23.1739173],[-45.8884539,-23.1738284],[-45.8857176,-23.1736457],[-45.8816126,-23.1733598],[-45.8810757,-23.1733488],[-45.881155,-23.1715065],[-45.8808669,-23.1713596],[-45.8784954,-23.1729758],[-45.8780713,-23.1727838],[-45.8773855,-23.1726035],[-45.8771406,-23.1728847],[-45.8754991,-23.1738509],[-45.8755505,-23.1744101],[-45.8756073,-23.1745791],[-45.8751939,-23.1746624],[-45.874693,-23.1747536],[-45.8689157,-23.1757406],[-45.8688057,-23.1754501],[-45.8744188,-23.1677449],[-45.875293,-23.1666559],[-45.8758455,-23.1658984],[-45.8764723,-23.1649512],[-45.8780905,-23.1628381],[-45.8776142,-23.1625349],[-45.8767733,-23.16105],[-45.8773487,-23.1592609],[-45.8776351,-23.1582086],[-45.8779396,-23.1566709],[-45.8777099,-23.1533087],[-45.8772305,-23.1514854],[-45.8762333,-23.1499053],[-45.8750327,-23.148999],[-45.873524,-23.1486897],[-45.8723361,-23.1485007],[-45.8710183,-23.1486672],[-45.8695862,-23.1488872],[-45.86798,-23.14879],[-45.8670585,-23.1481586],[-45.8664226,-23.1473664],[-45.8655506,-23.1455147],[-45.8644578,-23.1449903],[-45.863025,-23.1451042],[-45.861997,-23.1457464],[-45.8609103,-23.1461766],[-45.8604022,-23.1460776],[-45.8599908,-23.1458634],[-45.8596983,-23.1455895],[-45.85947,-23.1451236],[-45.8597097,-23.1435997],[-45.8594585,-23.1433203],[-45.8589335,-23.1431568],[-45.8584831,-23.1432195],[-45.8552166,-23.1435025],[-45.8537285,-23.1439349],[-45.8521284,-23.1447922],[-45.8512733,-23.1455925],[-45.850823,-23.146921],[-45.850198,-23.1478261],[-45.8497813,-23.1481473],[-45.8491105,-23.1481502],[-45.8486445,-23.1479969],[-45.8481897,-23.1476247],[-45.8479866,-23.1471509],[-45.8479537,-23.1465651],[-45.8484557,-23.1443346],[-45.848271,-23.14232],[-45.84729,-23.1413175],[-45.8460832,-23.1408996],[-45.8448225,-23.1410124],[-45.8444205,-23.1409085],[-45.8442448,-23.140326],[-45.8445703,-23.1398269],[-45.8448308,-23.139276],[-45.8450236,-23.1384508],[-45.8450329,-23.1379879],[-45.8451989,-23.1370322],[-45.8448576,-23.1365285],[-45.8443922,-23.1364],[-45.8436904,-23.1363211],[-45.8431849,-23.1364052],[-45.8427247,-23.1366824],[-45.8423318,-23.1369945],[-45.8415532,-23.1375434],[-45.8411321,-23.1376905],[-45.8404548,-23.1377833],[-45.8398134,-23.1376975],[-45.8386654,-23.1374914],[-45.8378004,-23.1367004],[-45.8373915,-23.1354826],[-45.8373259,-23.1341568],[-45.8376318,-23.1337475],[-45.8382373,-23.1331972],[-45.8399537,-23.1326046],[-45.8410562,-23.1326115],[-45.841843,-23.1321702],[-45.8423314,-23.1317104],[-45.8423531,-23.1312127],[-45.8422994,-23.1304586],[-45.8420001,-23.1297824],[-45.8414212,-23.1288838],[-45.840681,-23.1270423],[-45.8406825,-23.1259363],[-45.8405082,-23.1247925],[-45.8401892,-23.1245931],[-45.8393885,-23.1248913],[-45.838824,-23.1255285],[-45.8379719,-23.1269717],[-45.8367887,-23.1275967],[-45.8358485,-23.1270569],[-45.8347533,-23.1261079],[-45.8346773,-23.1253961],[-45.8343992,-23.1244655],[-45.8349616,-23.1227121],[-45.836157,-23.1213266],[-45.8367464,-23.1205514],[-45.8369964,-23.1199465],[-45.8369206,-23.1194103],[-45.8364848,-23.1187258],[-45.8357717,-23.1182594],[-45.8348076,-23.1182287],[-45.8339052,-23.1184425],[-45.8326908,-23.1193688],[-45.8318828,-23.120251],[-45.8306217,-23.1209267],[-45.8295841,-23.1212248],[-45.8284965,-23.1207288],[-45.8265455,-23.1194429],[-45.8260025,-23.1193203],[-45.8252808,-23.1195331],[-45.8241536,-23.1199571],[-45.8232984,-23.1205051],[-45.8227119,-23.1206754],[-45.821716,-23.1203879],[-45.8212595,-23.1196377],[-45.8206079,-23.1190265],[-45.8196726,-23.118768],[-45.8185417,-23.1185648],[-45.8183122,-23.1179806],[-45.8182619,-23.1171447],[-45.818664,-23.11639],[-45.8195178,-23.1155912],[-45.8203271,-23.114918],[-45.8215196,-23.1139915],[-45.8218982,-23.1131956],[-45.8215308,-23.1122358],[-45.8209383,-23.1114027],[-45.8204844,-23.1110706],[-45.8208424,-23.1104834],[-45.8218428,-23.1098512],[-45.8220107,-23.109624],[-45.8220094,-23.1094151],[-45.82182,-23.1092071],[-45.8215,-23.109174],[-45.820934,-23.1089158],[-45.8200858,-23.1086591],[-45.8192008,-23.1085418],[-45.8182599,-23.1085119],[-45.8170537,-23.1081699],[-45.8162259,-23.1081742],[-45.815588,-23.1083783],[-45.8148257,-23.1093439],[-45.8141103,-23.1106019],[-45.8135716,-23.11119],[-45.8127583,-23.1111942],[-45.8118962,-23.1106133],[-45.8113048,-23.1099474],[-45.8103984,-23.1094921],[-45.8094939,-23.1093713],[-45.8080058,-23.1098807],[-45.8069668,-23.1099278],[-45.8062396,-23.1092207],[-45.8056927,-23.1084291],[-45.8055514,-23.1074682],[-45.805633,-23.1060044],[-45.8051774,-23.1053795],[-45.8048579,-23.1048376],[-45.8042201,-23.1039629],[-45.8031772,-23.103341],[-45.8024503,-23.1026757],[-45.8020851,-23.1020504],[-45.8020814,-23.1014233],[-45.8016723,-23.1010072],[-45.8011758,-23.1010934],[-45.8003637,-23.1013066],[-45.799943,-23.1013064],[-45.7992003,-23.1012129],[-45.7989655,-23.1009778],[-45.7986036,-23.1005046],[-45.7985747,-23.1003361],[-45.7986411,-23.1000869],[-45.7987551,-23.0999497],[-45.7990091,-23.0997967],[-45.7991121,-23.0996719],[-45.7991367,-23.0994636],[-45.7991066,-23.0992571],[-45.7989845,-23.0989533],[-45.7990325,-23.098796],[-45.7990999,-23.0987492],[-45.7992613,-23.0987338],[-45.7995033,-23.0988732],[-45.7995033,-23.0988732],[-45.799531,-23.0988985],[-45.7995809,-23.0989442],[-45.7996626,-23.099019],[-45.7997578,-23.0990895],[-45.7998576,-23.0991642],[-45.7999345,-23.099193],[-45.8000157,-23.0991926],[-45.8000969,-23.0991755],[-45.8001373,-23.0991377],[-45.8001865,-23.0990623],[-45.8002179,-23.0990287],[-45.8002494,-23.0990076],[-45.8003277,-23.0989348],[-45.8003395,-23.0989232],[-45.8009983,-23.0990652],[-45.8009983,-23.0990652],[-45.8011839,-23.0990994],[-45.8013715,-23.0991226],[-45.8015604,-23.0991346],[-45.8017497,-23.0991355],[-45.8019386,-23.0991251],[-45.8021265,-23.0991036],[-45.8023124,-23.0990711],[-45.8024958,-23.0990275],[-45.8029912,-23.0988809],[-45.8034774,-23.09871],[-45.8039531,-23.0985154],[-45.8044169,-23.0982977],[-45.8044169,-23.0982977],[-45.8059593,-23.0975498],[-45.8077329,-23.0966488],[-45.8077329,-23.0966488],[-45.8077659,-23.0966321],[-45.8078,-23.0966174],[-45.8078351,-23.0966048],[-45.807871,-23.0965945],[-45.8079076,-23.0965863],[-45.8079446,-23.0965805],[-45.8079821,-23.0965769],[-45.8080197,-23.0965756],[-45.8080573,-23.0965767],[-45.8080947,-23.0965801],[-45.8081318,-23.0965857],[-45.8081684,-23.0965936],[-45.8082044,-23.0966038],[-45.8082396,-23.0966161],[-45.8082738,-23.0966306],[-45.8083069,-23.0966471],[-45.8083387,-23.0966657],[-45.8083387,-23.0966657],[-45.8085616,-23.0967955],[-45.8087934,-23.0969111],[-45.8090331,-23.0970122],[-45.8090331,-23.0970122],[-45.8100196,-23.0973671],[-45.8100196,-23.0973671],[-45.8105997,-23.0975446],[-45.8111897,-23.0976912],[-45.8111897,-23.0976912],[-45.8124418,-23.0979357],[-45.8124418,-23.0979357],[-45.8128841,-23.0979996],[-45.8133295,-23.0980411],[-45.8133295,-23.0980411],[-45.8136282,-23.0980698],[-45.8139245,-23.098115],[-45.8142173,-23.0981766],[-45.8142173,-23.0981766],[-45.8143385,-23.0982019],[-45.8144612,-23.0982203],[-45.8145849,-23.0982316],[-45.8147091,-23.0982358],[-45.8148334,-23.0982329],[-45.8149572,-23.0982228],[-45.8150801,-23.0982057],[-45.8152017,-23.0981815],[-45.8152017,-23.0981815],[-45.8155563,-23.0981101],[-45.8159148,-23.0980578],[-45.8159148,-23.0980578],[-45.8159796,-23.0980521],[-45.8160446,-23.0980505],[-45.8161095,-23.098053],[-45.8161742,-23.0980595],[-45.8162382,-23.09807],[-45.8163013,-23.0980845],[-45.8163632,-23.0981029],[-45.8164236,-23.0981252],[-45.8164236,-23.0981252],[-45.8166299,-23.0982021],[-45.8168407,-23.0982679],[-45.8170552,-23.0983224],[-45.8170552,-23.0983224],[-45.8172323,-23.0983679],[-45.817406,-23.0984237],[-45.8175754,-23.0984897],[-45.8175754,-23.0984897],[-45.8176963,-23.098537],[-45.81782,-23.0985774],[-45.8179462,-23.0986109],[-45.8180743,-23.0986373],[-45.8182038,-23.0986565],[-45.8182038,-23.0986565],[-45.8184934,-23.0987004],[-45.818779,-23.0987623],[-45.8190595,-23.098842],[-45.8190595,-23.098842],[-45.8191674,-23.0988729],[-45.8192772,-23.0988972],[-45.8193884,-23.0989148],[-45.8195007,-23.0989258],[-45.8196135,-23.0989299],[-45.8197264,-23.0989274],[-45.8198388,-23.098918],[-45.8198388,-23.098918],[-45.8201264,-23.0988924],[-45.820415,-23.0988809],[-45.820704,-23.0988835],[-45.820704,-23.0988835],[-45.821413,-23.098886],[-45.8221208,-23.0988461],[-45.8221208,-23.0988461],[-45.8230108,-23.0987618],[-45.8230108,-23.0987618],[-45.8234332,-23.0987654],[-45.8233391,-23.0974273],[-45.823623,-23.0945199],[-45.8237603,-23.0933606],[-45.8297095,-23.0930669],[-45.8424077,-23.098819],[-45.8435076,-23.0956938],[-45.845141,-23.0947222],[-45.8470362,-23.0939754],[-45.848452,-23.0944268],[-45.8493594,-23.0954771],[-45.8500677,-23.0950938],[-45.8510118,-23.094702],[-45.8513646,-23.0935061],[-45.852264,-23.0917055],[-45.8532868,-23.0919228],[-45.853772,-23.0922181],[-45.8540991,-23.0929909],[-45.8548445,-23.0936721],[-45.8552036,-23.0944149],[-45.8558522,-23.0950668],[-45.8555673,-23.0958727],[-45.8556346,-23.0963192],[-45.8561527,-23.0967335],[-45.8563154,-23.0969709],[-45.8564158,-23.0975662],[-45.8564825,-23.0979233],[-45.8567154,-23.0990839],[-45.8570744,-23.099797],[-45.857143,-23.100452],[-45.8573397,-23.1009872],[-45.857283,-23.102209],[-45.857293,-23.1029965],[-45.8571671,-23.1034739],[-45.8571701,-23.1039505],[-45.857462,-23.1042468],[-45.8576567,-23.1044543],[-45.8570814,-23.1052022],[-45.8558933,-23.1058641],[-45.8543196,-23.1067068],[-45.8542762,-23.106763],[-45.8543828,-23.1068222],[-45.8547871,-23.1073518],[-45.8557491,-23.1078623],[-45.8560698,-23.1089564],[-45.8564877,-23.1088896],[-45.857134,-23.1090956],[-45.857154,-23.1095145],[-45.8580293,-23.109511],[-45.8587978,-23.1097486],[-45.8593236,-23.1101969],[-45.8597781,-23.1103878],[-45.860895,-23.1105912],[-45.8610719,-23.1109932],[-45.8617708,-23.1112472],[-45.8619618,-23.1111333],[-45.8624523,-23.1115174],[-45.8748649,-23.1083344],[-45.8765306,-23.1051272],[-45.8772106,-23.1059447],[-45.877714,-23.1061153],[-45.8784866,-23.1061571],[-45.8784866,-23.1061571],[-45.878736,-23.1061776],[-45.8789836,-23.1062121],[-45.8792285,-23.1062605],[-45.8794698,-23.1063224],[-45.8797065,-23.1063979],[-45.8799378,-23.1064864],[-45.880163,-23.1065878],[-45.880163,-23.1065878],[-45.8802365,-23.1066266],[-45.880307,-23.10667],[-45.8803741,-23.1067178],[-45.8804375,-23.1067697],[-45.8804968,-23.1068256],[-45.8805518,-23.1068851],[-45.8806023,-23.106948],[-45.8806479,-23.107014],[-45.8806885,-23.1070827],[-45.8807239,-23.1071539],[-45.8807539,-23.1072271],[-45.8807784,-23.1073021],[-45.8807972,-23.1073784],[-45.8807972,-23.1073784],[-45.8809241,-23.1078983],[-45.8810872,-23.1084095],[-45.8812859,-23.1089098],[-45.8815193,-23.1093971],[-45.8815193,-23.1093971],[-45.8815823,-23.1095085],[-45.8816529,-23.109616],[-45.8817308,-23.1097191],[-45.8818158,-23.1098173],[-45.8819073,-23.1099103],[-45.8820052,-23.1099977],[-45.8820052,-23.1099977],[-45.8820548,-23.110042],[-45.8821012,-23.1100892],[-45.8821442,-23.1101391],[-45.8821835,-23.1101915],[-45.8822191,-23.1102461],[-45.8822508,-23.1103028],[-45.8822785,-23.1103612],[-45.882302,-23.1104212],[-45.8823212,-23.1104825],[-45.8823361,-23.1105448],[-45.8823465,-23.1106079],[-45.8823525,-23.1106714],[-45.8823541,-23.1107352],[-45.8823511,-23.110799],[-45.8823511,-23.110799],[-45.8823455,-23.1109216],[-45.8823487,-23.1110444],[-45.8823607,-23.1111667],[-45.8823815,-23.1112879],[-45.8824109,-23.1114077],[-45.8824488,-23.1115253],[-45.8824951,-23.1116404],[-45.8825496,-23.1117524],[-45.8826119,-23.1118608],[-45.8826819,-23.1119651],[-45.8827593,-23.1120649],[-45.8828436,-23.1121598],[-45.8829345,-23.1122492],[-45.8830316,-23.1123329],[-45.8834028,-23.1126529],[-45.8837498,-23.1129952],[-45.8840711,-23.1133583],[-45.8840711,-23.1133583],[-45.8842,-23.1135054],[-45.8843378,-23.1136454],[-45.884484,-23.1137778],[-45.8846382,-23.1139022],[-45.8846382,-23.1139022],[-45.8846366,-23.1142643],[-45.8846366,-23.1142643],[-45.8846424,-23.114452],[-45.8846616,-23.1146389],[-45.8846941,-23.1148242],[-45.8847398,-23.1150072],[-45.8847985,-23.1151869],[-45.8847985,-23.1151869],[-45.885333,-23.1165037],[-45.8859603,-23.1177852],[-45.8859603,-23.1177852],[-45.8861348,-23.118087],[-45.8863305,-23.1183775],[-45.8865465,-23.1186554],[-45.8867818,-23.1189196],[-45.8867818,-23.1189196],[-45.8876651,-23.1199039],[-45.8884839,-23.1209349],[-45.8884839,-23.1209349],[-45.888625,-23.1211122],[-45.8887776,-23.1212811],[-45.8889412,-23.1214411],[-45.889115,-23.1215914],[-45.8892985,-23.1217316],[-45.889491,-23.1218611],[-45.8896917,-23.1219795],[-45.8898999,-23.1220862],[-45.8898999,-23.1220862],[-45.8900452,-23.1221507],[-45.8901941,-23.1222078],[-45.8903461,-23.1222573],[-45.8905009,-23.1222989],[-45.8905009,-23.1222989],[-45.8906633,-23.122333],[-45.8908277,-23.1223572],[-45.8909935,-23.1223713],[-45.8909935,-23.1223713],[-45.8911284,-23.1223828],[-45.8912622,-23.1224025],[-45.8913943,-23.1224304],[-45.8915241,-23.1224663],[-45.8916511,-23.1225101],[-45.8917747,-23.1225615],[-45.8918943,-23.1226204],[-45.8918943,-23.1226204],[-45.8919386,-23.1226423],[-45.8919844,-23.1226617],[-45.8920314,-23.1226784],[-45.8920794,-23.1226924],[-45.8921283,-23.1227036],[-45.8921778,-23.1227119],[-45.8922277,-23.1227174],[-45.892278,-23.1227201],[-45.8923283,-23.1227198],[-45.8923687,-23.1227198],[-45.8924089,-23.1227222],[-45.8924489,-23.1227273],[-45.8924884,-23.1227349],[-45.8925272,-23.1227449],[-45.8925652,-23.1227574],[-45.8926022,-23.1227723],[-45.892638,-23.1227896],[-45.8926724,-23.122809],[-45.8927053,-23.1228306],[-45.8927365,-23.1228543],[-45.8927659,-23.1228798],[-45.8927933,-23.1229072],[-45.8928187,-23.1229362],[-45.8928417,-23.1229668],[-45.8928625,-23.1229988],[-45.8928808,-23.1230321],[-45.8928967,-23.1230664],[-45.8928967,-23.1230664],[-45.8929344,-23.1231483],[-45.8929782,-23.1232276],[-45.8930279,-23.123304],[-45.893083,-23.1233769],[-45.8931435,-23.1234462],[-45.893209,-23.1235115],[-45.8932793,-23.1235724],[-45.8933539,-23.1236287],[-45.8934325,-23.1236802],[-45.8935148,-23.1237264],[-45.8936003,-23.1237673],[-45.8936887,-23.1238027],[-45.8937795,-23.1238323],[-45.8938723,-23.1238561],[-45.8939666,-23.1238739],[-45.8939666,-23.1238739],[-45.8941133,-23.1238922],[-45.8942609,-23.1239015],[-45.8944089,-23.1239018],[-45.8945565,-23.1238932],[-45.8947033,-23.1238755],[-45.8948484,-23.123849],[-45.8949914,-23.1238138],[-45.8949914,-23.1238138],[-45.8951264,-23.1237805],[-45.8952634,-23.1237555],[-45.8954019,-23.1237389],[-45.8955413,-23.1237308],[-45.895681,-23.1237312],[-45.8958203,-23.12374],[-45.8959587,-23.1237574],[-45.8960956,-23.1237831],[-45.8962304,-23.1238171],[-45.8962304,-23.1238171],[-45.8963087,-23.1238367],[-45.8963882,-23.1238512],[-45.8964687,-23.1238606],[-45.8965497,-23.1238647],[-45.8966308,-23.1238636],[-45.8967117,-23.1238573],[-45.8967918,-23.1238458],[-45.8968709,-23.1238292],[-45.8969486,-23.1238075],[-45.8970244,-23.1237809],[-45.8970981,-23.1237494],[-45.8971692,-23.1237133],[-45.8972374,-23.1236727],[-45.8973024,-23.1236278],[-45.8973638,-23.1235788],[-45.8974214,-23.123526],[-45.8974749,-23.1234696],[-45.897524,-23.1234099],[-45.8975685,-23.1233471],[-45.8976082,-23.1232817],[-45.8976428,-23.1232138],[-45.8976723,-23.1231439],[-45.8976964,-23.1230723],[-45.897715,-23.1229993],[-45.8977282,-23.1229252],[-45.8977357,-23.1228505],[-45.8977375,-23.1227755],[-45.8977375,-23.1227755],[-45.8977381,-23.1227531],[-45.8977403,-23.1227309],[-45.8977441,-23.1227088],[-45.8977495,-23.122687],[-45.8977565,-23.1226656],[-45.8977651,-23.1226446],[-45.8977752,-23.1226243],[-45.8977867,-23.1226047],[-45.8977997,-23.1225858],[-45.897814,-23.1225678],[-45.8978296,-23.1225507],[-45.8978465,-23.1225346],[-45.8978645,-23.1225196],[-45.8978835,-23.1225058],[-45.8979035,-23.1224933],[-45.8979244,-23.122482],[-45.897946,-23.122472],[-45.8979684,-23.1224635],[-45.8979913,-23.1224563],[-45.8980147,-23.1224507],[-45.8980385,-23.1224465],[-45.8980625,-23.1224438],[-45.8980866,-23.1224426],[-45.8981108,-23.1224429],[-45.8981349,-23.1224448],[-45.8981588,-23.1224481],[-45.8981824,-23.122453],[-45.8982056,-23.1224593],[-45.8982056,-23.1224593],[-45.8984159,-23.1225309],[-45.898621,-23.1226145],[-45.8988199,-23.1227099],[-45.8988199,-23.1227099],[-45.8989706,-23.1227819],[-45.8991261,-23.1228445],[-45.8992857,-23.1228975],[-45.8994488,-23.1229406],[-45.8996146,-23.1229737],[-45.8997823,-23.1229966],[-45.8999514,-23.1230091],[-45.900121,-23.1230114],[-45.9002903,-23.1230032],[-45.9004587,-23.1229848],[-45.9006255,-23.1229561],[-45.9007898,-23.1229172],[-45.9015418,-23.1227311],[-45.9023019,-23.1225755],[-45.9023019,-23.1225755],[-45.9025131,-23.1225304],[-45.902721,-23.1224736],[-45.9029247,-23.1224051],[-45.9031236,-23.1223254],[-45.9033169,-23.1222345],[-45.9035038,-23.122133],[-45.9035038,-23.122133],[-45.9035715,-23.1220982],[-45.9036416,-23.1220679],[-45.9037138,-23.1220422],[-45.9037878,-23.1220212],[-45.9038632,-23.122005],[-45.9039396,-23.1219937],[-45.9040167,-23.1219873],[-45.9040941,-23.1219859],[-45.9041714,-23.1219895],[-45.9042482,-23.121998],[-45.9043243,-23.1220115],[-45.9043991,-23.1220298],[-45.9044723,-23.1220529],[-45.9045437,-23.1220807],[-45.9046128,-23.122113],[-45.9046793,-23.1221496],[-45.9047428,-23.1221904],[-45.9047428,-23.1221904],[-45.9048174,-23.1224419],[-45.9048456,-23.1227625],[-45.9047823,-23.1229978],[-45.9045642,-23.1234937],[-45.9044763,-23.1236748],[-45.9044526,-23.1237692],[-45.9043834,-23.1239145],[-45.9043354,-23.1240047],[-45.9042433,-23.1242039],[-45.9041324,-23.1243357],[-45.9040358,-23.1244262],[-45.9038641,-23.124597],[-45.9038159,-23.1246573],[-45.9037679,-23.1247525],[-45.9037475,-23.1249325],[-45.9037862,-23.1250672],[-45.9038465,-23.1251968],[-45.903908,-23.1253211],[-45.9039443,-23.1254521],[-45.9040292,-23.1257742],[-45.9040595,-23.1258888],[-45.904108,-23.1260744],[-45.9041338,-23.1261595],[-45.90415,-23.1261963],[-45.9041991,-23.1264293],[-45.904194,-23.126463],[-45.9042235,-23.126544],[-45.9042359,-23.1266314],[-45.9042616,-23.1266885],[-45.9042804,-23.126749],[-45.9043204,-23.1268933],[-45.9043505,-23.1269806],[-45.9044287,-23.1271934],[-45.9044895,-23.1274336],[-45.9045137,-23.1275209],[-45.9045556,-23.1276082],[-45.9046094,-23.1276899],[-45.9046926,-23.1277659],[-45.9047402,-23.1278149],[-45.9048477,-23.1279143],[-45.904901,-23.1279943],[-45.9049367,-23.1280433],[-45.9049935,-23.1281247],[-45.9050463,-23.1282312],[-45.9050924,-23.1283486],[-45.9051046,-23.1283978],[-45.9051229,-23.1284797],[-45.9051355,-23.1286053],[-45.9050892,-23.1287566],[-45.9050719,-23.1288123],[-45.9055147,-23.1290587],[-45.9056023,-23.1289025],[-45.9056277,-23.1286595],[-45.9056181,-23.1283774],[-45.9055047,-23.1281709],[-45.9053212,-23.1278648],[-45.905184,-23.1275691],[-45.9051359,-23.1273051],[-45.9052384,-23.1270331],[-45.9054604,-23.1267425],[-45.9059292,-23.1263933],[-45.9062487,-23.1262415],[-45.9065418,-23.1261827],[-45.9070036,-23.1259371],[-45.907292,-23.1257676],[-45.9073915,-23.1256313],[-45.9074135,-23.1254526],[-45.9073506,-23.1252815],[-45.907069,-23.1247581],[-45.9068895,-23.1244805],[-45.9068379,-23.1242701],[-45.906825,-23.1240737],[-45.9068394,-23.1239201],[-45.9068385,-23.1237951],[-45.9067879,-23.1237275],[-45.9066369,-23.1236712],[-45.9064436,-23.1236366],[-45.9063544,-23.12358],[-45.9063111,-23.1234516],[-45.9063335,-23.1233515],[-45.906449,-23.1232937],[-45.9066071,-23.1232642],[-45.9067851,-23.1233168],[-45.9069789,-23.1234192],[-45.9070875,-23.1234829],[-45.9071568,-23.1234611],[-45.907191,-23.1233752],[-45.9071711,-23.123286],[-45.9070272,-23.1231332],[-45.9069995,-23.1230405],[-45.9070488,-23.1228974],[-45.9071753,-23.1227645],[-45.9073711,-23.1225991],[-45.9074743,-23.1224413],[-45.9075921,-23.1221513],[-45.9076032,-23.1220763],[-45.907572,-23.1220336],[-45.9075062,-23.1220161],[-45.9074371,-23.1220665],[-45.9073417,-23.1222421],[-45.9072805,-23.1223246],[-45.9071764,-23.1223573],[-45.9070527,-23.122333],[-45.906948,-23.1222693],[-45.9069126,-23.1221731],[-45.906896,-23.1220018],[-45.9069644,-23.1218406],[-45.907182,-23.1214608],[-45.9073426,-23.1212313],[-45.9074729,-23.1210841],[-45.9074955,-23.1209982],[-45.9074721,-23.1209591],[-45.9073483,-23.1209205],[-45.9072207,-23.1208962],[-45.907147,-23.1208467],[-45.9071463,-23.1207431],[-45.90718,-23.1205857],[-45.9072948,-23.1204279],[-45.9073869,-23.1203417],[-45.9075681,-23.1203121],[-45.9077074,-23.1203398],[-45.9078269,-23.1203141],[-45.908081,-23.1202091],[-45.9084077,-23.1199786],[-45.9085427,-23.1199457],[-45.9089093,-23.119915],[-45.9090287,-23.1198643],[-45.9090664,-23.1197355],[-45.9090966,-23.1196318],[-45.9092577,-23.1194666],[-45.9095531,-23.1191827],[-45.9096489,-23.1190643],[-45.9096596,-23.1189428],[-45.9096475,-23.1188678],[-45.9095969,-23.1188038],[-45.9095959,-23.118661],[-45.9096755,-23.1184391],[-45.9098022,-23.1183276],[-45.909964,-23.1182695],[-45.9101607,-23.1182398],[-45.9102768,-23.1182713],[-45.9103043,-23.1183462],[-45.9103361,-23.1184817],[-45.9103526,-23.1186316],[-45.9104074,-23.118742],[-45.9104772,-23.1187916],[-45.9105467,-23.1187805],[-45.9106159,-23.1187372],[-45.9106615,-23.1186263],[-45.9107608,-23.1184685],[-45.9109029,-23.1183463],[-45.9111644,-23.1181876],[-45.9114914,-23.1180036],[-45.9115528,-23.1179461],[-45.9115755,-23.1178745],[-45.911517,-23.1177998],[-45.911389,-23.1177149],[-45.9113186,-23.1175867],[-45.9113176,-23.117426],[-45.9113667,-23.1172685],[-45.9114623,-23.1171287],[-45.9115158,-23.1170498],[-45.9114144,-23.1168932],[-45.9112893,-23.1166761],[-45.9112537,-23.1165406],[-45.9112326,-23.1162764],[-45.9110539,-23.1161203],[-45.9109174,-23.1159175],[-45.9108269,-23.1156751],[-45.9107639,-23.1154933],[-45.9106822,-23.1154081],[-45.9106857,-23.1153438],[-45.910747,-23.1152827],[-45.9109399,-23.1152566],[-45.9111295,-23.115309],[-45.9113734,-23.1154076],[-45.9114859,-23.115482],[-45.9116096,-23.1154991],[-45.911733,-23.1154734],[-45.9118323,-23.1153121],[-45.9120206,-23.1151825],[-45.9121511,-23.1150603],[-45.9123991,-23.1149088],[-45.9124914,-23.1149013],[-45.9118845,-23.1136587],[-45.9116222,-23.113035],[-45.9115206,-23.1127715],[-45.9115206,-23.1127715],[-45.9115341,-23.112757],[-45.9122472,-23.1117374],[-45.9129846,-23.1116432],[-45.9129081,-23.1112569],[-45.9129834,-23.1109117],[-45.9130671,-23.1108047],[-45.9130771,-23.1108047],[-45.9136521,-23.1110018],[-45.9137534,-23.1114574],[-45.913502,-23.1116192],[-45.913729,-23.1118525],[-45.9137071,-23.112203],[-45.9139456,-23.1122184],[-45.913975,-23.1118941],[-45.9141054,-23.1117737],[-45.9141792,-23.111678],[-45.9142568,-23.111517],[-45.9143374,-23.1113972],[-45.9147258,-23.1110368],[-45.9148539,-23.1109856],[-45.915001,-23.1109656],[-45.9161061,-23.1107201],[-45.9161504,-23.1106937],[-45.9162855,-23.1100794],[-45.9163862,-23.1099533],[-45.9163946,-23.109952]]]}},{"type":"Feature","properties":{"id":4,"regiao":"Oeste","populacao":415880},"geometry":{"type":"Polygon","coordinates":[[[-45.9491424,-23.2588951],[-45.9345409,-23.2495614],[-45.9304569,-23.2469534],[-45.9284257,-23.2456015],[-45.9274963,-23.2449629],[-45.9260661,-23.2439075],[-45.9237044,-23.24183],[-45.9196766,-23.2380498],[-45.9172717,-23.2358417],[-45.9161555,-23.2347046],[-45.9142764,-23.2330186],[-45.9139911,-23.2327635],[-45.9120588,-23.2309429],[-45.9082042,-23.2274003],[-45.9009875,-23.2206671],[-45.8999493,-23.2197001],[-45.8978773,-23.2178194],[-45.8959092,-23.2159797],[-45.8929,-23.2131581],[-45.8917428,-23.2120881],[-45.8930756,-23.2112477],[-45.8959855,-23.2106287],[-45.8983293,-23.2099842],[-45.8994393,-23.2097769],[-45.901272,-23.209374],[-45.9023194,-23.2089265],[-45.9034829,-23.2081897],[-45.9039697,-23.2078002],[-45.9056034,-23.2057158],[-45.905923,-23.2052413],[-45.9059154,-23.2051947],[-45.9070144,-23.2043007],[-45.9080179,-23.2032729],[-45.9100906,-23.2014938],[-45.9103485,-23.2011937],[-45.9121428,-23.1996612],[-45.9125691,-23.1991957],[-45.9129102,-23.198825],[-45.9131673,-23.1986228],[-45.9134858,-23.1983055],[-45.9138146,-23.1979977],[-45.9139988,-23.1977098],[-45.914562,-23.196894],[-45.9147466,-23.1966635],[-45.9147769,-23.1965582],[-45.9147756,-23.196367],[-45.9148045,-23.1960514],[-45.9152299,-23.1932289],[-45.9156463,-23.1905977],[-45.9160525,-23.1879856],[-45.9163868,-23.1869704],[-45.9164971,-23.1864631],[-45.916555,-23.1858605],[-45.9166863,-23.1853913],[-45.9168803,-23.1850365],[-45.9172813,-23.1846996],[-45.9177234,-23.1843242],[-45.9184992,-23.1837089],[-45.9182069,-23.1834228],[-45.9176697,-23.1827275],[-45.9169901,-23.1824629],[-45.9154679,-23.1828657],[-45.9149421,-23.1831463],[-45.9144852,-23.1835922],[-45.9139123,-23.1854759],[-45.913081,-23.186403],[-45.9123067,-23.1864433],[-45.9116141,-23.186398],[-45.9111712,-23.1860559],[-45.9106682,-23.1853299],[-45.9110385,-23.1840451],[-45.9115575,-23.1833561],[-45.9125008,-23.1830547],[-45.9138919,-23.1822934],[-45.9151368,-23.1814253],[-45.915917,-23.1806541],[-45.9159261,-23.1798605],[-45.9151157,-23.1783184],[-45.9140879,-23.176633],[-45.913955,-23.1757412],[-45.9134196,-23.1745262],[-45.9149554,-23.1742412],[-45.9164887,-23.1739312],[-45.9199195,-23.1732803],[-45.9234584,-23.1725641],[-45.9263237,-23.1719952],[-45.931915,-23.1709227],[-45.9341446,-23.1704705],[-45.9399355,-23.1694097],[-45.9414605,-23.1694438],[-45.943276,-23.1698679],[-45.9452097,-23.1708127],[-45.947098,-23.1719751],[-45.950504,-23.1750411],[-45.9580273,-23.1819946],[-45.9607712,-23.1844557],[-45.9623164,-23.1859799],[-45.9634479,-23.1869928],[-45.9664816,-23.1895299],[-45.9798853,-23.2005834],[-45.9812416,-23.2016029],[-45.9812397,-23.201743],[-45.9813664,-23.2027271],[-45.9814989,-23.2031266],[-45.9815596,-23.2032848],[-45.9816155,-23.203432],[-45.9816941,-23.2036248],[-45.9817497,-23.2038479],[-45.981761,-23.2039764],[-45.9817616,-23.2041056],[-45.9817472,-23.2041993],[-45.98172,-23.2042983],[-45.9816779,-23.2044079],[-45.9816075,-23.2045161],[-45.9815253,-23.2045744],[-45.9814719,-23.2046125],[-45.9813879,-23.2046626],[-45.9812894,-23.2047027],[-45.9809542,-23.2047544],[-45.9807371,-23.2047555],[-45.9804093,-23.2046682],[-45.9802037,-23.204581],[-45.9798764,-23.2043057],[-45.9795043,-23.2039124],[-45.9792226,-23.203655],[-45.9789688,-23.2034207],[-45.9785365,-23.2030652],[-45.978096,-23.2028858],[-45.9778198,-23.2027035],[-45.9774535,-23.202312],[-45.9771054,-23.2021069],[-45.9765614,-23.2019222],[-45.9757893,-23.2016491],[-45.9748766,-23.2014777],[-45.9741058,-23.2014033],[-45.9732066,-23.2015076],[-45.9722957,-23.201563],[-45.9713919,-23.2011134],[-45.9708586,-23.2005639],[-45.9702657,-23.2000577],[-45.9698484,-23.1998425],[-45.9694592,-23.1997984],[-45.9691563,-23.199847],[-45.9687886,-23.2000744],[-45.968519,-23.2003855],[-45.9683559,-23.2006413],[-45.9682085,-23.2010058],[-45.9678363,-23.2015818],[-45.9673554,-23.2019601],[-45.9671051,-23.2021215],[-45.9668696,-23.2021739],[-45.9664595,-23.2020961],[-45.9660585,-23.2019534],[-45.9657898,-23.2018389],[-45.9654692,-23.2018375],[-45.9650798,-23.2020194],[-45.9646668,-23.2024746],[-45.9644132,-23.2028736],[-45.964209,-23.2032408],[-45.9638956,-23.2040255],[-45.9637482,-23.2043313],[-45.9635856,-23.2045655],[-45.9631332,-23.2050914],[-45.962742,-23.2054214],[-45.9624535,-23.2055904],[-45.9619784,-23.2056986],[-45.9616876,-23.2057292],[-45.9612678,-23.2057019],[-45.9606106,-23.205613],[-45.9592512,-23.2051742],[-45.958917,-23.2050633],[-45.9585864,-23.2049705],[-45.9580765,-23.2047384],[-45.9573748,-23.2044663],[-45.9564721,-23.2041205],[-45.9562112,-23.2040125],[-45.9558818,-23.2039062],[-45.9555896,-23.2038501],[-45.9552684,-23.2038306],[-45.9547248,-23.2038925],[-45.9542547,-23.2039962],[-45.953704,-23.2042812],[-45.9528898,-23.2048105],[-45.9528838,-23.2048212],[-45.9527608,-23.2049702],[-45.9527127,-23.2050896],[-45.9526875,-23.2051841],[-45.952678,-23.2053276],[-45.9526942,-23.2055094],[-45.9527333,-23.2056681],[-45.9527999,-23.205821],[-45.953008,-23.2060926],[-45.9533369,-23.2064908],[-45.9536488,-23.2069095],[-45.9537907,-23.2071656],[-45.9538184,-23.2072546],[-45.9538281,-23.2073667],[-45.9538002,-23.2075551],[-45.9537318,-23.2077637],[-45.9536324,-23.20796],[-45.9535253,-23.2080956],[-45.9534607,-23.208156],[-45.9534015,-23.2081858],[-45.9533337,-23.208201],[-45.953271,-23.20821],[-45.953108,-23.2081984],[-45.9529519,-23.2081806],[-45.9524425,-23.2081346],[-45.9516278,-23.2081091],[-45.9510647,-23.2081129],[-45.9502622,-23.2082756],[-45.9498188,-23.2084673],[-45.9495172,-23.2087056],[-45.9492908,-23.2090038],[-45.9491541,-23.2093143],[-45.9490505,-23.2096307],[-45.949031,-23.2097903],[-45.949119,-23.209948],[-45.9493815,-23.2101843],[-45.9496328,-23.2104403],[-45.9496998,-23.2106275],[-45.9496566,-23.2107958],[-45.949538,-23.2109159],[-45.9492901,-23.2110059],[-45.9489317,-23.2111466],[-45.9485871,-23.2114358],[-45.9483514,-23.2118133],[-45.9482241,-23.2121998],[-45.9481518,-23.2126757],[-45.9481544,-23.2130615],[-45.9482428,-23.2133575],[-45.9486365,-23.2138994],[-45.9489774,-23.2143918],[-45.9491858,-23.2148061],[-45.9492643,-23.2151615],[-45.949364,-23.2154784],[-45.9496489,-23.2157738],[-45.9498422,-23.2159458],[-45.9499502,-23.2160243],[-45.9507383,-23.2162238],[-45.9508961,-23.2162551],[-45.9514864,-23.216315],[-45.9518541,-23.216254],[-45.9523306,-23.2160735],[-45.9529038,-23.215891],[-45.9533264,-23.21582],[-45.9535979,-23.2158378],[-45.9538909,-23.2159047],[-45.9541856,-23.216091],[-45.9546341,-23.2166329],[-45.9549311,-23.2172248],[-45.9549882,-23.2176792],[-45.9549279,-23.2183532],[-45.954749,-23.2190967],[-45.954655,-23.2195325],[-45.9545942,-23.220126],[-45.9547718,-23.2205706],[-45.9550664,-23.220924],[-45.9554258,-23.2211013],[-45.955665,-23.2211186],[-45.9558377,-23.2210788],[-45.9560861,-23.2209183],[-45.9563449,-23.2207688],[-45.9568096,-23.2203803],[-45.957424,-23.2198714],[-45.9577473,-23.2196217],[-45.9580282,-23.2194418],[-45.958321,-23.2193606],[-45.9588745,-23.2193485],[-45.9591996,-23.2193752],[-45.9594776,-23.2194573],[-45.9600525,-23.219666],[-45.9605604,-23.220011],[-45.9609533,-23.2203848],[-45.9613807,-23.2209065],[-45.9615356,-23.221311],[-45.9615813,-23.2216966],[-45.9615193,-23.2220922],[-45.9613491,-23.2225784],[-45.9611034,-23.2231247],[-45.9609339,-23.2236795],[-45.9608929,-23.2241053],[-45.9609079,-23.2245103],[-45.9610834,-23.2248564],[-45.9613576,-23.2252004],[-45.9616556,-23.2254228],[-45.9622664,-23.2256492],[-45.9623143,-23.2256472],[-45.9626951,-23.225618],[-45.9631388,-23.2254668],[-45.9635495,-23.2252474],[-45.9639598,-23.2249972],[-45.9644036,-23.2247864],[-45.9647172,-23.224794],[-45.9650321,-23.2248423],[-45.9652622,-23.2249291],[-45.9655122,-23.2251055],[-45.9658406,-23.2254802],[-45.9660933,-23.2259341],[-45.96616,-23.2261899],[-45.9661404,-23.2264579],[-45.9660444,-23.2266859],[-45.9658506,-23.2269639],[-45.9655592,-23.2272845],[-45.965439,-23.2273893],[-45.9646555,-23.2279471],[-45.9642269,-23.2283958],[-45.9641159,-23.2285874],[-45.9640419,-23.2288356],[-45.9639905,-23.2292413],[-45.9639937,-23.2295982],[-45.9640394,-23.2300426],[-45.9642275,-23.2304476],[-45.9645454,-23.2308609],[-45.9649051,-23.2311855],[-45.9652322,-23.2314201],[-45.965765,-23.2316344],[-45.9660338,-23.2317425],[-45.9673643,-23.2319594],[-45.9691524,-23.2323342],[-45.9708035,-23.2328217],[-45.9709614,-23.2329019],[-45.9711145,-23.2330298],[-45.9712948,-23.2332215],[-45.9713987,-23.2333695],[-45.9714493,-23.2336458],[-45.9714508,-23.2338347],[-45.9714253,-23.2339436],[-45.9713233,-23.2341227],[-45.9711566,-23.2343116],[-45.9710003,-23.2344664],[-45.9708059,-23.234616],[-45.9704482,-23.2347713],[-45.9701561,-23.2348679],[-45.9699345,-23.2349015],[-45.9685256,-23.2348018],[-45.9672535,-23.235024],[-45.9658568,-23.2354286],[-45.9641452,-23.236214],[-45.9632874,-23.2371953],[-45.9631911,-23.2373302],[-45.9630627,-23.2376128],[-45.9629725,-23.2379448],[-45.9629363,-23.2382117],[-45.9629326,-23.2384149],[-45.9629873,-23.2385775],[-45.9631242,-23.2387359],[-45.9632504,-23.2388391],[-45.9635383,-23.2389213],[-45.9640981,-23.2390511],[-45.964728,-23.2391414],[-45.9649939,-23.2391943],[-45.9651413,-23.2392626],[-45.9652175,-23.2393207],[-45.9652741,-23.23943],[-45.9652785,-23.2400995],[-45.965074,-23.241709],[-45.9646552,-23.2430613],[-45.9640387,-23.2442081],[-45.9633796,-23.2450163],[-45.9624437,-23.2460388],[-45.9614299,-23.2470981],[-45.9592168,-23.2489896],[-45.9576533,-23.2503763],[-45.957119,-23.2506642],[-45.9568044,-23.2509204],[-45.9563322,-23.2512346],[-45.9561359,-23.2515414],[-45.9560501,-23.2518473],[-45.9558368,-23.2523851],[-45.9557796,-23.2526227],[-45.9555726,-23.2530865],[-45.9554291,-23.2535523],[-45.9548143,-23.2549728],[-45.9547203,-23.2552451],[-45.9546849,-23.255259],[-45.9545074,-23.255661],[-45.9538063,-23.256932],[-45.9534002,-23.2575905],[-45.9531912,-23.2577878],[-45.9529462,-23.2579213],[-45.9526135,-23.2580434],[-45.9521381,-23.2581055],[-45.9512124,-23.2581425],[-45.9507249,-23.258226],[-45.9504092,-23.2583223],[-45.94975,-23.2585965],[-45.9491424,-23.2588951]]]}},{"type":"Feature","properties":{"id":5,"regiao":"Sul","populacao":233536},"geometry":{"type":"Polygon","coordinates":[[[-45.8201805,-23.2672911],[-45.8203172,-23.2672101],[-45.8216266,-23.2663769],[-45.8236075,-23.265188],[-45.8247085,-23.2644077],[-45.8266365,-23.2632515],[-45.8315,-23.260177],[-45.8331145,-23.2590659],[-45.8357484,-23.257233],[-45.8368861,-23.2563416],[-45.8385331,-23.2552402],[-45.8392256,-23.2547353],[-45.8397112,-23.2544289],[-45.842445,-23.2534453],[-45.8429306,-23.2533181],[-45.8549324,-23.2493626],[-45.8570517,-23.2486339],[-45.8596912,-23.2478167],[-45.8629849,-23.2467146],[-45.8652055,-23.2450113],[-45.8662395,-23.2442587],[-45.8668132,-23.243722],[-45.8671943,-23.2431508],[-45.8674178,-23.2420115],[-45.8676392,-23.240552],[-45.8680491,-23.2384868],[-45.8683447,-23.2366001],[-45.8686804,-23.2349622],[-45.8689863,-23.2329642],[-45.8691159,-23.2322979],[-45.869296,-23.2316622],[-45.8695272,-23.2311656],[-45.8702237,-23.2301246],[-45.8709379,-23.2292228],[-45.8716452,-23.228483],[-45.8729814,-23.2267502],[-45.8746575,-23.2244499],[-45.8761202,-23.2228009],[-45.8775489,-23.2210747],[-45.87887,-23.2195581],[-45.8791439,-23.2191928],[-45.8802737,-23.2178552],[-45.8812708,-23.2167196],[-45.8819614,-23.2158545],[-45.8826486,-23.2149163],[-45.8831459,-23.214155],[-45.8833311,-23.2137281],[-45.883036,-23.2132973],[-45.8834462,-23.2111247],[-45.8837603,-23.2099992],[-45.8846011,-23.2087696],[-45.8828009,-23.207858],[-45.8825396,-23.2082103],[-45.8818231,-23.20781],[-45.8820606,-23.2074703],[-45.8819622,-23.2073326],[-45.8820061,-23.207086],[-45.882238,-23.2067722],[-45.8825592,-23.2062056],[-45.8826098,-23.205989],[-45.8826083,-23.2057726],[-45.8824964,-23.2055509],[-45.883642,-23.2044676],[-45.885058,-23.2057764],[-45.8907065,-23.2110477],[-45.8917428,-23.2120881],[-45.8929,-23.2131581],[-45.8959092,-23.2159797],[-45.8978773,-23.2178194],[-45.8999493,-23.2197001],[-45.9009875,-23.2206671],[-45.9082042,-23.2274003],[-45.9120588,-23.2309429],[-45.9139911,-23.2327635],[-45.9142764,-23.2330186],[-45.9161555,-23.2347046],[-45.9172717,-23.2358417],[-45.9196766,-23.2380498],[-45.9237044,-23.24183],[-45.9260661,-23.2439075],[-45.9274963,-23.2449629],[-45.9284257,-23.2456015],[-45.9304569,-23.2469534],[-45.9345409,-23.2495614],[-45.9491424,-23.2588951],[-45.9484139,-23.259253],[-45.9479264,-23.2593863],[-45.9475793,-23.259389],[-45.9472481,-23.2593178],[-45.9459789,-23.25879],[-45.9456751,-23.2587735],[-45.9455168,-23.2588189],[-45.9454317,-23.2589287],[-45.9451765,-23.2595634],[-45.9450986,-23.2597013],[-45.9449424,-23.2598488],[-45.9447141,-23.2599229],[-45.9443983,-23.2599758],[-45.943721,-23.2600094],[-45.9433754,-23.2601421],[-45.9432021,-23.2602596],[-45.9429519,-23.2605167],[-45.9426375,-23.2605976],[-45.9421725,-23.2605722],[-45.9417192,-23.2602325],[-45.9413306,-23.2597223],[-45.941286,-23.259652],[-45.9411309,-23.2594192],[-45.9410677,-23.2593983],[-45.9408133,-23.2591449],[-45.9405916,-23.2589715],[-45.9400381,-23.2587125],[-45.9398009,-23.2586338],[-45.9387273,-23.2584217],[-45.93778,-23.2583037],[-45.9371498,-23.2582784],[-45.9357308,-23.2583381],[-45.9350993,-23.2582757],[-45.9347514,-23.2581103],[-45.9343452,-23.2575004],[-45.9337358,-23.2571402],[-45.9333874,-23.2569973],[-45.9327876,-23.2568622],[-45.9323297,-23.2568279],[-45.9319667,-23.2568375],[-45.9316214,-23.256898],[-45.9311339,-23.2570321],[-45.9306297,-23.2572247],[-45.9296084,-23.2576674],[-45.9289956,-23.2580209],[-45.9286349,-23.2582781],[-45.9278827,-23.2589744],[-45.9277738,-23.2590983],[-45.9275249,-23.2596536],[-45.9273926,-23.2598801],[-45.9272675,-23.2600335],[-45.9268447,-23.2604225],[-45.9252186,-23.2613137],[-45.9241497,-23.2618442],[-45.9235225,-23.2622344],[-45.9224058,-23.2626558],[-45.9221854,-23.2627806],[-45.9218404,-23.2630307],[-45.9216219,-23.2632658],[-45.9215688,-23.2635929],[-45.921571,-23.2638992],[-45.9214608,-23.2640375],[-45.9209977,-23.2643834],[-45.9208347,-23.264631],[-45.9206894,-23.2652874],[-45.9205883,-23.2655216],[-45.9204403,-23.2657478],[-45.9203078,-23.2658803],[-45.9196797,-23.2663645],[-45.9190132,-23.2669736],[-45.9185596,-23.2674344],[-45.918263,-23.2679248],[-45.9180941,-23.2684353],[-45.9180072,-23.2685305],[-45.9176463,-23.2687949],[-45.9176005,-23.2690499],[-45.9176365,-23.2696332],[-45.9176237,-23.2699528],[-45.9174462,-23.2706095],[-45.917348,-23.271309],[-45.9173889,-23.2718418],[-45.9173335,-23.2721924],[-45.9171978,-23.272389],[-45.9168611,-23.2727188],[-45.916696,-23.2728147],[-45.9160439,-23.2731169],[-45.9157611,-23.2732858],[-45.9154949,-23.2735056],[-45.9149301,-23.2740559],[-45.9141466,-23.2746939],[-45.9139439,-23.2749716],[-45.913803,-23.275235],[-45.9136172,-23.2757605],[-45.9134384,-23.2760603],[-45.9128169,-23.2762971],[-45.9126632,-23.2764627],[-45.9125545,-23.2768395],[-45.9125483,-23.2772233],[-45.9126608,-23.2776895],[-45.9128659,-23.2788528],[-45.9128525,-23.2792023],[-45.9126849,-23.2799025],[-45.9125759,-23.2801366],[-45.9123497,-23.2805169],[-45.9120601,-23.2808899],[-45.911967,-23.2810583],[-45.9118754,-23.2816125],[-45.9118779,-23.2818456],[-45.9119348,-23.2819929],[-45.9119513,-23.2821576],[-45.9119277,-23.2822683],[-45.9118022,-23.2824949],[-45.9115984,-23.2826705],[-45.9113486,-23.2830577],[-45.9113188,-23.2832903],[-45.911368,-23.2834872],[-45.9114473,-23.2836393],[-45.9114591,-23.2841066],[-45.9113742,-23.2843546],[-45.9111714,-23.2847408],[-45.9109353,-23.2848156],[-45.9105407,-23.28484],[-45.9101633,-23.284937],[-45.9098965,-23.2851351],[-45.9097683,-23.2854547],[-45.909758,-23.2856894],[-45.9098229,-23.2858783],[-45.91038,-23.2866841],[-45.9104371,-23.2869244],[-45.9104396,-23.2871567],[-45.9104164,-23.2872448],[-45.9103141,-23.2873832],[-45.9101649,-23.2875155],[-45.9098974,-23.2876476],[-45.909457,-23.2877671],[-45.9093477,-23.2878557],[-45.9092542,-23.2880963],[-45.9091641,-23.2886794],[-45.9089319,-23.2893795],[-45.90887,-23.2894968],[-45.9088551,-23.2896131],[-45.9086772,-23.2899717],[-45.9081757,-23.2906882],[-45.907972,-23.2909154],[-45.9075176,-23.2913119],[-45.9071812,-23.2916707],[-45.9067363,-23.2922914],[-45.9065228,-23.2923585],[-45.9063499,-23.2923458],[-45.9061891,-23.2924227],[-45.9061511,-23.2925188],[-45.906163,-23.2927177],[-45.906377,-23.2929353],[-45.9064335,-23.2930509],[-45.9064349,-23.2931314],[-45.9063641,-23.2932558],[-45.9060478,-23.2932796],[-45.9056615,-23.2932229],[-45.9055045,-23.2933044],[-45.9053792,-23.2934144],[-45.9051548,-23.2937469],[-45.904809,-23.2942473],[-45.9044171,-23.2945934],[-45.9041578,-23.2947545],[-45.9040328,-23.2947986],[-45.903779,-23.2948226],[-45.9031487,-23.2947962],[-45.903022,-23.294768],[-45.9016029,-23.2946594],[-45.9010347,-23.2947063],[-45.8998228,-23.2951286],[-45.8994613,-23.2953135],[-45.898912,-23.2956588],[-45.8986916,-23.2956742],[-45.8985337,-23.2956464],[-45.8981139,-23.2954518],[-45.8977902,-23.2954466],[-45.8975872,-23.2955788],[-45.8975328,-23.2956656],[-45.8974466,-23.2958268],[-45.8973846,-23.2961068],[-45.8972964,-23.2962174],[-45.8969679,-23.2964714],[-45.8966787,-23.2966619],[-45.896239,-23.2968464],[-45.8959237,-23.296863],[-45.8953705,-23.2967927],[-45.8947555,-23.2967819],[-45.8939982,-23.296692],[-45.8936034,-23.2966215],[-45.8925443,-23.2963497],[-45.8911711,-23.2961406],[-45.890887,-23.2961116],[-45.8906978,-23.2961348],[-45.8901943,-23.2962767],[-45.8897768,-23.2963729],[-45.8893727,-23.2965372],[-45.8893121,-23.2965344],[-45.8892663,-23.2965761],[-45.8890303,-23.2966473],[-45.8879287,-23.2971779],[-45.8874174,-23.2973703],[-45.8868441,-23.2976863],[-45.8865862,-23.2980308],[-45.8864933,-23.2982932],[-45.886448,-23.2985635],[-45.8863547,-23.2986875],[-45.885858,-23.2988873],[-45.8853558,-23.2992686],[-45.8850736,-23.2994014],[-45.8849312,-23.2994307],[-45.8846004,-23.2994398],[-45.8841695,-23.2993678],[-45.8840156,-23.2992831],[-45.8837307,-23.29919],[-45.8835422,-23.299177],[-45.883273,-23.2990832],[-45.8829963,-23.2990272],[-45.8827278,-23.2988973],[-45.882434,-23.2987092],[-45.8823007,-23.2986745],[-45.8818668,-23.2987054],[-45.8814245,-23.298664],[-45.8811888,-23.2987668],[-45.8809582,-23.2987513],[-45.8805793,-23.298363],[-45.8803651,-23.2982547],[-45.8800494,-23.2981909],[-45.8790377,-23.2981095],[-45.878858,-23.2981472],[-45.8787099,-23.2982713],[-45.8785396,-23.2986869],[-45.8784634,-23.2991979],[-45.8783313,-23.2994099],[-45.8782774,-23.2994589],[-45.877416,-23.2987],[-45.8771402,-23.2984434],[-45.875504,-23.296878],[-45.8749968,-23.2963885],[-45.8748292,-23.2962272],[-45.8743311,-23.2957496],[-45.8738612,-23.2952816],[-45.8726747,-23.2941508],[-45.8719011,-23.2934012],[-45.8704109,-23.2919757],[-45.8699936,-23.2916164],[-45.8692348,-23.2909712],[-45.8687436,-23.290533],[-45.8681482,-23.2899769],[-45.86775,-23.2896285],[-45.8675455,-23.2894164],[-45.8673979,-23.2892773],[-45.8671709,-23.2890522],[-45.8667624,-23.2885968],[-45.8658087,-23.2877044],[-45.8652776,-23.2872541],[-45.8630309,-23.2855059],[-45.8627466,-23.285294],[-45.8623864,-23.2850083],[-45.8620975,-23.2848225],[-45.8615012,-23.2844902],[-45.8610232,-23.2842314],[-45.8606398,-23.2840069],[-45.8603517,-23.2838011],[-45.8598275,-23.2833833],[-45.8595769,-23.2831291],[-45.8593739,-23.2828819],[-45.8592547,-23.282784],[-45.8591078,-23.2826789],[-45.8589371,-23.2825521],[-45.8587705,-23.2824434],[-45.8585957,-23.2822911],[-45.8584252,-23.2821515],[-45.8583563,-23.2820955],[-45.8582739,-23.2820117],[-45.8581942,-23.2819099],[-45.8580785,-23.2817353],[-45.8580066,-23.2816188],[-45.8578834,-23.281499],[-45.8576609,-23.281314],[-45.8571686,-23.2809261],[-45.8563109,-23.280259],[-45.8558027,-23.2798747],[-45.8554891,-23.2796391],[-45.8550604,-23.2793238],[-45.8547112,-23.279092],[-45.8544138,-23.2789221],[-45.8539541,-23.2787019],[-45.853657,-23.2785684],[-45.853364,-23.2784677],[-45.8530393,-23.2783563],[-45.8527068,-23.2782669],[-45.8523706,-23.278203],[-45.8518091,-23.278122],[-45.8515759,-23.2781014],[-45.8512518,-23.2780813],[-45.8508488,-23.2780798],[-45.8502878,-23.2780865],[-45.8497861,-23.2780928],[-45.8495396,-23.2780975],[-45.8493277,-23.2780807],[-45.848743,-23.2780912],[-45.8481544,-23.2781017],[-45.8477238,-23.2781077],[-45.8468033,-23.2781126],[-45.846432,-23.2781292],[-45.8462384,-23.2781456],[-45.8462052,-23.2781476],[-45.8457713,-23.278168],[-45.8450206,-23.2781864],[-45.8443676,-23.2781863],[-45.8440507,-23.27817],[-45.8437729,-23.2781462],[-45.8434523,-23.2781444],[-45.8431275,-23.2781064],[-45.8428377,-23.278043],[-45.8423559,-23.2779121],[-45.841807,-23.277677],[-45.8410071,-23.277335],[-45.8407795,-23.2772135],[-45.8404361,-23.2770043],[-45.8402301,-23.2769026],[-45.8399364,-23.2768023],[-45.8393184,-23.2765318],[-45.8387954,-23.2762899],[-45.8379712,-23.2758964],[-45.8374678,-23.2756362],[-45.8370634,-23.2754083],[-45.836175,-23.2748654],[-45.8356333,-23.2745281],[-45.8346118,-23.2738914],[-45.8344141,-23.2737795],[-45.8330617,-23.2729359],[-45.8324112,-23.2725268],[-45.8311067,-23.2717524],[-45.8307338,-23.2715098],[-45.8298415,-23.2709522],[-45.8294092,-23.2706916],[-45.8289295,-23.2704094],[-45.8286381,-23.2702443],[-45.8283571,-23.2701053],[-45.8281324,-23.2699933],[-45.827907,-23.269889],[-45.8271372,-23.269556],[-45.8201805,-23.2672911]]]}},{"type":"Feature","properties":{"id":6,"regiao":"Leste","populacao":160990},"geometry":{"type":"Polygon","coordinates":[[[-45.7992003,-23.1012129],[-45.799943,-23.1013064],[-45.8003637,-23.1013066],[-45.8011758,-23.1010934],[-45.8016723,-23.1010072],[-45.8020814,-23.1014233],[-45.8020851,-23.1020504],[-45.8024503,-23.1026757],[-45.8031772,-23.103341],[-45.8042201,-23.1039629],[-45.8048579,-23.1048376],[-45.8049218,-23.104946],[-45.8051774,-23.1053795],[-45.805633,-23.1060044],[-45.8055514,-23.1074682],[-45.8056927,-23.1084291],[-45.8062396,-23.1092207],[-45.8069668,-23.1099278],[-45.8080058,-23.1098807],[-45.8094939,-23.1093713],[-45.8103984,-23.1094921],[-45.8113048,-23.1099474],[-45.8118962,-23.1106133],[-45.8127583,-23.1111942],[-45.8135716,-23.11119],[-45.8141103,-23.1106019],[-45.8148257,-23.1093439],[-45.815588,-23.1083783],[-45.8162259,-23.1081742],[-45.8170537,-23.1081699],[-45.8182599,-23.1085119],[-45.8192008,-23.1085418],[-45.8200858,-23.1086591],[-45.820934,-23.1089158],[-45.8215,-23.109174],[-45.82182,-23.1092071],[-45.8220094,-23.1094151],[-45.8220107,-23.109624],[-45.8218428,-23.1098512],[-45.8208424,-23.1104834],[-45.8204844,-23.1110706],[-45.8209383,-23.1114027],[-45.8215308,-23.1122358],[-45.8218982,-23.1131956],[-45.8215196,-23.1139915],[-45.8203271,-23.114918],[-45.8195178,-23.1155912],[-45.818664,-23.11639],[-45.8182619,-23.1171447],[-45.8183122,-23.1179806],[-45.8185417,-23.1185648],[-45.8196726,-23.118768],[-45.8206079,-23.1190265],[-45.8212595,-23.1196377],[-45.821716,-23.1203879],[-45.8227119,-23.1206754],[-45.8232984,-23.1205051],[-45.8241536,-23.1199571],[-45.8252808,-23.1195331],[-45.8260025,-23.1193203],[-45.8265455,-23.1194429],[-45.8284965,-23.1207288],[-45.8295841,-23.1212248],[-45.8306217,-23.1209267],[-45.8318828,-23.120251],[-45.8326908,-23.1193688],[-45.8339052,-23.1184425],[-45.8348076,-23.1182287],[-45.8357717,-23.1182594],[-45.8364848,-23.1187258],[-45.8369206,-23.1194103],[-45.8369964,-23.1199465],[-45.8367464,-23.1205514],[-45.836157,-23.1213266],[-45.8349616,-23.1227121],[-45.8343992,-23.1244655],[-45.8346773,-23.1253961],[-45.8347533,-23.1261079],[-45.8358485,-23.1270569],[-45.8367887,-23.1275967],[-45.8379719,-23.1269717],[-45.838824,-23.1255285],[-45.8393885,-23.1248913],[-45.8401892,-23.1245931],[-45.8405082,-23.1247925],[-45.8406825,-23.1259363],[-45.840681,-23.1270423],[-45.8414212,-23.1288838],[-45.8420001,-23.1297824],[-45.8422994,-23.1304586],[-45.8423531,-23.1312127],[-45.8423314,-23.1317104],[-45.841843,-23.1321702],[-45.8410562,-23.1326115],[-45.8399537,-23.1326046],[-45.8382373,-23.1331972],[-45.8376318,-23.1337475],[-45.8373259,-23.1341568],[-45.8373915,-23.1354826],[-45.8378004,-23.1367004],[-45.8386654,-23.1374914],[-45.8398134,-23.1376975],[-45.8404548,-23.1377833],[-45.8411321,-23.1376905],[-45.8415532,-23.1375434],[-45.8423318,-23.1369945],[-45.8427247,-23.1366824],[-45.8431849,-23.1364052],[-45.8436904,-23.1363211],[-45.8443922,-23.1364],[-45.8448576,-23.1365285],[-45.8451989,-23.1370322],[-45.8450329,-23.1379879],[-45.8450236,-23.1384508],[-45.8448308,-23.139276],[-45.8445703,-23.1398269],[-45.8442448,-23.140326],[-45.8444205,-23.1409085],[-45.8448225,-23.1410124],[-45.8460832,-23.1408996],[-45.84729,-23.1413175],[-45.848271,-23.14232],[-45.8484557,-23.1443346],[-45.8479537,-23.1465651],[-45.8479866,-23.1471509],[-45.8481897,-23.1476247],[-45.8486445,-23.1479969],[-45.8491105,-23.1481502],[-45.8497813,-23.1481473],[-45.850198,-23.1478261],[-45.850823,-23.146921],[-45.8512733,-23.1455925],[-45.8521284,-23.1447922],[-45.8537285,-23.1439349],[-45.8552166,-23.1435025],[-45.8584831,-23.1432195],[-45.8589335,-23.1431568],[-45.8594585,-23.1433203],[-45.8597097,-23.1435997],[-45.85947,-23.1451236],[-45.8596983,-23.1455895],[-45.8599908,-23.1458634],[-45.8604022,-23.1460776],[-45.8609103,-23.1461766],[-45.861997,-23.1457464],[-45.863025,-23.1451042],[-45.8644578,-23.1449903],[-45.8655506,-23.1455147],[-45.8664226,-23.1473664],[-45.8670585,-23.1481586],[-45.86798,-23.14879],[-45.8695862,-23.1488872],[-45.8710183,-23.1486672],[-45.8723361,-23.1485007],[-45.873524,-23.1486897],[-45.8750327,-23.148999],[-45.8762333,-23.1499053],[-45.8772305,-23.1514854],[-45.8777099,-23.1533087],[-45.8779396,-23.1566709],[-45.8776351,-23.1582086],[-45.8773487,-23.1592609],[-45.8767733,-23.16105],[-45.8776142,-23.1625349],[-45.8780905,-23.1628381],[-45.8764723,-23.1649512],[-45.8758455,-23.1658984],[-45.875293,-23.1666559],[-45.8744188,-23.1677449],[-45.8688057,-23.1754501],[-45.8689157,-23.1757406],[-45.8689392,-23.1763504],[-45.86889,-23.1764105],[-45.8679915,-23.176525],[-45.867473,-23.1773126],[-45.8671276,-23.1780047],[-45.8669236,-23.178696],[-45.8668388,-23.1791666],[-45.8669957,-23.1794163],[-45.8670363,-23.1800886],[-45.8669846,-23.1807618],[-45.8669795,-23.181378],[-45.866802,-23.182657],[-45.8666591,-23.1841514],[-45.8658766,-23.1854658],[-45.8652074,-23.1863448],[-45.8647907,-23.1867436],[-45.8641673,-23.1874241],[-45.8639633,-23.1877354],[-45.8638504,-23.1880728],[-45.8636534,-23.1885184],[-45.8634576,-23.1888292],[-45.8633062,-23.1892274],[-45.863245,-23.1893923],[-45.8632643,-23.1894345],[-45.8630888,-23.1897047],[-45.8630848,-23.1899916],[-45.8631862,-23.1901766],[-45.8633543,-23.1903287],[-45.8641826,-23.1909014],[-45.8642546,-23.1911165],[-45.8640622,-23.1914119],[-45.8594709,-23.1891765],[-45.8560217,-23.1874924],[-45.8539109,-23.1864542],[-45.8527928,-23.1858944],[-45.8512292,-23.1850968],[-45.8471026,-23.1829368],[-45.8432125,-23.1809363],[-45.8431694,-23.181247],[-45.8431861,-23.1814333],[-45.8432387,-23.1815692],[-45.8433154,-23.1817567],[-45.8433781,-23.1819905],[-45.8438913,-23.182176],[-45.8445331,-23.1824982],[-45.8451045,-23.1829566],[-45.845778,-23.1836481],[-45.8466001,-23.1841753],[-45.8469599,-23.1846609],[-45.8471352,-23.1853998],[-45.8471995,-23.1857723],[-45.8471008,-23.1861026],[-45.8469938,-23.1863541],[-45.8468892,-23.1869856],[-45.8467822,-23.18723],[-45.8464398,-23.1882857],[-45.8464661,-23.1887588],[-45.8463749,-23.1890676],[-45.8461265,-23.1894054],[-45.845885,-23.1898883],[-45.8457618,-23.1900975],[-45.845502,-23.1905382],[-45.8453308,-23.190758],[-45.8449932,-23.1915616],[-45.8446751,-23.1919762],[-45.8438813,-23.193354],[-45.8432436,-23.1943182],[-45.8430814,-23.1944338],[-45.8429651,-23.1944344],[-45.8428722,-23.1944564],[-45.8426996,-23.1945017],[-45.8425426,-23.1946737],[-45.84183,-23.1953931],[-45.8414015,-23.1957907],[-45.8401953,-23.1971646],[-45.8399491,-23.1973716],[-45.8391572,-23.198391],[-45.8385335,-23.1994324],[-45.8376697,-23.2005603],[-45.8374828,-23.2008732],[-45.8370808,-23.2011643],[-45.8358432,-23.2017515],[-45.8348596,-23.2018108],[-45.8346462,-23.2018238],[-45.8340064,-23.2017141],[-45.8337287,-23.2017571],[-45.833391,-23.2020162],[-45.8329118,-23.2022102],[-45.8322654,-23.2021655],[-45.8316885,-23.2024136],[-45.831107,-23.2023938],[-45.8304397,-23.2026899],[-45.8301415,-23.202662],[-45.8294176,-23.2025522],[-45.8288999,-23.2025674],[-45.8281622,-23.2027806],[-45.8276181,-23.2028317],[-45.8268614,-23.202806],[-45.8260729,-23.2027503],[-45.8255674,-23.2027414],[-45.8248421,-23.2029026],[-45.8241434,-23.2030068],[-45.8240408,-23.2030628],[-45.8236444,-23.2032798],[-45.8232439,-23.2034059],[-45.8226862,-23.203755],[-45.8223112,-23.20404],[-45.8215604,-23.2042592],[-45.8211454,-23.2046672],[-45.8206129,-23.2049972],[-45.8203336,-23.2052272],[-45.8203135,-23.2054602],[-45.8203062,-23.2056161],[-45.8202611,-23.2057361],[-45.8201061,-23.2059411],[-45.8198971,-23.206377],[-45.8197084,-23.2067779],[-45.8194676,-23.2071789],[-45.8193831,-23.2074548],[-45.8193504,-23.2077607],[-45.8191946,-23.2079527],[-45.8189607,-23.2080247],[-45.8184237,-23.2080629],[-45.8178478,-23.2080901],[-45.8176216,-23.2081931],[-45.8174915,-23.2083071],[-45.8171291,-23.2084112],[-45.8168253,-23.2084663],[-45.8165534,-23.2085273],[-45.8161453,-23.2087204],[-45.8158277,-23.2089754],[-45.8155997,-23.2092854],[-45.8155168,-23.2093824],[-45.8154375,-23.2096383],[-45.8152046,-23.2099433],[-45.8148635,-23.2103622],[-45.8169426,-23.2122489],[-45.8142589,-23.2159508],[-45.8141519,-23.2160985],[-45.8125168,-23.2182205],[-45.812081,-23.2187862],[-45.8118944,-23.2186614],[-45.811284,-23.2184556],[-45.8110421,-23.2185327],[-45.8106788,-23.2186307],[-45.8104462,-23.2187748],[-45.8102639,-23.2190148],[-45.8102078,-23.2191835],[-45.8101601,-23.2193267],[-45.8102493,-23.2195516],[-45.8103973,-23.2196875],[-45.8105462,-23.2199453],[-45.8105316,-23.2201233],[-45.8102525,-23.2205602],[-45.8100783,-23.2209032],[-45.809895,-23.2211421],[-45.8095715,-23.2212812],[-45.8093261,-23.2214092],[-45.8091188,-23.2215293],[-45.808949,-23.2215893],[-45.8088848,-23.2218412],[-45.808586,-23.2221222],[-45.8082742,-23.2222853],[-45.807932,-23.2223773],[-45.8076655,-23.2226293],[-45.807484,-23.2228933],[-45.8072373,-23.2230553],[-45.8070692,-23.2231584],[-45.8069141,-23.2232624],[-45.8067054,-23.2234234],[-45.806629,-23.2235744],[-45.8065296,-23.2239612],[-45.8064199,-23.2243631],[-45.8064184,-23.22477],[-45.806462,-23.2249439],[-45.8064564,-23.2249587],[-45.8063923,-23.2251279],[-45.8061704,-23.2253129],[-45.805925,-23.2255609],[-45.8058001,-23.2258708],[-45.8057094,-23.2260558],[-45.8055607,-23.2262318],[-45.8047316,-23.2265949],[-45.8042768,-23.226853],[-45.8042128,-23.226956],[-45.8040239,-23.227033],[-45.8038039,-23.227231],[-45.8036159,-23.227437],[-45.803563,-23.227531],[-45.8035437,-23.227573],[-45.8034867,-23.2276759],[-45.8033165,-23.2279089],[-45.8032252,-23.2280469],[-45.8030702,-23.2283718],[-45.8029192,-23.2286878],[-45.8029184,-23.2290157],[-45.8029453,-23.2290297],[-45.8029383,-23.2292556],[-45.8027877,-23.2295425],[-45.8025229,-23.2297126],[-45.8020564,-23.2300496],[-45.8017825,-23.2303416],[-45.8016149,-23.2306245],[-45.8014257,-23.2308515],[-45.8011473,-23.2310815],[-45.800851,-23.2311916],[-45.8006743,-23.2313631],[-45.8005441,-23.2314896],[-45.800487,-23.2316116],[-45.8002797,-23.2317326],[-45.8001239,-23.2317936],[-45.8000079,-23.2319016],[-45.7999297,-23.2320216],[-45.799903,-23.2322125],[-45.7999026,-23.2323355],[-45.7999018,-23.2325824],[-45.799863,-23.2327864],[-45.7997843,-23.2329773],[-45.7998111,-23.2331091],[-45.7998222,-23.2333352],[-45.7999518,-23.2335141],[-45.7999389,-23.2340034],[-45.7999359,-23.2362701],[-45.8001638,-23.236535],[-45.8002263,-23.2367229],[-45.8002314,-23.2369438],[-45.800136,-23.2372038],[-45.7999907,-23.2374527],[-45.7997572,-23.2377047],[-45.7995354,-23.2380895],[-45.7994746,-23.238414],[-45.7995066,-23.2390139],[-45.7995716,-23.2394792],[-45.7995458,-23.2395946],[-45.799508,-23.2397631],[-45.7994647,-23.2398819],[-45.7992849,-23.2403421],[-45.7992599,-23.2404329],[-45.7992309,-23.240549],[-45.7991552,-23.2408518],[-45.7991767,-23.2410428],[-45.7992063,-23.2413056],[-45.7992315,-23.2414006],[-45.7993105,-23.2415464],[-45.799335,-23.2415915],[-45.799417,-23.2416975],[-45.7994852,-23.2417857],[-45.7995924,-23.2419243],[-45.7997216,-23.2420312],[-45.7997643,-23.2421892],[-45.7997704,-23.2424041],[-45.7999325,-23.242416],[-45.7999266,-23.2427611],[-45.7999172,-23.2429784],[-45.7998849,-23.2434077],[-45.7998833,-23.2436996],[-45.7999352,-23.2438425],[-45.7998971,-23.2440122],[-45.7998695,-23.2441355],[-45.7996811,-23.2445074],[-45.7994429,-23.2446629],[-45.7993961,-23.2446934],[-45.7991427,-23.2448205],[-45.7989353,-23.2449595],[-45.7988118,-23.2451095],[-45.7984696,-23.2456574],[-45.7980037,-23.2458215],[-45.7977699,-23.2461095],[-45.7975987,-23.2462205],[-45.7975357,-23.2463255],[-45.7972556,-23.2464195],[-45.7971997,-23.2464816],[-45.796945,-23.2465133],[-45.7967404,-23.2466036],[-45.7965606,-23.2468053],[-45.7962957,-23.2469182],[-45.7960073,-23.2471205],[-45.795344,-23.2471908],[-45.794797,-23.2475654],[-45.7943499,-23.2484674],[-45.7939282,-23.2485811],[-45.7936622,-23.2484932],[-45.7934569,-23.2484719],[-45.7931917,-23.2485179],[-45.7928021,-23.2487253],[-45.7925734,-23.2483966],[-45.7922347,-23.2479033],[-45.7920219,-23.2475616],[-45.7914893,-23.246712],[-45.7911931,-23.2462747],[-45.7903375,-23.2450656],[-45.7902729,-23.2449635],[-45.7902239,-23.2448956],[-45.790171,-23.244805],[-45.789418,-23.2436724],[-45.7889204,-23.242928],[-45.7866015,-23.2394385],[-45.7852475,-23.2373832],[-45.7844184,-23.2364414],[-45.7842974,-23.2363048],[-45.7839336,-23.235928],[-45.7837309,-23.2357216],[-45.7836345,-23.2356311],[-45.7831936,-23.2352278],[-45.7829632,-23.2350402],[-45.7827379,-23.2348549],[-45.7822822,-23.2345145],[-45.7820367,-23.2343386],[-45.7816192,-23.2340425],[-45.78127,-23.2337962],[-45.7810002,-23.2336079],[-45.7803685,-23.2331705],[-45.7801794,-23.233029],[-45.7797463,-23.2327337],[-45.7795696,-23.2326054],[-45.7791891,-23.2323196],[-45.7786077,-23.2319019],[-45.7782357,-23.2316404],[-45.7779245,-23.2314159],[-45.7776942,-23.2312492],[-45.7774286,-23.2310571],[-45.7770211,-23.2307771],[-45.7767073,-23.2305456],[-45.7763498,-23.2303116],[-45.7759875,-23.2300549],[-45.7757475,-23.229881],[-45.7754169,-23.2296533],[-45.7751135,-23.229438],[-45.7748055,-23.2292018],[-45.7713636,-23.2266519],[-45.7662019,-23.2230781],[-45.7655229,-23.2226409],[-45.7651897,-23.2224827],[-45.764653,-23.222194],[-45.7644046,-23.2220809],[-45.7637549,-23.2217674],[-45.7634014,-23.2215933],[-45.7629268,-23.2213785],[-45.7624937,-23.2211491],[-45.7622165,-23.221001],[-45.7618915,-23.2208091],[-45.7614225,-23.220533],[-45.7612654,-23.2204484],[-45.7606904,-23.2201615],[-45.7602726,-23.2199565],[-45.7599052,-23.2197739],[-45.7593921,-23.2195444],[-45.7591573,-23.2194449],[-45.7585733,-23.2191578],[-45.7578514,-23.2188122],[-45.7570474,-23.2184316],[-45.7561206,-23.2179699],[-45.7556906,-23.2177346],[-45.7550174,-23.2173787],[-45.7542681,-23.2169956],[-45.7535924,-23.2166678],[-45.7529025,-23.2163296],[-45.7524874,-23.216117],[-45.7517667,-23.215761],[-45.7513404,-23.2155432],[-45.7508356,-23.2152999],[-45.7495088,-23.2146262],[-45.7494011,-23.2145841],[-45.7481467,-23.2139017],[-45.7467178,-23.2130161],[-45.7464775,-23.2128286],[-45.7416216,-23.2072826],[-45.7410726,-23.206201],[-45.7407866,-23.2054808],[-45.7406407,-23.2050476],[-45.7403333,-23.2040443],[-45.7399209,-23.2028587],[-45.7398705,-23.2027051],[-45.7400001,-23.202613],[-45.7407624,-23.2022781],[-45.7410729,-23.2020458],[-45.7413047,-23.2017931],[-45.7413584,-23.2016043],[-45.7413654,-23.2014463],[-45.7411702,-23.2012388],[-45.7409898,-23.2011165],[-45.7409113,-23.2009868],[-45.7409182,-23.2008867],[-45.7409798,-23.200735],[-45.7410653,-23.2006624],[-45.7414235,-23.200495],[-45.7415477,-23.2003932],[-45.7415618,-23.2001775],[-45.7414192,-23.1997315],[-45.7414648,-23.1995009],[-45.7416642,-23.1991556],[-45.741974,-23.198916],[-45.7424276,-23.1988623],[-45.7430202,-23.1989456],[-45.7433944,-23.1990522],[-45.7441453,-23.199337],[-45.7443939,-23.1993647],[-45.7452521,-23.199317],[-45.745751,-23.1993932],[-45.7464998,-23.1994403],[-45.7467484,-23.1994246],[-45.7469989,-23.1993593],[-45.747592,-23.1990234],[-45.7484444,-23.1974495],[-45.7487246,-23.1968236],[-45.7493702,-23.1954712],[-45.7497789,-23.1947779],[-45.7501455,-23.1942781],[-45.7502951,-23.1940322],[-45.7504742,-23.1935284],[-45.7505198,-23.1934488],[-45.7509366,-23.1925867],[-45.7509987,-23.1923654],[-45.7510656,-23.191557],[-45.7509137,-23.1903953],[-45.7509596,-23.1900518],[-45.7509412,-23.1899946],[-45.7509207,-23.1897954],[-45.7508667,-23.1894169],[-45.7508148,-23.1891241],[-45.7508095,-23.1883615],[-45.7505904,-23.1871859],[-45.7505642,-23.1865377],[-45.7506138,-23.1859142],[-45.7507474,-23.185387],[-45.7511207,-23.1847979],[-45.7514298,-23.1841454],[-45.7515237,-23.1837982],[-45.7515758,-23.1834377],[-45.7519128,-23.182314],[-45.7522789,-23.1802169],[-45.7523057,-23.1798514],[-45.752276,-23.1795726],[-45.7522708,-23.178707],[-45.7523545,-23.1774941],[-45.7526495,-23.1770537],[-45.7532253,-23.176505],[-45.7536661,-23.1760102],[-45.7543947,-23.1753892],[-45.7546325,-23.1750815],[-45.7550686,-23.1745269],[-45.7555745,-23.173753],[-45.7564182,-23.1721564],[-45.7566704,-23.1718589],[-45.7578356,-23.170068],[-45.7583738,-23.1690407],[-45.7591609,-23.167837],[-45.7593295,-23.1674658],[-45.7597931,-23.1669009],[-45.7599509,-23.1666298],[-45.7599488,-23.1663424],[-45.7599296,-23.166174],[-45.7598264,-23.1659112],[-45.7597497,-23.1658367],[-45.759693,-23.1656903],[-45.759701,-23.1655323],[-45.7597903,-23.1652654],[-45.7598091,-23.1651573],[-45.759802,-23.1650199],[-45.7595756,-23.1646095],[-45.7595322,-23.164382],[-45.7595723,-23.1639851],[-45.7595591,-23.1637174],[-45.7592436,-23.1633651],[-45.7591299,-23.1631364],[-45.7591559,-23.1629562],[-45.7593417,-23.1625084],[-45.7593369,-23.1624027],[-45.7591186,-23.1620764],[-45.7591355,-23.1618635],[-45.7592076,-23.1615783],[-45.7591839,-23.1614469],[-45.7588976,-23.1611953],[-45.7587717,-23.1611417],[-45.7584018,-23.1610704],[-45.7583478,-23.1610324],[-45.7579934,-23.1601292],[-45.7579115,-23.1595767],[-45.757814,-23.1593718],[-45.7576827,-23.1592376],[-45.7572404,-23.1590738],[-45.7569771,-23.1589013],[-45.7569352,-23.1587976],[-45.7567441,-23.1585757],[-45.7566821,-23.1583506],[-45.7566397,-23.1579261],[-45.756702,-23.1577438],[-45.7569697,-23.1573507],[-45.7575777,-23.1567991],[-45.7578065,-23.1562446],[-45.7580023,-23.1559325],[-45.7584721,-23.1554987],[-45.758754,-23.1553246],[-45.7588506,-23.1552331],[-45.7589588,-23.1550488],[-45.7591318,-23.1544536],[-45.7592126,-23.153977],[-45.7593899,-23.1534587],[-45.7594345,-23.1532309],[-45.7593141,-23.1523063],[-45.7593682,-23.1520904],[-45.7596142,-23.1515064],[-45.7596967,-23.1508455],[-45.7598398,-23.150623],[-45.7599088,-23.1503982],[-45.7598804,-23.1498566],[-45.7599129,-23.1495987],[-45.7602691,-23.1489298],[-45.7603651,-23.1485709],[-45.7603978,-23.1482977],[-45.7603328,-23.1477807],[-45.7602686,-23.1475212],[-45.7600493,-23.1469528],[-45.7600429,-23.1465325],[-45.7601495,-23.1462805],[-45.7604154,-23.145882],[-45.7604362,-23.1456212],[-45.7603157,-23.1451918],[-45.7602723,-23.1449155],[-45.7602696,-23.1446561],[-45.7603022,-23.1444895],[-45.7602444,-23.1440079],[-45.760211,-23.1433225],[-45.7598779,-23.1423808],[-45.7594779,-23.1415138],[-45.7590588,-23.1408201],[-45.7589406,-23.1405723],[-45.7588277,-23.1402081],[-45.7585854,-23.1398146],[-45.7584535,-23.1395151],[-45.7582818,-23.1393577],[-45.7579735,-23.1392332],[-45.7577712,-23.1390924],[-45.7575746,-23.1388054],[-45.757138,-23.1378619],[-45.7569418,-23.1376092],[-45.7566369,-23.1374143],[-45.7565614,-23.137282],[-45.7563693,-23.137014],[-45.7561928,-23.1366063],[-45.7561344,-23.1363947],[-45.7561332,-23.1362113],[-45.756249,-23.1357389],[-45.7562089,-23.1354464],[-45.7561478,-23.1352782],[-45.7561178,-23.1349163],[-45.7562175,-23.1346704],[-45.7561809,-23.1343481],[-45.7562245,-23.1342179],[-45.7567106,-23.1335991],[-45.7569148,-23.1332041],[-45.7569622,-23.1328787],[-45.756946,-23.1326643],[-45.7568576,-23.132342],[-45.7568929,-23.1320409],[-45.7570199,-23.1318397],[-45.7574868,-23.1314004],[-45.7576172,-23.1312309],[-45.7578807,-23.130602],[-45.7580841,-23.1304473],[-45.7584147,-23.1303292],[-45.7586074,-23.1302177],[-45.7590007,-23.1298412],[-45.7592418,-23.1297532],[-45.7597052,-23.1296887],[-45.7599818,-23.1294856],[-45.7603174,-23.129063],[-45.7604049,-23.1288847],[-45.7604406,-23.1286621],[-45.7603646,-23.128453],[-45.7602358,-23.1277551],[-45.7600751,-23.1274823],[-45.7597988,-23.1268325],[-45.7597211,-23.1267146],[-45.7593727,-23.1263491],[-45.7592646,-23.126087],[-45.7593356,-23.1255118],[-45.7592035,-23.1251265],[-45.7591274,-23.1244295],[-45.7591363,-23.1237312],[-45.7592073,-23.1231559],[-45.7591817,-23.1229685],[-45.7590821,-23.1228222],[-45.7588451,-23.1226538],[-45.7587789,-23.1225442],[-45.7587053,-23.1223144],[-45.7585864,-23.1221994],[-45.75831,-23.1220484],[-45.7582106,-23.121988],[-45.7580981,-23.1218478],[-45.7580585,-23.121727],[-45.7579971,-23.1214232],[-45.7579382,-23.1213382],[-45.7577132,-23.1211085],[-45.7576335,-23.1209879],[-45.7575266,-23.1207638],[-45.7574155,-23.1206544],[-45.7571249,-23.1204796],[-45.7570058,-23.1203764],[-45.7569464,-23.1202679],[-45.7568916,-23.119976],[-45.7568128,-23.1198608],[-45.75668,-23.1197095],[-45.7566534,-23.1195762],[-45.7565851,-23.1191269],[-45.7565191,-23.118956],[-45.7563661,-23.1188404],[-45.7557595,-23.1187425],[-45.7552849,-23.1186332],[-45.7541909,-23.1186797],[-45.7534015,-23.118782],[-45.7528991,-23.1187464],[-45.752536,-23.1185387],[-45.7522657,-23.1179306],[-45.7523127,-23.1174832],[-45.7525378,-23.1172657],[-45.7536358,-23.116969],[-45.7543409,-23.1166313],[-45.7546998,-23.116266],[-45.7549503,-23.1159007],[-45.7549363,-23.1154758],[-45.7546923,-23.114972],[-45.7545635,-23.1142741],[-45.7545509,-23.1133803],[-45.7548354,-23.1125331],[-45.7553793,-23.1118999],[-45.7562879,-23.1114012],[-45.7570738,-23.1113251],[-45.7579069,-23.1114784],[-45.7584279,-23.1117546],[-45.7588061,-23.112286],[-45.7591583,-23.1132488],[-45.7595717,-23.1139289],[-45.7600137,-23.1143493],[-45.7608475,-23.1145161],[-45.7613335,-23.1144412],[-45.7618336,-23.1140458],[-45.7621174,-23.113626],[-45.7623409,-23.1128446],[-45.7626565,-23.1117566],[-45.7630043,-23.1112105],[-45.7637257,-23.1108857],[-45.7643218,-23.1107232],[-45.7652187,-23.1107636],[-45.7655501,-23.1109499],[-45.7657073,-23.1111974],[-45.7657877,-23.1114292],[-45.7658053,-23.1117783],[-45.7656209,-23.1125061],[-45.76519,-23.113452],[-45.7651305,-23.1147341],[-45.7653383,-23.1153881],[-45.7659232,-23.115894],[-45.766656,-23.1163338],[-45.7675852,-23.1165184],[-45.7682597,-23.1162967],[-45.769028,-23.1158272],[-45.7693704,-23.1154038],[-45.7698724,-23.1151105],[-45.7703906,-23.1150361],[-45.7707983,-23.1150186],[-45.7713148,-23.1146821],[-45.7717744,-23.1139156],[-45.7719346,-23.1127283],[-45.7719029,-23.1116598],[-45.7718982,-23.1093684],[-45.77202,-23.1086404],[-45.7726006,-23.1071322],[-45.7732089,-23.1064025],[-45.7740696,-23.1056996],[-45.7747178,-23.1051214],[-45.7754707,-23.104929],[-45.7760687,-23.1049689],[-45.7764783,-23.1051998],[-45.7766531,-23.1055488],[-45.7766714,-23.1059115],[-45.7764546,-23.1065529],[-45.7761584,-23.1069618],[-45.7759152,-23.1080546],[-45.7758717,-23.1083312],[-45.7758001,-23.1087899],[-45.7757856,-23.1090815],[-45.775809,-23.1092843],[-45.7758834,-23.1095738],[-45.7759859,-23.1099206],[-45.7760463,-23.1101773],[-45.7761238,-23.1104596],[-45.7765656,-23.1114863],[-45.7767623,-23.1122169],[-45.7770729,-23.114453],[-45.7771581,-23.1146866],[-45.7773667,-23.1149603],[-45.7775445,-23.1151069],[-45.7777131,-23.1151775],[-45.7779478,-23.1152637],[-45.778216,-23.1152872],[-45.7785895,-23.1152645],[-45.778952,-23.1152128],[-45.7793307,-23.1150773],[-45.7795365,-23.1149453],[-45.7796978,-23.1147917],[-45.7798015,-23.1146326],[-45.7798851,-23.1144533],[-45.7799009,-23.1142963],[-45.7798407,-23.1139818],[-45.779729,-23.1137007],[-45.7790599,-23.1126549],[-45.7787102,-23.1121069],[-45.7786092,-23.1109849],[-45.7787714,-23.1104373],[-45.7791778,-23.1100864],[-45.7796015,-23.1098956],[-45.7799001,-23.1098645],[-45.7804191,-23.1098479],[-45.7808273,-23.1099036],[-45.7816613,-23.1100603],[-45.7827339,-23.1106512],[-45.7836486,-23.1113306],[-45.7844679,-23.1116895],[-45.7858288,-23.1118786],[-45.7866609,-23.1117869],[-45.787092,-23.1116179],[-45.7872469,-23.111438],[-45.7872869,-23.1112453],[-45.7870764,-23.1108686],[-45.786751,-23.1105749],[-45.7861317,-23.1099276],[-45.7860355,-23.1094064],[-45.7861514,-23.1088735],[-45.7865628,-23.108369],[-45.7876972,-23.1074537],[-45.7881035,-23.1071028],[-45.7883064,-23.1068694],[-45.7882875,-23.1063884],[-45.7877611,-23.105336],[-45.7871943,-23.1041547],[-45.7871631,-23.1036518],[-45.7874115,-23.1030406],[-45.787724,-23.1026456],[-45.7880996,-23.1023673],[-45.7887705,-23.1022222],[-45.7895852,-23.1024681],[-45.7902655,-23.1031924],[-45.7903795,-23.1039053],[-45.7901332,-23.1048084],[-45.7900746,-23.1055067],[-45.7903245,-23.1067632],[-45.7909568,-23.1072978],[-45.7916342,-23.1075712],[-45.7923737,-23.1075673],[-45.7928119,-23.1074337],[-45.7932043,-23.1071999],[-45.793485,-23.1069796],[-45.7937044,-23.1067023],[-45.7939063,-23.1063669],[-45.7939713,-23.10589],[-45.7940579,-23.1052535],[-45.7942712,-23.104387],[-45.7946294,-23.103803],[-45.7951604,-23.1033203],[-45.7954827,-23.1030194],[-45.7957898,-23.1027969],[-45.7960314,-23.1026301],[-45.7966369,-23.1023846],[-45.7974229,-23.1021474],[-45.7982387,-23.1019885],[-45.7991052,-23.10188],[-45.7995236,-23.1018111],[-45.7996081,-23.1017845],[-45.799628,-23.1017677],[-45.79964,-23.1017516],[-45.7996464,-23.1017264],[-45.7996457,-23.1017102],[-45.7996336,-23.1016829],[-45.7995164,-23.10153],[-45.7995078,-23.1015208],[-45.7992003,-23.1012129]]]}},{"type":"Feature","properties":{"id":7,"regiao":"São Francisco Xavier","populacao":null},"geometry":{"type":"Polygon","coordinates":[[[-45.9611884,-22.9071288],[-45.9631362,-22.907507],[-45.9631656,-22.9077432],[-45.9632194,-22.9081067],[-45.9633055,-22.9086217],[-45.9634584,-22.9089276],[-45.9635481,-22.9090607],[-45.9636263,-22.909127],[-45.9637547,-22.909229],[-45.9638055,-22.9092745],[-45.9638616,-22.9093667],[-45.9638635,-22.9093784],[-45.9638732,-22.9094386],[-45.9638627,-22.909526],[-45.9636477,-22.9097278],[-45.9630376,-22.9100985],[-45.9622024,-22.910525],[-45.9616276,-22.9108728],[-45.9615449,-22.9110297],[-45.9615354,-22.9112508],[-45.961575,-22.9113636],[-45.9616759,-22.9115017],[-45.961794,-22.9117169],[-45.9617894,-22.9118505],[-45.9617251,-22.9122343],[-45.9617066,-22.9127586],[-45.9617362,-22.9130205],[-45.9617703,-22.9131283],[-45.9618488,-22.9132511],[-45.9619549,-22.9133327],[-45.9623721,-22.9134638],[-45.9624721,-22.9134735],[-45.9627676,-22.9135095],[-45.9628057,-22.9135897],[-45.9630201,-22.9137675],[-45.9630872,-22.9138644],[-45.9632316,-22.9142025],[-45.9636795,-22.9144067],[-45.9641543,-22.914861],[-45.964468,-22.9150051],[-45.9648866,-22.9151433],[-45.9651515,-22.9152417],[-45.965313,-22.9153167],[-45.9653748,-22.9154901],[-45.9655109,-22.9155264],[-45.9656867,-22.9154372],[-45.9657218,-22.9153543],[-45.9657031,-22.9152743],[-45.9657034,-22.9151349],[-45.9656894,-22.9150114],[-45.9657475,-22.9149584],[-45.9658278,-22.9149189],[-45.9661928,-22.9149396],[-45.9663149,-22.9148807],[-45.9664206,-22.9148568],[-45.9666204,-22.9148355],[-45.9667089,-22.9147036],[-45.9667425,-22.9144894],[-45.9666872,-22.9142653],[-45.9666317,-22.9140678],[-45.9664717,-22.913927],[-45.9664143,-22.9138306],[-45.9664635,-22.9137279],[-45.9663904,-22.9135773],[-45.9664135,-22.9134113],[-45.9665699,-22.9131894],[-45.9666271,-22.9131493],[-45.9666048,-22.9129882],[-45.9667194,-22.9128941],[-45.9668166,-22.9127312],[-45.9668875,-22.9127157],[-45.9669745,-22.9127077],[-45.96707,-22.9126849],[-45.9671512,-22.9126537],[-45.9672323,-22.9126164],[-45.9672791,-22.9125784],[-45.9672951,-22.9125683],[-45.9673343,-22.912574],[-45.9673528,-22.9126148],[-45.9673559,-22.912719],[-45.9673899,-22.912785],[-45.9674429,-22.9127914],[-45.9675078,-22.9127537],[-45.9675819,-22.9126845],[-45.9676432,-22.9125259],[-45.9676919,-22.9122771],[-45.9677562,-22.9121709],[-45.96812,-22.912026],[-45.9682298,-22.9119478],[-45.9682778,-22.9119529],[-45.9684286,-22.912012],[-45.9685586,-22.9120677],[-45.9686376,-22.9120996],[-45.9687225,-22.9121151],[-45.9688417,-22.9122133],[-45.9688808,-22.912494],[-45.9687945,-22.9126348],[-45.968664,-22.9128221],[-45.9684695,-22.9129917],[-45.9683986,-22.9130528],[-45.9683898,-22.9131402],[-45.9683926,-22.9131836],[-45.9684,-22.9132221],[-45.9684213,-22.9132656],[-45.968451,-22.9132959],[-45.9684822,-22.9133205],[-45.968511,-22.9133359],[-45.9685481,-22.9133462],[-45.9685858,-22.9133494],[-45.9686254,-22.9133469],[-45.9686681,-22.91334],[-45.9687786,-22.9133215],[-45.9688129,-22.9133252],[-45.9688437,-22.9133354],[-45.9688715,-22.9133527],[-45.9689246,-22.9134059],[-45.9690258,-22.9135456],[-45.9690604,-22.9135827],[-45.9691057,-22.9136122],[-45.9691493,-22.9136325],[-45.9692106,-22.9136499],[-45.9692678,-22.9136549],[-45.9693874,-22.9136534],[-45.9694759,-22.9136368],[-45.9694736,-22.9135973],[-45.9695227,-22.9135922],[-45.9696006,-22.9136434],[-45.9696195,-22.9136675],[-45.9696202,-22.913679],[-45.9696072,-22.9137393],[-45.9695413,-22.9139379],[-45.9695042,-22.9140457],[-45.9695033,-22.9140692],[-45.9695061,-22.9141004],[-45.9695264,-22.9141797],[-45.9694798,-22.9141819],[-45.9694781,-22.9142254],[-45.9694313,-22.9142273],[-45.9694268,-22.9142608],[-45.9693158,-22.9142989],[-45.9692534,-22.9143437],[-45.9691836,-22.9143986],[-45.9690546,-22.9146068],[-45.9689828,-22.9146571],[-45.9689108,-22.9146857],[-45.9686882,-22.9147091],[-45.9685306,-22.914708],[-45.9684063,-22.9147359],[-45.9683553,-22.9148145],[-45.9684009,-22.9149078],[-45.9684905,-22.914949],[-45.9686119,-22.9149617],[-45.9688171,-22.9149308],[-45.9689931,-22.9149109],[-45.9691119,-22.9148957],[-45.9692413,-22.9148525],[-45.9693211,-22.9148095],[-45.969408,-22.9147532],[-45.9695782,-22.9147551],[-45.9696496,-22.9147364],[-45.9697269,-22.914733],[-45.9698147,-22.9147374],[-45.9702759,-22.9147782],[-45.9703292,-22.914758],[-45.9704283,-22.9147003],[-45.970554,-22.9145564],[-45.9705875,-22.9143088],[-45.9705685,-22.9139653],[-45.9706683,-22.9138693],[-45.9707416,-22.9138326],[-45.9708359,-22.9137953],[-45.9708978,-22.9137619],[-45.9710585,-22.9137288],[-45.9712259,-22.9137499],[-45.9713602,-22.9137703],[-45.9714219,-22.9137952],[-45.9715838,-22.9138934],[-45.9716204,-22.9139718],[-45.9714565,-22.9143377],[-45.9714172,-22.9144198],[-45.9713515,-22.9146275],[-45.9712498,-22.9153363],[-45.9712395,-22.915607],[-45.9711842,-22.9159569],[-45.9711703,-22.9161797],[-45.9711049,-22.916406],[-45.9710992,-22.9165749],[-45.9711156,-22.9166216],[-45.9711023,-22.916666],[-45.9711623,-22.9168031],[-45.9711992,-22.9168739],[-45.9712145,-22.9170144],[-45.9711654,-22.917093],[-45.9710821,-22.9171685],[-45.9710051,-22.9172064],[-45.9708799,-22.9173178],[-45.9708079,-22.9174666],[-45.9706922,-22.9176344],[-45.9704695,-22.9177152],[-45.9704626,-22.9177591],[-45.9703985,-22.9178093],[-45.9700493,-22.9180059],[-45.969965,-22.9180629],[-45.9696786,-22.9181283],[-45.9693177,-22.9181236],[-45.9692269,-22.9182553],[-45.9691465,-22.9184973],[-45.9690941,-22.9186699],[-45.9689768,-22.9189868],[-45.9689024,-22.9189508],[-45.9681343,-22.9187738],[-45.9679382,-22.9188336],[-45.9676681,-22.9189393],[-45.9674896,-22.9189754],[-45.9672805,-22.9189609],[-45.9671269,-22.9188717],[-45.9668944,-22.9183331],[-45.966666,-22.9180087],[-45.9665684,-22.9177114],[-45.9665329,-22.9173968],[-45.9664526,-22.9169571],[-45.9664451,-22.9166391],[-45.9663745,-22.9164664],[-45.9662007,-22.9164818],[-45.9660678,-22.9166084],[-45.9657995,-22.9168351],[-45.9655811,-22.9169285],[-45.9652378,-22.9167955],[-45.9650971,-22.9166796],[-45.9649987,-22.9165675],[-45.9644233,-22.9158551],[-45.9643476,-22.9156393],[-45.9643008,-22.9155165],[-45.9642391,-22.9153352],[-45.9641898,-22.9151779],[-45.9638636,-22.9147406],[-45.9636678,-22.9145754],[-45.9633986,-22.9145035],[-45.9631928,-22.9144656],[-45.9630318,-22.9144908],[-45.9629637,-22.9145275],[-45.9628829,-22.9146254],[-45.9629681,-22.9147165],[-45.963038,-22.9148207],[-45.9630319,-22.914933],[-45.9630162,-22.9150682],[-45.9629823,-22.9151719],[-45.9629229,-22.9152877],[-45.9628481,-22.9154021],[-45.962715,-22.9155237],[-45.9624247,-22.9155607],[-45.9621252,-22.9155472],[-45.9619515,-22.9155584],[-45.9617098,-22.9155694],[-45.9614542,-22.915574],[-45.9612554,-22.9155114],[-45.9611375,-22.9154379],[-45.9611322,-22.9153533],[-45.9611305,-22.9151905],[-45.9610403,-22.9150721],[-45.9609815,-22.9148422],[-45.9608772,-22.9147078],[-45.9606677,-22.9145183],[-45.9604907,-22.9143761],[-45.9603757,-22.9143428],[-45.9602798,-22.9143516],[-45.9602102,-22.9144438],[-45.9601537,-22.9145174],[-45.9600764,-22.9145217],[-45.9599375,-22.9144998],[-45.9598347,-22.9144576],[-45.9597424,-22.9144292],[-45.9595293,-22.9144284],[-45.9592878,-22.914395],[-45.9591249,-22.9143245],[-45.9589206,-22.9141738],[-45.9585863,-22.9140124],[-45.9577055,-22.9134578],[-45.9571473,-22.9131347],[-45.9567065,-22.9128652],[-45.9566084,-22.9127446],[-45.9565528,-22.9126043],[-45.9565353,-22.9124716],[-45.9565157,-22.9123726],[-45.9564544,-22.9123015],[-45.9563628,-22.9122542],[-45.9562333,-22.9122458],[-45.9561111,-22.9122789],[-45.955962,-22.9123645],[-45.9558243,-22.9124626],[-45.9556669,-22.9125469],[-45.9556014,-22.9126521],[-45.9556131,-22.9127626],[-45.9556975,-22.9128269],[-45.9558092,-22.9129092],[-45.9558243,-22.9130051],[-45.955776,-22.9130912],[-45.9556472,-22.9131192],[-45.9555053,-22.9131093],[-45.955363,-22.9131125],[-45.955246,-22.913106],[-45.9551852,-22.9130376],[-45.9551281,-22.9130004],[-45.9549848,-22.9129259],[-45.9549112,-22.912868],[-45.9548961,-22.912808],[-45.9548826,-22.9127453],[-45.954849,-22.9126839],[-45.9548089,-22.9125772],[-45.9548128,-22.9124736],[-45.9548492,-22.9123549],[-45.9548475,-22.9122385],[-45.9548234,-22.9121303],[-45.9547676,-22.912044],[-45.9547152,-22.9120029],[-45.9546428,-22.9119805],[-45.9545669,-22.911864],[-45.9544863,-22.9117565],[-45.9544441,-22.9116739],[-45.9544433,-22.9115819],[-45.9545203,-22.9114928],[-45.9545146,-22.9113994],[-45.9544774,-22.9113067],[-45.9544286,-22.911198],[-45.9543271,-22.9111449],[-45.9541876,-22.9111723],[-45.9540282,-22.9111749],[-45.9538895,-22.9109715],[-45.9537629,-22.9107088],[-45.953654,-22.9106293],[-45.9535148,-22.9105685],[-45.9533814,-22.9105384],[-45.9532593,-22.9105443],[-45.9531268,-22.9106427],[-45.9529666,-22.9107516],[-45.9528892,-22.9108035],[-45.9527044,-22.9108408],[-45.9525434,-22.9108418],[-45.9523878,-22.9108119],[-45.9522654,-22.9107766],[-45.9522099,-22.9107667],[-45.9520546,-22.9107933],[-45.9519329,-22.9108506],[-45.9518005,-22.9109696],[-45.9516735,-22.9110577],[-45.9515356,-22.9111922],[-45.9514472,-22.9112544],[-45.9513426,-22.9113732],[-45.951238,-22.9114972],[-45.9510476,-22.9116533],[-45.9509371,-22.9117157],[-45.9508042,-22.9117679],[-45.9507156,-22.9118044],[-45.9505935,-22.9117948],[-45.9504823,-22.9117698],[-45.9503764,-22.9117088],[-45.9501704,-22.9116277],[-45.9499699,-22.9115313],[-45.9497306,-22.9114106],[-45.9496189,-22.9113432],[-45.9494406,-22.9112415],[-45.9492399,-22.9111194],[-45.9490616,-22.9110177],[-45.9489111,-22.9109363],[-45.9484855,-22.9108527],[-45.9483261,-22.910809],[-45.9482191,-22.9107398],[-45.9479783,-22.9106714],[-45.9477101,-22.9105952],[-45.9475577,-22.9105476],[-45.9473953,-22.9104822],[-45.947246,-22.9104213],[-45.9470309,-22.9103882],[-45.946931,-22.9104183],[-45.9468277,-22.9104979],[-45.9467409,-22.9105933],[-45.9467158,-22.9107035],[-45.9466901,-22.910815],[-45.9466566,-22.9108791],[-45.9466106,-22.910904],[-45.946558,-22.910897],[-45.9464629,-22.9108451],[-45.9463914,-22.910761],[-45.9462828,-22.910641],[-45.9461422,-22.9105655],[-45.9460244,-22.9105454],[-45.9458144,-22.9105437],[-45.9456365,-22.9104874],[-45.9454852,-22.9103581],[-45.9454501,-22.9102631],[-45.9454412,-22.9101798],[-45.9453454,-22.9101008],[-45.9451889,-22.9099667],[-45.9450354,-22.9099299],[-45.9449423,-22.9098734],[-45.9450098,-22.9095862],[-45.9451811,-22.9094876],[-45.9453137,-22.9093994],[-45.9454186,-22.9093269],[-45.9454791,-22.9092546],[-45.9455175,-22.9091927],[-45.9455451,-22.9091617],[-45.9455836,-22.9091204],[-45.9456607,-22.9090274],[-45.9456988,-22.9089245],[-45.9457258,-22.9088215],[-45.9457476,-22.9087546],[-45.9457465,-22.9086056],[-45.945757,-22.9085233],[-45.9458011,-22.9084717],[-45.9459004,-22.908394],[-45.9459832,-22.9083319],[-45.9461161,-22.9082849],[-45.9463375,-22.9082065],[-45.946559,-22.9081384],[-45.9467396,-22.9080826],[-45.94705,-22.9080294],[-45.947377,-22.9079761],[-45.9476761,-22.9079075],[-45.9479697,-22.9078235],[-45.9481136,-22.9077816],[-45.9484015,-22.9076822],[-45.9485343,-22.90763],[-45.948667,-22.9075676],[-45.9488273,-22.9074742],[-45.9489984,-22.9073447],[-45.9491699,-22.9072096],[-45.9548611,-22.9074091],[-45.954855,-22.9076263],[-45.954906,-22.9077698],[-45.9549845,-22.9078875],[-45.9550907,-22.9080254],[-45.9551805,-22.9081687],[-45.955223,-22.9082375],[-45.9553823,-22.9084655],[-45.9555109,-22.9086086],[-45.9556452,-22.9087722],[-45.955724,-22.9089259],[-45.9558294,-22.909141],[-45.9558924,-22.909192],[-45.9559597,-22.9092944],[-45.9561098,-22.9095158],[-45.9562858,-22.9097359],[-45.9564485,-22.9099202],[-45.9565751,-22.91001],[-45.9568368,-22.910142],[-45.9570649,-22.910228],[-45.9572093,-22.9102477],[-45.9573576,-22.9102469],[-45.9575628,-22.9102251],[-45.9577178,-22.9101677],[-45.9578281,-22.9100694],[-45.9579106,-22.9099713],[-45.9579539,-22.9098169],[-45.9579915,-22.909642],[-45.9580394,-22.9095205],[-45.9584953,-22.9094745],[-45.9585847,-22.9095562],[-45.9587015,-22.9095966],[-45.9588035,-22.9095871],[-45.958898,-22.9095537],[-45.9589951,-22.9095332],[-45.9590934,-22.909558],[-45.9591471,-22.9096179],[-45.9592136,-22.9098147],[-45.959285,-22.9098635],[-45.9593502,-22.9098631],[-45.9594853,-22.9097922],[-45.9596234,-22.9097092],[-45.9596729,-22.9096472],[-45.9597939,-22.9094924],[-45.9599038,-22.9093324],[-45.9599752,-22.9092292],[-45.9600021,-22.909116],[-45.9600362,-22.9089224],[-45.9600715,-22.9088838],[-45.9601422,-22.908843],[-45.9602533,-22.9086076],[-45.960308,-22.9085045],[-45.9603847,-22.908355],[-45.960489,-22.908195],[-45.9605493,-22.9080764],[-45.9605895,-22.908001],[-45.9606391,-22.9079442],[-45.9607383,-22.9078459],[-45.9608043,-22.9077581],[-45.9608593,-22.9076807],[-45.9609087,-22.9076033],[-45.9610023,-22.9075],[-45.9610626,-22.9073917],[-45.9611175,-22.907304],[-45.9611391,-22.9072268],[-45.9611884,-22.9071288]]]}},{"type":"Feature","properties":{"id":8,"regiao":"Macrozona Rural","populacao":null},"geometry":{"type":"Polygon","coordinates":[[[-46.098112500976946,-23.164138892006495],[-46.09829988954691,-23.163680526754632],[-46.09830294724648,-23.163673047324156],[-46.09837169698634,-23.163504880002662],[-46.09842488275661,-23.163259260098485],[-46.09850235397462,-23.162901484977933],[-46.09858225499874,-23.162238610978473],[-46.09877170971684,-23.16161618180373],[-46.09895964499999,-23.161268448],[-46.09995620199999,-23.160147548],[-46.101900625999974,-23.158288084999985],[-46.10242497960474,-23.15766192756791],[-46.10246933599123,-23.157608958992167],[-46.10262234697455,-23.15729319898741],[-46.10265227297474,-23.15708855097869],[-46.102649933995885,-23.156772296984865],[-46.10258087696992,-23.15654067206585],[-46.10257899152919,-23.15653434813704],[-46.102564977983384,-23.156487344983763],[-46.102399122894326,-23.156305960844968],[-46.10224757599078,-23.156140223990977],[-46.102129570454125,-23.1560583386878],[-46.10209689168402,-23.15603566252174],[-46.1019695189927,-23.155947276986716],[-46.10083418397633,-23.155438054980824],[-46.100170460996225,-23.155116514974615],[-46.09981991497809,-23.15487821799822],[-46.09955123792166,-23.154516783449978],[-46.09952320023417,-23.154479065933256],[-46.09950005800696,-23.154447933977135],[-46.099281266241746,-23.153939074919716],[-46.09925023500609,-23.153866902980347],[-46.098818644076545,-23.152676505238908],[-46.098812942846514,-23.152660780205952],[-46.098797064998266,-23.152616985978565],[-46.098306135990065,-23.15151648599811],[-46.0981013710309,-23.151151929494684],[-46.09780002999947,-23.150615427985652],[-46.09717932600707,-23.149843673988087],[-46.0967846289817,-23.149524230073055],[-46.096580030002194,-23.149358638986996],[-46.09653335828522,-23.1493286304427],[-46.095567406995045,-23.14870754599292],[-46.09549489276526,-23.148658532635583],[-46.09515602298936,-23.148429484981797],[-46.09477874199278,-23.148044414983485],[-46.09474398644447,-23.147978284604463],[-46.09471746472972,-23.14792782090329],[-46.09465957697286,-23.147817676007225],[-46.094579910004704,-23.147623146006254],[-46.09443173597499,-23.147041808990256],[-46.094228411981405,-23.14654186898868],[-46.09415892294476,-23.146414864365155],[-46.094105310977426,-23.146316878000558],[-46.09397107298902,-23.146114308005956],[-46.09352579299434,-23.145482475992083],[-46.092844954004285,-23.14468812398778],[-46.091548726003204,-23.143101289974656],[-46.09146583998061,-23.142979892979245],[-46.09142553499597,-23.142825700000284],[-46.091401818974546,-23.14267265698105],[-46.09142243399856,-23.14249859099607],[-46.091519183985646,-23.14227235098604],[-46.09164052999003,-23.142148571997847],[-46.09173609841599,-23.142050917202944],[-46.09179243001824,-23.142016377375914],[-46.09198202554431,-23.14188156913964],[-46.09208443232869,-23.141799814871895],[-46.092164021370266,-23.141667810650933],[-46.09342984499065,-23.140829891002785],[-46.09372847297481,-23.140623817994356],[-46.093888836978856,-23.140503327992178],[-46.09452423599336,-23.139920082980108],[-46.09498140699569,-23.139529341995022],[-46.09567748497369,-23.139051798975096],[-46.09637356597221,-23.138461316978315],[-46.097324548005176,-23.13753761498389],[-46.097326221157616,-23.137534857405793],[-46.097588046,-23.137103334000024],[-46.09767883,-23.13671347000001],[-46.097688108235886,-23.136617568786317],[-46.097721686985906,-23.13627049300531],[-46.09770443561908,-23.136005577361363],[-46.09768234700526,-23.13566637797899],[-46.09754308798767,-23.135077945982026],[-46.09747477499753,-23.13479233198214],[-46.09743115997234,-23.134659775008505],[-46.09736347197707,-23.134506984007636],[-46.09719541797736,-23.13428313398389],[-46.0968390499951,-23.133989628997856],[-46.09618448700388,-23.13354081198572],[-46.09601612598849,-23.13339104298061],[-46.09589785400527,-23.13316973800201],[-46.09583556698962,-23.132931194005632],[-46.09583413797886,-23.132788422004083],[-46.09589260397873,-23.132459515983125],[-46.09600779099804,-23.132295887976703],[-46.09623809798873,-23.132141197977198],[-46.09693391797281,-23.131901262989523],[-46.09712045597874,-23.131848016986954],[-46.09750173099186,-23.13166304000682],[-46.097671326009106,-23.13151648100106],[-46.09778082198724,-23.13134282897672],[-46.097912891986425,-23.13099423500456],[-46.09796549198259,-23.13066524099673],[-46.09800535998172,-23.130112895979803],[-46.09816744797807,-23.129723185998195],[-46.09844127998804,-23.129311643998676],[-46.09897960198441,-23.128857946006544],[-46.09923149100904,-23.128641230978378],[-46.09949427699374,-23.128246688986184],[-46.099766074988494,-23.12772669498545],[-46.10005986799288,-23.12712119498825],[-46.10029007197531,-23.12685898097671],[-46.10068029398731,-23.12655125500385],[-46.10090513098556,-23.126204032982326],[-46.10099251698507,-23.126009271004985],[-46.101087513002994,-23.125544476995444],[-46.10107359898587,-23.12521991697953],[-46.10100247000893,-23.124983954003604],[-46.10089840319901,-23.124848662425155],[-46.10081617897609,-23.12474176698684],[-46.10057810298468,-23.124556635006773],[-46.100577815135125,-23.12455663074465],[-46.10055856997665,-23.124556345998652],[-46.100050252036745,-23.12450110132214],[-46.099928967691575,-23.124487919722085],[-46.09987507997497,-23.124482062979535],[-46.0997993694258,-23.124457844638073],[-46.09978256022599,-23.124452467671983],[-46.09963221198564,-23.124404373993656],[-46.099508127866144,-23.12429109530942],[-46.0994486985355,-23.124236841064917],[-46.099436037979494,-23.124225282975594],[-46.09935661752788,-23.124041107003247],[-46.09932428600001,-23.12396612999999],[-46.09928298,-23.12375680999997],[-46.09930516999998,-23.123547529],[-46.099419608,-23.12325739800001],[-46.09943058796686,-23.12316201385031],[-46.09943455900702,-23.123127516993428],[-46.0993931699774,-23.122866696996574],[-46.09938656713053,-23.122852004034726],[-46.09936260107965,-23.12279867390075],[-46.099218226980746,-23.122477406001515],[-46.09911045770451,-23.12231586332487],[-46.09903372408096,-23.1222008417941],[-46.09902068145825,-23.122181291266244],[-46.09885357600138,-23.121930803977747],[-46.0983346099893,-23.12155176699636],[-46.09826893097248,-23.121520355544835],[-46.0982062327524,-23.121490369625935],[-46.09802071897747,-23.1214016459777],[-46.097942442315805,-23.12138901263913],[-46.09755217199858,-23.121326024977655],[-46.097292725008145,-23.121247182999866],[-46.097286222025595,-23.12124245557459],[-46.09717600100734,-23.12116232898496],[-46.09701459300369,-23.121119274980092],[-46.09689912099926,-23.121131113004857],[-46.09680605889301,-23.121151543575607],[-46.096675549999986,-23.121180195000022],[-46.09640969999998,-23.121188895999975],[-46.096221571,-23.121053287999985],[-46.09603399719204,-23.120836998008617],[-46.09599521015205,-23.12079227286486],[-46.09598502900095,-23.120780532999877],[-46.09594367498402,-23.1206868589914],[-46.09589972660888,-23.120654986647295],[-46.0958161844365,-23.120594399957636],[-46.09571601,-23.120521751],[-46.095480614999985,-23.120408027999986],[-46.09540245699998,-23.120408672999982],[-46.09457589300001,-23.12064304400002],[-46.094272117,-23.12069815900003],[-46.093889951,-23.120823484000017],[-46.093577542,-23.120869434999964],[-46.09334575999998,-23.120828943999975],[-46.09319693600003,-23.120736382000022],[-46.0932185883321,-23.120556054345656],[-46.09324490900764,-23.120336847003077],[-46.093381991006574,-23.12003711798988],[-46.09346490300537,-23.119987755988674],[-46.094284429999206,-23.11909012097838],[-46.09507951099097,-23.119036886975778],[-46.09559380597919,-23.118896354985157],[-46.09597501598273,-23.118713188000434],[-46.09651129400367,-23.118319099002534],[-46.09676922798526,-23.11825968499963],[-46.096769228001584,-23.118259685010607],[-46.09676922800003,-23.118259685],[-46.096980681,-23.118401963],[-46.097100039,-23.118560039999974],[-46.09755984142619,-23.119415698460973],[-46.097583578983716,-23.119459871984997],[-46.09778779100795,-23.119625531983456],[-46.097959845006905,-23.119674164002298],[-46.098240843008234,-23.119636773984645],[-46.09847413998998,-23.11953362398888],[-46.098645279973205,-23.11940967399773],[-46.098766992478104,-23.119358388165104],[-46.09894146898608,-23.119284868980852],[-46.09910492099732,-23.119153577006703],[-46.09922125800055,-23.118979122002862],[-46.099337443006846,-23.1188697149946],[-46.099563008978855,-23.11881794800106],[-46.09978138899548,-23.11872993400388],[-46.09979562898552,-23.118584683004457],[-46.09993432499326,-23.11835996299374],[-46.1004039749802,-23.11837144498768],[-46.1009047150066,-23.118505357998195],[-46.10107665297774,-23.118504292975242],[-46.101590029001876,-23.118247178981754],[-46.10183967198509,-23.11815872199381],[-46.102620993974426,-23.118109763982954],[-46.10279245599674,-23.118079777984317],[-46.10315506000511,-23.11795504598826],[-46.10325429497841,-23.117865263000994],[-46.103595781995224,-23.117662515998717],[-46.1037101339732,-23.117545851976132],[-46.1039264169934,-23.11724005899899],[-46.103972152998665,-23.117080817990573],[-46.103999687993216,-23.116618635990562],[-46.10395779998199,-23.116329800999097],[-46.10382331098228,-23.11614259297529],[-46.103698038985016,-23.116100080980477],[-46.103526454991346,-23.116137294001742],[-46.103153324972524,-23.116306141998418],[-46.102638330001284,-23.116375310994453],[-46.102293982980235,-23.116348524990816],[-46.10198728498128,-23.116234657981288],[-46.10183798500627,-23.11611318398323],[-46.101640768973816,-23.115825659982413],[-46.10153539099642,-23.115367832992966],[-46.101538636985346,-23.115236874986657],[-46.101460055976744,-23.115092958],[-46.10117428297842,-23.114166253003038],[-46.10095861697606,-23.113647158998067],[-46.10086343699406,-23.11350299599739],[-46.100343822984655,-23.112993850981034],[-46.10020151400876,-23.112807426990475],[-46.10018496400378,-23.112691534989114],[-46.10015420100869,-23.112663069985203],[-46.10016739899701,-23.112352462980883],[-46.10022046297406,-23.112221338980984],[-46.1003975289776,-23.111924003999476],[-46.100923277003176,-23.11123339700773],[-46.10101495000044,-23.11101610900673],[-46.101029913986295,-23.110885323991965],[-46.10095003498924,-23.110647424006522],[-46.100831529974336,-23.110496589986184],[-46.10066661299891,-23.110374882993355],[-46.10050690200904,-23.110178262993205],[-46.100575878983946,-23.109805237981845],[-46.10055922898905,-23.109638747979872],[-46.100464501982856,-23.109581326008524],[-46.100332010975364,-23.109561291984292],[-46.10000395297909,-23.10955371597561],[-46.09980777398039,-23.10943244799748],[-46.099930226990764,-23.10924272300465],[-46.100483308989666,-23.109003366978502],[-46.10066889800914,-23.10877753400565],[-46.100667522000634,-23.108575129998226],[-46.10056290699837,-23.108242898999524],[-46.100539581006586,-23.108236228983987],[-46.10055265197347,-23.10793284698346],[-46.10063082797829,-23.10787437499694],[-46.100755866008406,-23.107873518981286],[-46.10100531598853,-23.107907935982183],[-46.101107993986524,-23.107957343990645],[-46.101351281986936,-23.108234710004016],[-46.101439220003265,-23.108289319990494],[-46.10153545197581,-23.10842898097722],[-46.10169789098356,-23.108524449006755],[-46.10205896000556,-23.10854335297456],[-46.102385634992594,-23.108461458006612],[-46.10261939497219,-23.108330299983418],[-46.10288300500905,-23.108111040986905],[-46.10306892398238,-23.107922253979783],[-46.103130631987796,-23.1077993890043],[-46.1031371569786,-23.107704617990652],[-46.10308980197871,-23.107618987987358],[-46.10291742499242,-23.107533312987677],[-46.102572524002774,-23.10742701100177],[-46.10244691000107,-23.10734835298347],[-46.10218695199122,-23.107018338001062],[-46.10199371800208,-23.106614321980246],[-46.10179676499593,-23.106312344992975],[-46.10130801097517,-23.104812521986226],[-46.101273042984545,-23.104350316001582],[-46.10130049898883,-23.10383663200095],[-46.101422377980334,-23.103510468995385],[-46.101577546982035,-23.103292314974475],[-46.10227858199814,-23.10291148898405],[-46.1025104449818,-23.102663751984792],[-46.10262602099119,-23.10247572999884],[-46.102730333982215,-23.102261338987272],[-46.10273682698589,-23.10216837500252],[-46.10294198600479,-23.101996135005475],[-46.103207597008144,-23.101886229002346],[-46.10351000197704,-23.101681999986436],[-46.10368100598604,-23.101564367007533],[-46.10378248699305,-23.101513466992785],[-46.10438347098414,-23.10149526099049],[-46.10446827400772,-23.101335692996006],[-46.10446709499443,-23.101234484002372],[-46.10443491900828,-23.10111836000393],[-46.10429239097362,-23.10088856797693],[-46.10424447599985,-23.10072251798389],[-46.104360516994554,-23.100620334008006],[-46.1045867779895,-23.100583025995732],[-46.104924250979984,-23.100609704991967],[-46.1050875279907,-23.100543455991104],[-46.10511857799416,-23.100498740984623],[-46.10517907897537,-23.100332488998816],[-46.105178148985814,-23.10021682699861],[-46.10508066099604,-23.099754600005486],[-46.105054437976555,-23.099407267977103],[-46.10513180299081,-23.09922590599881],[-46.105356280003484,-23.09906569497606],[-46.10562196299219,-23.09906420500847],[-46.10584941599578,-23.09912720199228],[-46.10601919697476,-23.098967083976284],[-46.10639862500613,-23.098487517990296],[-46.10687228200561,-23.098263227978315],[-46.107003559976135,-23.098239872000065],[-46.107371058991355,-23.098054667983703],[-46.1075186059839,-23.09793758800212],[-46.10765823897901,-23.097769794978145],[-46.10801447399541,-23.097275426001097],[-46.107997426006584,-23.09713151699921],[-46.10792638899729,-23.09705999397462],[-46.10776845700668,-23.09693026599548],[-46.107562099000546,-23.09660737598184],[-46.10744892197875,-23.096148530994416],[-46.10746619799795,-23.09605301500503],[-46.107519579990864,-23.096015857981346],[-46.1075166019867,-23.09590558699229],[-46.10758686097452,-23.095739478003797],[-46.10784286198652,-23.09550654600657],[-46.10786451300784,-23.095383989998187],[-46.107845200994674,-23.094862384986378],[-46.10779548499212,-23.094574335980518],[-46.107732547003536,-23.09442974899876],[-46.10760611300059,-23.094286029984005],[-46.10727630600844,-23.094042628993478],[-46.10668827100494,-23.093765591990493],[-46.106546318972235,-23.09367223900356],[-46.106236143980574,-23.093366783994544],[-46.106046164003196,-23.092549014992198],[-46.106013826003704,-23.09249884397596],[-46.1059879299854,-23.092245481006128],[-46.10588356500391,-23.091898798990485],[-46.10574058298393,-23.091639184997685],[-46.10524470800758,-23.091172867983744],[-46.10483639597504,-23.09095178997491],[-46.10467064799507,-23.09082284599192],[-46.104529207007424,-23.09064366597642],[-46.10447275798974,-23.09046303298851],[-46.10447730600488,-23.090087243006266],[-46.10472435899353,-23.08963734297609],[-46.10484613897645,-23.089202753989863],[-46.104939010973006,-23.089027945982743],[-46.105098415007554,-23.088507177997595],[-46.10514250698712,-23.088159982003884],[-46.10511712198166,-23.08793372999301],[-46.105008895990565,-23.08707651099463],[-46.10500422498406,-23.086556023976268],[-46.105075403999095,-23.085658994983447],[-46.105094236004085,-23.085417134986315],[-46.10510079698841,-23.08503776098185],[-46.10506840598713,-23.08482134400459],[-46.10498037298854,-23.08454718298118],[-46.10487798300911,-23.084425500981112],[-46.10467352498899,-23.0843330269832],[-46.10451141598762,-23.084389354982495],[-46.104221360005255,-23.084559436000852],[-46.103816354974406,-23.084656437998415],[-46.10365927697763,-23.08453484897979],[-46.10355572700434,-23.084311052994874],[-46.10346966200195,-23.08426189197822],[-46.102985482978724,-23.084250201980502],[-46.10276528897222,-23.084107799977435],[-46.102546288992755,-23.084065703990923],[-46.102357228001445,-23.083930086998752],[-46.10220694198088,-23.083698370004395],[-46.10218304298713,-23.08361218298175],[-46.10218221699085,-23.083547117995003],[-46.10231255397963,-23.08340810297702],[-46.102134615998516,-23.083306983997744],[-46.10189909799456,-23.083260124975553],[-46.10182133700867,-23.083239096001076],[-46.101648215982976,-23.083254599005706],[-46.10138361498803,-23.08336451800481],[-46.10115095699509,-23.08354719099889],[-46.10101159699261,-23.083699623989833],[-46.10091907398393,-23.083910574978617],[-46.10083432798118,-23.083954493986447],[-46.1005599219753,-23.083841099977928],[-46.100387651009115,-23.08386384298353],[-46.10033366197551,-23.083936225999558],[-46.100204562996915,-23.08434179199418],[-46.09995215598994,-23.084536818995254],[-46.099690358996014,-23.08454106600671],[-46.09953399999631,-23.08449086097478],[-46.099486154973974,-23.084434133991035],[-46.099486305995065,-23.08436908399845],[-46.099562567990766,-23.084194935000813],[-46.09957005397729,-23.084101082005706],[-46.09946753500885,-23.084043543995566],[-46.09902939497518,-23.08396747200538],[-46.098626571001994,-23.083994923007367],[-46.09842038399955,-23.08405872198804],[-46.098148066994476,-23.084219117987157],[-46.098077740997645,-23.084219879996542],[-46.09784242097708,-23.084105256004538],[-46.097663299972915,-23.084128798003864],[-46.09746889498703,-23.08424517400073],[-46.09730541099119,-23.084268043976007],[-46.09696814197473,-23.0841193779764],[-46.096418617980596,-23.083765171990013],[-46.096089283990594,-23.08355337698064],[-46.095808119972766,-23.0835482949793],[-46.09554298398159,-23.083744932986644],[-46.095046462991554,-23.084219121007543],[-46.09475044399149,-23.084394517987374],[-46.09461040600852,-23.084416830978295],[-46.09446915300497,-23.084396660978705],[-46.09418766599961,-23.0842976069777],[-46.093935541994554,-23.084082437984833],[-46.09384033498662,-23.083828944006584],[-46.0938705479937,-23.08372006897785],[-46.094001853986555,-23.083581977993816],[-46.09402446300027,-23.083517261991346],[-46.09393705200525,-23.083264787974997],[-46.09395772298057,-23.08291814900823],[-46.093916786993226,-23.082744971007106],[-46.09396299600789,-23.082614649997815],[-46.09397806098721,-23.082534461978174],[-46.093921614007854,-23.082354728988214],[-46.0939045009756,-23.082159317004553],[-46.09402066000567,-23.082049912979286],[-46.0940119130024,-23.081935037976837],[-46.09394874497513,-23.081804897008684],[-46.09375890100669,-23.081546381992865],[-46.093465083993955,-23.08131432799316],[-46.09327265498191,-23.081260868993553],[-46.09316302697258,-23.081275501003528],[-46.09289828198197,-23.08139353600282],[-46.09273100098924,-23.081354002990643],[-46.092629944003164,-23.081156438984838],[-46.09257986400363,-23.080722914004923],[-46.09254814797568,-23.080693529977687],[-46.09256046997691,-23.08020943400401],[-46.09251254799868,-23.08010120398769],[-46.09203178000468,-23.079613383995564],[-46.0915227639862,-23.079458534979413],[-46.091065013994665,-23.079163500992685],[-46.09087145198119,-23.0790070229806],[-46.09075298498821,-23.078856179974935],[-46.09075134300645,-23.078726051007784],[-46.09083637000057,-23.07860986097446],[-46.090938437987276,-23.078580662004484],[-46.09143785499859,-23.078613395987855],[-46.09168825500742,-23.07859001800392],[-46.09188239100032,-23.07854502197433],[-46.092061296975814,-23.078421193992696],[-46.092130051001924,-23.078173752990626],[-46.092049605983206,-23.07791415298259],[-46.091811502983745,-23.077511259004034],[-46.09162334099516,-23.077325045983883],[-46.09148969897652,-23.07726071398407],[-46.09073840198059,-23.07705617697893],[-46.09045529097614,-23.07682698698565],[-46.09041483400589,-23.076682726981915],[-46.09044553498855,-23.07654585100205],[-46.090561535978715,-23.076501499981724],[-46.09069505099393,-23.076573059007075],[-46.09078214898534,-23.07673066297823],[-46.09085330699981,-23.076738047001747],[-46.090883173000016,-23.076593026999817],[-46.09087406800237,-23.07649892697834],[-46.0908433139838,-23.076470459995477],[-46.090872010979055,-23.076224229984888],[-46.09105742998212,-23.07600653499295],[-46.091057110972294,-23.075912565006192],[-46.09098505399081,-23.075844632981692],[-46.09069713500293,-23.075835827988936],[-46.090476886001554,-23.07564190697544],[-46.09006973197808,-23.07547050098737],[-46.08968226999138,-23.075009360990645],[-46.08950574198967,-23.07449173099989],[-46.089431342003124,-23.073885272002787],[-46.08943844000734,-23.073757983002153],[-46.08966896297207,-23.07330514599581],[-46.08987673200191,-23.072813118975766],[-46.08987518598472,-23.072733586985223],[-46.08990696100849,-23.072703340976187],[-46.08998126897941,-23.07230509800741],[-46.09003298197655,-23.071914648983693],[-46.090037818973805,-23.071524404988335],[-46.09015821000823,-23.071003066988652],[-46.09013982399529,-23.070656748984387],[-46.09000612298305,-23.070483993995705],[-46.089949810986504,-23.07029703298177],[-46.089987581984964,-23.07020272699679],[-46.09038342900305,-23.069844508984033],[-46.09052196600323,-23.069627020002883],[-46.09053480999648,-23.069506141008453],[-46.090507189008406,-23.069409958007128],[-46.09037035399846,-23.069192883977546],[-46.09026667900611,-23.068978111987885],[-46.09017041598992,-23.068617985001495],[-46.08980815199946,-23.068281000003033],[-46.08972983198963,-23.068180446979067],[-46.08972926300573,-23.06810092897636],[-46.089705959972235,-23.06809335400058],[-46.08970444399211,-23.06795599799803],[-46.089904114002245,-23.06753613000573],[-46.08995592100571,-23.067196278986753],[-46.09004853099634,-23.067092851978057],[-46.09010333998847,-23.06708553698498],[-46.09017340597473,-23.06709922998134],[-46.09024438799274,-23.0671725679857],[-46.09039305598563,-23.067214537006734],[-46.0905871259931,-23.06706021698379],[-46.09077392397561,-23.06698710399015],[-46.09109377100634,-23.066955727006704],[-46.09122635900062,-23.066911621996624],[-46.0913421589751,-23.066766073976794],[-46.091402718995404,-23.06648417698764],[-46.091713153975576,-23.066207807984313],[-46.09168134500826,-23.066127824987152],[-46.091539414993775,-23.06603536100505],[-46.090834008999266,-23.065722180977957],[-46.090613457995225,-23.065434290996702],[-46.09048838197838,-23.065046629001124],[-46.09044388999491,-23.06468546499448],[-46.09035450997911,-23.064322729989808],[-46.090291433980745,-23.064244087993966],[-46.090100846007985,-23.06386177498682],[-46.09007648498138,-23.06374666599764],[-46.09009036600324,-23.063566170004783],[-46.08998058898841,-23.063421779990076],[-46.08986317898492,-23.063379372980098],[-46.0896129320073,-23.0633955219894],[-46.08909000597708,-23.063594632984955],[-46.08891911200386,-23.063595699998558],[-46.08883427697256,-23.063532996002344],[-46.08883049500501,-23.06335765900768],[-46.089356351978104,-23.062653529991522],[-46.08943283598125,-23.06252275699618],[-46.08946342397798,-23.062392202979012],[-46.0894698440001,-23.062247737003652],[-46.089421169983154,-23.061958792007353],[-46.08926938297437,-23.061591511008018],[-46.08916929097455,-23.06145178200102],[-46.08853166000899,-23.061060995982704],[-46.08831839698126,-23.06085994798114],[-46.088152634975536,-23.06062256300114],[-46.08811927098187,-23.06051996898405],[-46.088093257002456,-23.060275632999637],[-46.08813176200745,-23.059914801986],[-46.08809798500202,-23.05961162199939],[-46.087970843976976,-23.059287172001056],[-46.08774163398171,-23.05899282299221],[-46.087677788995684,-23.058790387983542],[-46.08766100399848,-23.058688944004906],[-46.08759037399234,-23.058595733005564],[-46.087463961993805,-23.05850982099198],[-46.0872914359914,-23.058380755988992],[-46.08721265098756,-23.05825128199949],[-46.087286768983994,-23.057751840979762],[-46.08722193198514,-23.05755029397527],[-46.086599105991,-23.056759463986932],[-46.08656668897375,-23.05665869097433],[-46.086557619008545,-23.05650676498276],[-46.08663446500141,-23.056355217992767],[-46.08667216998204,-23.056152489977578],[-46.0865653909866,-23.05544434999936],[-46.086454679001186,-23.05524211800485],[-46.08617845199819,-23.05501302099408],[-46.08618509597313,-23.054911926997423],[-46.08642710900582,-23.054751097975366],[-46.08660479197648,-23.054583888974403],[-46.08658667000388,-23.05439116999127],[-46.08651006000573,-23.054193060979017],[-46.08638253497926,-23.054003227976953],[-46.08624890297558,-23.054051829995917],[-46.08611651399383,-23.054197126977623],[-46.086070494981115,-23.054204572006125],[-46.085976189988436,-23.05412546297603],[-46.08595088999674,-23.053952513994467],[-46.086236053983775,-23.053444477001044],[-46.08617159897658,-23.053221250988237],[-46.08600573898061,-23.05299018700235],[-46.08596393897522,-23.052643516997154],[-46.085947975005084,-23.05260713798958],[-46.085854001992686,-23.052565076976844],[-46.0857603909777,-23.0525582590055],[-46.08551038298746,-23.052617772986213],[-46.08538586798809,-23.052647537981642],[-46.085190820977985,-23.052634687007522],[-46.08490147100537,-23.052542726002255],[-46.0844449269761,-23.052184441990132],[-46.08403566498163,-23.051746448979316],[-46.08384109099224,-23.051762516995904],[-46.0835389540002,-23.052067908976035],[-46.08339856797251,-23.052111890981994],[-46.083225044002845,-23.052096648981973],[-46.08315295498181,-23.05203142200749],[-46.083089938986156,-23.051782014002065],[-46.08298726299946,-23.051623267983814],[-46.082916859988686,-23.051573425983985],[-46.082783372989226,-23.051501861003928],[-46.082256473995,-23.051427125978577],[-46.082054898982456,-23.05128497097959],[-46.081683989994346,-23.05111137198771],[-46.0816112309863,-23.050860913982923],[-46.081887058998255,-23.05072047599299],[-46.081963954978775,-23.050510202987375],[-46.08218894500494,-23.05042953897907],[-46.082298017003936,-23.050333590007547],[-46.082405767997685,-23.050145462983586],[-46.082385944982775,-23.049603057000105],[-46.08260961697863,-23.049262160981154],[-46.082949991003844,-23.048891384991315],[-46.08295688900617,-23.048775837983708],[-46.082877986984634,-23.04865358798401],[-46.082705477002406,-23.04852451800709],[-46.082641813982185,-23.0484241799849],[-46.08250575797594,-23.047940572006222],[-46.08228314797678,-23.047493619001234],[-46.08206972797288,-23.047191364999737],[-46.08196683798631,-23.046989245989536],[-46.08195004297625,-23.04688870498083],[-46.0820041540003,-23.04680910098594],[-46.08230846500142,-23.046770280976435],[-46.082378317998064,-23.046683684001227],[-46.08239338598006,-23.046603496004792],[-46.08246238897667,-23.046509657987624],[-46.08244347598841,-23.046082916005677],[-46.082380160008924,-23.04601872397482],[-46.08227071799146,-23.04596829799021],[-46.08194267098275,-23.045912796986777],[-46.08174609298573,-23.045820409983957],[-46.08142572897211,-23.045772251006902],[-46.081316144977045,-23.045729953992748],[-46.08125335099764,-23.045635952976646],[-46.081329082988425,-23.045324468001876],[-46.08107877498319,-23.04529000599557],[-46.080845118988165,-23.04536421297971],[-46.0807232999917,-23.04540756698146],[-46.080635786974,-23.04538728399888],[-46.08060367397958,-23.04532536500808],[-46.08064644797671,-23.044888701985602],[-46.08073696399798,-23.0445693079971],[-46.08070923097787,-23.04442432999603],[-46.08062565598384,-23.044346281000646],[-46.080523896976274,-23.044303196980636],[-46.08025732799179,-23.04430553398583],[-46.07996131699137,-23.044372482975934],[-46.07985162398739,-23.04433650799322],[-46.07980443099676,-23.04424364298928],[-46.07978721697463,-23.044055454008564],[-46.079472816991995,-23.043833904981526],[-46.07942576700218,-23.043732910976885],[-46.079425076993424,-23.043660618977114],[-46.0795958889963,-23.043551138994186],[-46.07963497997838,-23.043492995975942],[-46.079633566986026,-23.04340623698923],[-46.07957085099296,-23.04336373599803],[-46.07920364297752,-23.043314871978218],[-46.07864448700755,-23.043300177003147],[-46.07834249698964,-23.043039056974635],[-46.07820740900563,-23.04278043499816],[-46.078196135000475,-23.04225261199287],[-46.07835661600239,-23.041896318977855],[-46.07836389600571,-23.04175909300269],[-46.078159209004994,-23.041572613997126],[-46.07811096697901,-23.04142823200099],[-46.078272919003496,-23.041211102005782],[-46.07839733500763,-23.04113074497781],[-46.07851363199776,-23.04095629997632],[-46.07853591199238,-23.040854536000367],[-46.07846313900532,-23.04049384700266],[-46.07848578298378,-23.040371306991403],[-46.07856308098439,-23.04030560400603],[-46.07870399998665,-23.040398066000275],[-46.078743981983344,-23.04045648898689],[-46.07882861100628,-23.040474019974074],[-46.078875161992734,-23.04043586497751],[-46.07890307700018,-23.04034683500415],[-46.07888759898254,-23.040115303004203],[-46.07890917700366,-23.039886131979245],[-46.0787844609835,-23.039704464999915],[-46.07823518898325,-23.039404404990357],[-46.07762510397262,-23.039176617000052],[-46.0773662200019,-23.039019140981807],[-46.07729428697476,-23.038889763994668],[-46.077188008989495,-23.038435508975827],[-46.07707000600429,-23.038205150994973],[-46.0768727899868,-23.03798264097445],[-46.07644781599247,-23.037609445007938],[-46.07629771800723,-23.037372279998944],[-46.07626229400311,-23.03722086199245],[-46.0762657470033,-23.03713507900104],[-46.07639552099583,-23.036915661978476],[-46.076605507994394,-23.036798639992483],[-46.07716663299345,-23.036643509998186],[-46.07794728600499,-23.036551298988222],[-46.0782596209935,-23.036499053986436],[-46.078399174000694,-23.036446028976144],[-46.07860116700606,-23.03622769099288],[-46.07868570697853,-23.03608258699999],[-46.07883103800864,-23.035698959974596],[-46.0788380119748,-23.03474133400051],[-46.07881651500531,-23.03463078200139],[-46.07900754800475,-23.03442492897777],[-46.0791011809766,-23.03437392698101],[-46.07931940597427,-23.034343763007637],[-46.08016353997411,-23.034416930986325],[-46.080351022992716,-23.034358296998843],[-46.08081809699085,-23.034109587974907],[-46.081207607000636,-23.03399795700735],[-46.08142579899125,-23.034025615004023],[-46.08178657100735,-23.03421803797999],[-46.08206805700138,-23.034310791976758],[-46.08214616598019,-23.034310152974914],[-46.08227091899436,-23.034265937978606],[-46.08239497997973,-23.03414943197983],[-46.08256981198563,-23.033808707975773],[-46.08256945600151,-23.033549391974706],[-46.08249730599461,-23.03320859099331],[-46.082113513991,-23.032097847976885],[-46.08210753397587,-23.031433672002233],[-46.08206713199136,-23.031231582975295],[-46.08195644600848,-23.031029345986337],[-46.08185399000144,-23.03091487399852],[-46.081397022994906,-23.030529465995492],[-46.08120479798077,-23.030412747982208],[-46.08073776099224,-23.029989239002525],[-46.08050980997622,-23.029738263980228],[-46.08044570199327,-23.029608100984007],[-46.080341212988095,-23.029218927986708],[-46.08032428598861,-23.028958459987383],[-46.08041341498638,-23.02843846200149],[-46.080519837983125,-23.028046118979415],[-46.08069555000369,-23.027654812985897],[-46.08089520499971,-23.027234047980993],[-46.08095636599985,-23.026973844975917],[-46.08077148399065,-23.02632506200865],[-46.08078104898104,-23.02560961599672],[-46.080622726976785,-23.025284690007314],[-46.08025106899045,-23.024766831998466],[-46.08018728397329,-23.024506566982353],[-46.08019677398067,-23.024130843984725],[-46.080182738006165,-23.02404028197569],[-46.08006321597555,-23.02378550698872],[-46.079622443981975,-23.02336871100634],[-46.07938563099894,-23.023067003985528],[-46.07922937997288,-23.022679764989626],[-46.07898881599476,-23.02220181397564],[-46.07867005698345,-23.021394712991494],[-46.078490125972884,-23.020631252981516],[-46.07839293700787,-23.0199367949829],[-46.07829672000013,-23.019633576977423],[-46.07805973298653,-23.019230671005364],[-46.07790182598265,-23.01905031097625],[-46.077650272002316,-23.0188107240021],[-46.07692723499134,-23.01834903299736],[-46.07653436198606,-23.018041367997025],[-46.076219499997244,-23.017682467984084],[-46.075777419996086,-23.01706325199579],[-46.07551012099279,-23.016775536976418],[-46.07514862597823,-23.01646020798066],[-46.07483431098748,-23.016237744999327],[-46.074520884974824,-23.01613184899048],[-46.0743924689851,-23.016107335003948],[-46.073817719997535,-23.016208943008326],[-46.07359917897805,-23.01620295298333],[-46.07333320599236,-23.01611854800466],[-46.073324929977694,-23.01608951097583],[-46.07280012197603,-23.01584762199024],[-46.072517508976006,-23.015654542983377],[-46.0721563809939,-23.015374448996237],[-46.07176356499216,-23.015008947993326],[-46.07095980697216,-23.01442133098494],[-46.07084926399062,-23.01404561099391],[-46.070848109998465,-23.013944398004288],[-46.07098698797881,-23.013538993986916],[-46.07153147598733,-23.012378913984424],[-46.07165374598026,-23.01197416298549],[-46.07181098398401,-23.011133535007456],[-46.07177613800765,-23.01067130900366],[-46.07140488697391,-23.008129534005096],[-46.07147155598558,-23.0076670259856],[-46.07146014598295,-23.007204248991798],[-46.07130726097631,-23.006627308981525],[-46.07096696500543,-23.00605116797973],[-46.070798394972165,-23.005589642977572],[-46.070719401989784,-23.005474612004562],[-46.069530451986395,-23.004203550991672],[-46.069270440006086,-23.00383642399393],[-46.06893015998475,-23.003260278996834],[-46.06872435099976,-23.00303039799198],[-46.06777258197765,-23.002205618991542],[-46.06740960998868,-23.001810736996482],[-46.0672039239893,-23.00140737899062],[-46.06710774499405,-23.001104152989136],[-46.067094629990464,-23.000906082974776],[-46.06715367997618,-23.000655789985174],[-46.067208295990255,-23.000491265994345],[-46.06721541197942,-23.000475109976907],[-46.067225318982295,-23.00041110797577],[-46.067225126991545,-23.000199678994534],[-46.067207904993786,-23.000124426989984],[-46.06717839398954,-23.00002640198855],[-46.06681005098046,-22.9996043319951],[-46.06624214699633,-22.999264189000183],[-46.06595924399612,-22.998978933007468],[-46.065646578996656,-22.998498968996778],[-46.065518800991235,-22.998105815982438],[-46.06548660398892,-22.99788306297715],[-46.06558216300826,-22.99722131100445],[-46.06608861099602,-22.995725460979358],[-46.0663010669825,-22.995020290976587],[-46.0663899009982,-22.99457437998421],[-46.06645903999158,-22.9944163989895],[-46.06674313800502,-22.994077333001528],[-46.06703631100128,-22.993888390001235],[-46.06729966498155,-22.993785735980516],[-46.067562726984775,-22.993755360000502],[-46.067990322997225,-22.993803354998324],[-46.06869726097806,-22.994005535997374],[-46.0692398209799,-22.994009176001125],[-46.06954190997322,-22.993979382980733],[-46.07000597499783,-22.993839987005288],[-46.07019088299413,-22.993702718983393],[-46.070345329003686,-22.993521623004323],[-46.07047470397297,-22.99321184898212],[-46.07062280497405,-22.992334939002408],[-46.07058867099365,-22.992055235002912],[-46.07046130398292,-22.991582581006192],[-46.06995446097285,-22.99032176600868],[-46.06992910997227,-22.990042192998995],[-46.0699891799955,-22.989733184994538],[-46.070195808978504,-22.98935861399076],[-46.07056530799159,-22.988990104982662],[-46.07101234400169,-22.988707690991088],[-46.071591533977774,-22.98840196297977],[-46.072294927999586,-22.988080930982765],[-46.07296811200768,-22.987868768996428],[-46.073785031990916,-22.98741751897691],[-46.07457958499473,-22.9867942580058],[-46.07567490097484,-22.98604810598944],[-46.07603794199736,-22.98588007098921],[-46.07652574897646,-22.985776249981235],[-46.07681269397493,-22.98577422597681],[-46.077122908972235,-22.9858367019831],[-46.07830489498472,-22.986216727976036],[-46.07853055999403,-22.986314978980047],[-46.078780077006215,-22.98650032598963],[-46.07921587499256,-22.986748094992702],[-46.079949258976704,-22.986999413981316],[-46.08003816600458,-22.987049534983065],[-46.08010570397736,-22.98709391599521],[-46.080212124979084,-22.987147010000267],[-46.08060006000127,-22.98734165399551],[-46.080832859008865,-22.98736682199193],[-46.08119863297405,-22.987265678975334],[-46.08140007597577,-22.987130451985703],[-46.081687772995124,-22.986805869993283],[-46.08191666598393,-22.98638373100812],[-46.082107409985504,-22.9860784789958],[-46.0823463059889,-22.985754070001583],[-46.08261001599897,-22.98546165497882],[-46.08218876599407,-22.985442705984994],[-46.08189866097829,-22.985346206979816],[-46.081711154985996,-22.985242207002575],[-46.08147982698564,-22.985077013984164],[-46.08137160099094,-22.984903723999718],[-46.080958683992264,-22.983792526998176],[-46.08062628698008,-22.982820772987868],[-46.080534320004205,-22.982610679974353],[-46.079990458005675,-22.98167822598229],[-46.079248338991796,-22.98036422097661],[-46.07904714198229,-22.980150684977097],[-46.07866975800207,-22.97991192099598],[-46.0783090500036,-22.97978002298945],[-46.07820880400758,-22.979708949986627],[-46.078111768974196,-22.979621660006014],[-46.077922331994095,-22.979349568998053],[-46.07785454999212,-22.978984428979718],[-46.07788529899764,-22.978397592983946],[-46.077910282006975,-22.977917287996345],[-46.07790504099052,-22.977658797984002],[-46.077876961002765,-22.977534593000485],[-46.077826947975645,-22.97738114700259],[-46.07772289999177,-22.977248574989865],[-46.07764666699695,-22.977199545993642],[-46.077560156993925,-22.977180179001607],[-46.07728780000695,-22.977186036005463],[-46.077000537002576,-22.977263049001106],[-46.076765908000326,-22.97734356099754],[-46.075855878990204,-22.977710304982562],[-46.07537847599164,-22.97794619600402],[-46.07497912900227,-22.97823837199112],[-46.07441980497517,-22.97886155100697],[-46.07350920998381,-22.979761358983055],[-46.07333349898323,-22.979876180975975],[-46.07311206799193,-22.979927068977947],[-46.07281991897987,-22.979836847002847],[-46.07241313700903,-22.97960575899649],[-46.072089433977034,-22.979422902003922],[-46.071766795993405,-22.979290657003602],[-46.07140572600312,-22.979235538995365],[-46.07095189000166,-22.97923956297446],[-46.070442170985025,-22.979314124994573],[-46.06990655698417,-22.9794741319834],[-46.069143553980396,-22.979746369976596],[-46.0686658139994,-22.979889172983405],[-46.068391048994,-22.979976296981878],[-46.068146448003205,-22.980068391991136],[-46.06790227397964,-22.980136097998678],[-46.0676726549946,-22.9802085410016],[-46.06753095699194,-22.98021996198665],[-46.06738181897625,-22.980210488981836],[-46.06724203197213,-22.98016862997848],[-46.06712031300493,-22.980098129979666],[-46.06702809998428,-22.980014519998953],[-46.06685424598146,-22.979856495990894],[-46.0666415519781,-22.97963192898138],[-46.06645692797407,-22.979420432981698],[-46.06635787797638,-22.979281604993506],[-46.06624592400754,-22.978932961991067],[-46.066071977994696,-22.978446951976633],[-46.06598993499579,-22.978228867990563],[-46.065889513986725,-22.978001471997135],[-46.06569090298148,-22.97758646999378],[-46.06513464597459,-22.976477586002815],[-46.06480192298115,-22.975809378980955],[-46.06459080897788,-22.97549538299302],[-46.06430400097412,-22.975157656999528],[-46.06404291398345,-22.97485555598822],[-46.063661003992735,-22.97454350198509],[-46.06344855897313,-22.97441651499102],[-46.06265560599167,-22.974062120979514],[-46.06212290197994,-22.97383543299314],[-46.06168552299064,-22.973681560006888],[-46.06136467500095,-22.97361527900152],[-46.060834791006435,-22.97356120400283],[-46.06045639298029,-22.973549169984715],[-46.059963909005816,-22.973587816974813],[-46.05918098998906,-22.973661833978188],[-46.058986184003636,-22.97364172497549],[-46.05864590597199,-22.973570627974926],[-46.05835051898621,-22.973499304983893],[-46.05794930799363,-22.97339746998739],[-46.05774467897976,-22.973325708975437],[-46.0574878170007,-22.973227860978795],[-46.05704533998928,-22.97303143100446],[-46.05681220600429,-22.972860753997715],[-46.05658461900805,-22.972652210989246],[-46.05632118399431,-22.972318437976906],[-46.05593777000909,-22.9716503479958],[-46.055816403006375,-22.971394618995262],[-46.055758190983084,-22.971154300998247],[-46.05574628597383,-22.9710547320031],[-46.05576060899939,-22.970961883998996],[-46.0560005639959,-22.970413450981297],[-46.056012536999006,-22.970343156003405],[-46.055994922006896,-22.97023536900811],[-46.055972333985345,-22.97013292699164],[-46.055937127983626,-22.97002668100806],[-46.055799891988976,-22.969896303999988],[-46.05564026997826,-22.9698179930078],[-46.055516778000076,-22.969793537007327],[-46.05451443399238,-22.969585019008438],[-46.05439017400407,-22.96954880497551],[-46.05420213598688,-22.969477290980166],[-46.05383336798237,-22.96930726699033],[-46.053554445976324,-22.969188295996123],[-46.05292911497842,-22.968904154986546],[-46.052668120979305,-22.968764672982477],[-46.05248563300736,-22.96865529300211],[-46.05236132398511,-22.968566670976138],[-46.0521850399745,-22.968437505994828],[-46.051991146989266,-22.96825566897893],[-46.05179154297504,-22.96801049798736],[-46.05160754800598,-22.967765562991204],[-46.051442166976166,-22.967516390999705],[-46.05095998800117,-22.966696804998158],[-46.05080513099804,-22.96640442300294],[-46.050736615980775,-22.96619556998226],[-46.05070323498788,-22.96598634700696],[-46.05065496598567,-22.965294407995188],[-46.05061962397597,-22.964257511989818],[-46.05065350298522,-22.96355507097655],[-46.05069627097665,-22.963288272006448],[-46.05075164200892,-22.963081296002116],[-46.05122220097871,-22.961796363001007],[-46.05129397598709,-22.961544458986673],[-46.051401675986114,-22.960694954991894],[-46.051519808005445,-22.960028125005728],[-46.051585306980755,-22.959634270005633],[-46.05161139400131,-22.9593726379803],[-46.051614583008835,-22.959136862006684],[-46.05158276998552,-22.958949346990057],[-46.05147486899683,-22.958650448000817],[-46.0513088570031,-22.958327174981356],[-46.05118968900419,-22.958169056991085],[-46.05044195099135,-22.957195455994203],[-46.04980219500522,-22.956350885998475],[-46.0496559579832,-22.956178802988628],[-46.04945032898546,-22.955834146982006],[-46.04928344600542,-22.95550543798151],[-46.04919180000266,-22.95528087400134],[-46.04912265399462,-22.95510815198896],[-46.04912167400014,-22.954887672985265],[-46.04919706100906,-22.95454185599313],[-46.04928541799608,-22.954290203982527],[-46.04943196100134,-22.95400329198391],[-46.04965893300676,-22.953637183992765],[-46.0500175169941,-22.95322156900216],[-46.05042544199565,-22.952774174008],[-46.05136994100309,-22.951886749977287],[-46.0523905639854,-22.950831511005592],[-46.052582690981886,-22.950669974998284],[-46.05303482200127,-22.95042563598567],[-46.05312472997788,-22.950361941995812],[-46.053204099000176,-22.950287246003718],[-46.053247235983754,-22.950220132995295],[-46.053268353987285,-22.950129194986083],[-46.053270684003984,-22.95005242897618],[-46.05325686398404,-22.949951022989634],[-46.053235689997976,-22.94987932300133],[-46.05297063500417,-22.949363904983006],[-46.05274173498267,-22.948845418994217],[-46.05264743100044,-22.948550339975526],[-46.052298131972755,-22.947667708986053],[-46.05200648600276,-22.946945877997273],[-46.05159017000205,-22.946101986991316],[-46.050982539004714,-22.944987745991966],[-46.05067279198913,-22.94435237798291],[-46.05046908999986,-22.943789092995505],[-46.050421851001175,-22.94353628800659],[-46.05045175800842,-22.943279231004762],[-46.050751590989975,-22.94254286798679],[-46.05112957297333,-22.941800459989228],[-46.05121276898264,-22.941508971993958],[-46.05125757299692,-22.94118166400309],[-46.05129347397208,-22.940916565981773],[-46.05127261500335,-22.940661450001414],[-46.05122285098754,-22.94044113400817],[-46.051105833996964,-22.940106856980613],[-46.05095973598879,-22.939817314981667],[-46.05078190298407,-22.939557110000408],[-46.050662318981,-22.93936826298044],[-46.050595336986554,-22.939183828992725],[-46.05059318598368,-22.9389190569805],[-46.050599459983594,-22.93861917499314],[-46.05055929097869,-22.938408040004408],[-46.05045486398086,-22.938189605989237],[-46.05029882199033,-22.93780052298223],[-46.0501652400049,-22.937244624001263],[-46.050091762972905,-22.93687576700594],[-46.04997388700713,-22.93648003397694],[-46.04979023900918,-22.936162815007922],[-46.049606960993096,-22.93593505300008],[-46.04950159498348,-22.935714796983344],[-46.049432582980536,-22.935424616000155],[-46.04939262497746,-22.935256854003995],[-46.0492965659943,-22.93511715399646],[-46.04916957998359,-22.934685139991323],[-46.04902947700221,-22.933891507997885],[-46.04892196798693,-22.93351671300472],[-46.04880580898,-22.93313455700069],[-46.048659177998054,-22.93276549300561],[-46.04852698799557,-22.93257283899064],[-46.04781589199566,-22.93163229998803],[-46.04705586798059,-22.93081118600309],[-46.0466803670003,-22.93036636199521],[-46.046042195982594,-22.92988140600415],[-46.04498079700048,-22.929333997995577],[-46.04459245298775,-22.928954027994024],[-46.0433415869832,-22.92759415099168],[-46.04283308298791,-22.926949416976907],[-46.04258203797457,-22.92636371397676],[-46.0425053709805,-22.925515921974867],[-46.04237928198624,-22.924924889980986],[-46.04210806597394,-22.92437682700328],[-46.04179959937918,-22.9237770909836],[-46.04174974500811,-22.923680160994408],[-46.04164232699527,-22.92330174600553],[-46.041482843001475,-22.922393961979413],[-46.04128832998046,-22.92071130200765],[-46.04110051600083,-22.919146204005884],[-46.04117272197998,-22.917934735981895],[-46.041163189986584,-22.91759214499067],[-46.041083080977884,-22.91682923198427],[-46.04106162999015,-22.916333758995027],[-46.04102520000088,-22.915417905975662],[-46.04108098400708,-22.914307386006673],[-46.041202205007,-22.913796915997356],[-46.0414592630036,-22.913491812979334],[-46.04177827900128,-22.913212950999124],[-46.042288847989745,-22.912912606003484],[-46.043206086975744,-22.912450382994454],[-46.04365021799265,-22.911990902005734],[-46.04391035797263,-22.911346106007148],[-46.0439831480029,-22.91076080597507],[-46.04400624297899,-22.91000759398948],[-46.04392758098937,-22.908997128984534],[-46.043722010008686,-22.907387486003106],[-46.04380304799979,-22.906777011981813],[-46.04401076497304,-22.906062747993193],[-46.04415344900361,-22.905716144989363],[-46.0443255289946,-22.90530673897533],[-46.04451603599219,-22.905068386007116],[-46.04482983100901,-22.904862626003894],[-46.04508176299631,-22.904790556008635],[-46.04595648400703,-22.90474330600754],[-46.04646026798323,-22.904658793983316],[-46.046899120992315,-22.904550706993547],[-46.047396349975365,-22.904395615991604],[-46.047868624985334,-22.90427267200283],[-46.04878346098199,-22.904162766989486],[-46.04908278400671,-22.904057977977853],[-46.04934313600077,-22.903950790005766],[-46.04951211998735,-22.903825951991777],[-46.04971356699226,-22.903630224975988],[-46.050237579996136,-22.903007491004747],[-46.05070169400269,-22.902297104981628],[-46.05099950599183,-22.901670035003352],[-46.05110347000203,-22.901305671004103],[-46.05113979999103,-22.900794810003408],[-46.051092553007955,-22.89993571699233],[-46.051022342986606,-22.898775392002197],[-46.05093112599721,-22.897921053000175],[-46.050843599996995,-22.897465237997114],[-46.050700608984876,-22.896947139975946],[-46.05042252299978,-22.896844436994357],[-46.05022552198761,-22.89673392600333],[-46.04983329698994,-22.896577987994768],[-46.047634525975894,-22.895891356986183],[-46.04731172198147,-22.895725623000573],[-46.04631953200395,-22.8949741590035],[-46.04555891798864,-22.894198196985325],[-46.04463515899322,-22.893163140996613],[-46.044215946979854,-22.892439344990496],[-46.043620126987285,-22.891720993982748],[-46.04286833300197,-22.891109599987665],[-46.04202168298951,-22.890623256003934],[-46.04127235297288,-22.890313680004887],[-46.03957192499817,-22.88990920000676],[-46.038916278981674,-22.889596521986014],[-46.03714130000296,-22.888338824979016],[-46.03658310400163,-22.8881405669816],[-46.036024087973374,-22.888043493004144],[-46.03499250499171,-22.88808829399382],[-46.0344211319945,-22.8880280720023],[-46.03319390497446,-22.887394014004247],[-46.032798355976965,-22.88720816497602],[-46.03180611000123,-22.886796345002733],[-46.031466466972596,-22.886647489990157],[-46.03096687898275,-22.886444685999606],[-46.030599939983446,-22.886295411976445],[-46.029882936973976,-22.88603506798546],[-46.02863286498183,-22.88537170999652],[-46.02765390698065,-22.884981753975335],[-46.027153283002896,-22.884837653000456],[-46.02604321199775,-22.884910110007375],[-46.02466717898582,-22.885186302998623],[-46.023535681007296,-22.885693930006077],[-46.02219397598117,-22.8865588459762],[-46.02087246299633,-22.887384303980188],[-46.019700605006584,-22.88807470797619],[-46.01912465599089,-22.88832518599335],[-46.01875997500516,-22.888431626995942],[-46.018257688983766,-22.888434753994726],[-46.01748096800602,-22.888187893974454],[-46.01561149100423,-22.886990850991477],[-46.01458845299381,-22.886504358986553],[-46.01400866699901,-22.886261415984542],[-46.01365294399775,-22.88614028597677],[-46.01313053898595,-22.88596056798285],[-46.01281843598657,-22.885962990976946],[-46.012357028992504,-22.886079674994082],[-46.00984561799793,-22.887997192983256],[-46.00883581198425,-22.889163482988238],[-46.008728310992936,-22.889284709999558],[-46.00863075498448,-22.889395246982005],[-46.00854943000718,-22.889470796008556],[-46.008445144988436,-22.889521593996456],[-46.008266047991924,-22.889556780982947],[-46.00814456998323,-22.88953322197686],[-46.0079799329848,-22.889469239983534],[-46.00775962699937,-22.889355606989238],[-46.00763639199806,-22.889266963995915],[-46.0075307870093,-22.889119862005423],[-46.00693942500285,-22.888110493998738],[-46.006228039003226,-22.88661767299788],[-46.005684727996886,-22.885757224986257],[-46.00363237298431,-22.883729552982622],[-46.003151917983985,-22.883116740976696],[-46.00300022998945,-22.882713213981052],[-46.002945880995256,-22.881723875980548],[-46.0027558169896,-22.881339634002995],[-46.001476981980936,-22.880008788001202],[-46.00085629299942,-22.879549212005866],[-46.00057410597283,-22.879353289997844],[-46.000305681972385,-22.87915125599778],[-46.0001318359778,-22.879003995978636],[-45.99980974398316,-22.87885805499557],[-45.99952264898974,-22.87877228999621],[-45.999144712987544,-22.87869505799631],[-45.99858371098272,-22.878657457989544],[-45.99784099000012,-22.8786929400017],[-45.99745362499884,-22.87870591499335],[-45.99704411298863,-22.878757397977054],[-45.99662445998197,-22.878830408976537],[-45.99615178900281,-22.878923378993807],[-45.99581761398593,-22.87901487999613],[-45.99545238900498,-22.879097767977125],[-45.995086614006354,-22.879157152977314],[-45.994721261975904,-22.879193050988683],[-45.99440623197844,-22.879196296990145],[-45.99409510599633,-22.879145388998126],[-45.99383695000579,-22.879077230999165],[-45.993598410006065,-22.878948838006863],[-45.993326674002276,-22.878660902002732],[-45.99252438498481,-22.8778379519825],[-45.99165593598533,-22.87711517099507],[-45.99113556497845,-22.87671855599611],[-45.99081135997431,-22.876420764979205],[-45.990409539997685,-22.87599346099319],[-45.99029889398398,-22.875695371986538],[-45.99030799600835,-22.875515703990082],[-45.990414495003066,-22.875234542998857],[-45.990519131994525,-22.874894620001093],[-45.990603613005554,-22.874644740983744],[-45.990824853987974,-22.874165673975074],[-45.991036480993685,-22.873625014003213],[-45.991248362995414,-22.873124115002888],[-45.991473884990604,-22.87267764098286],[-45.99176369998041,-22.872180661981254],[-45.99200076497702,-22.87179671297856],[-45.992210991003475,-22.871387046974586],[-45.99247568599994,-22.871038764985336],[-45.99288108399585,-22.870620381005335],[-45.99296630498547,-22.87054490099524],[-45.993100679990576,-22.870393379984623],[-45.993225371003376,-22.870238094006655],[-45.99327339097432,-22.87011685800775],[-45.99328387799365,-22.87002214599228],[-45.99324411699946,-22.869902257998028],[-45.993117565004006,-22.869782829975204],[-45.99297880497213,-22.86974543797878],[-45.992739394980035,-22.869720035992135],[-45.99238469699942,-22.869707300988416],[-45.99208267199078,-22.869693577],[-45.99172132998549,-22.86967079799141],[-45.99115361399219,-22.8695752390007],[-45.9907481189752,-22.869513822985155],[-45.9902611980006,-22.86942583999088],[-45.989897805001114,-22.869300922990487],[-45.98948923000552,-22.86919427697977],[-45.98904000697742,-22.869070734008485],[-45.98871456199235,-22.869004231996566],[-45.98841467399776,-22.8689263799753],[-45.9880939799879,-22.86881296597842],[-45.987454214006384,-22.86860422999712],[-45.98718954398526,-22.86857390999077],[-45.98668903297631,-22.868590518993315],[-45.98591710300424,-22.868626394977813],[-45.985471915974635,-22.868603200980886],[-45.9851932559992,-22.868591633990565],[-45.98478459597918,-22.86854370699462],[-45.984545984998135,-22.86852824499576],[-45.98437341300721,-22.868527364997],[-45.98410007797806,-22.86854479300859],[-45.98388722899571,-22.868560452974453],[-45.983742762000716,-22.868569044980486],[-45.98364625800103,-22.868567541974173],[-45.98355253000017,-22.868574213005587],[-45.98341551000693,-22.868548586004515],[-45.983269897994184,-22.868512884977097],[-45.98296203599922,-22.868444837978785],[-45.98275389800549,-22.868362080984383],[-45.982258919999104,-22.868127569980597],[-45.9817914829883,-22.867879934007547],[-45.98158990100142,-22.8677584239775],[-45.98133993300744,-22.8675629699973],[-45.98114080999911,-22.86741348698183],[-45.98076468199681,-22.8670778179785],[-45.98062377499485,-22.866997913985042],[-45.98042806700894,-22.866928899975246],[-45.98007504798349,-22.8669315249869],[-45.97981714699923,-22.86695822300324],[-45.97953475199008,-22.86704507697593],[-45.97922731400552,-22.867168586005494],[-45.97843882600894,-22.867418313994662],[-45.97760623399859,-22.867626688975278],[-45.976857806007004,-22.86754994299557],[-45.97653602800903,-22.867550336994867],[-45.97623084300831,-22.867603397996533],[-45.97596053597519,-22.867668748981888],[-45.97563566699516,-22.867838963979356],[-45.97516396998351,-22.86804031598705],[-45.97497192500117,-22.868091527994128],[-45.9747685390065,-22.868069373990345],[-45.974575307998485,-22.86797147799037],[-45.97439212898557,-22.86774994998644],[-45.974306795997066,-22.86756338400704],[-45.974299152990426,-22.86744760798051],[-45.97432547598574,-22.86728718399516],[-45.974486640974796,-22.866629195002805],[-45.97451656397844,-22.86605679897761],[-45.97451497299092,-22.865608603977698],[-45.97447499198593,-22.86501975499965],[-45.97431060400904,-22.86440908098126],[-45.974018835001544,-22.863779247980993],[-45.97375224900089,-22.86337298998217],[-45.973486350998385,-22.86308962798364],[-45.973270869004196,-22.862929035999624],[-45.97301917400912,-22.862776009005103],[-45.9728377309989,-22.862673776996356],[-45.97246815697464,-22.862515291001866],[-45.972140860992724,-22.862337586979848],[-45.97189871498696,-22.862142239997745],[-45.971535584988715,-22.861683867001194],[-45.97114728300759,-22.861269374004944],[-45.97084068799358,-22.861026030003416],[-45.97072207997889,-22.860953693983987],[-45.97028362297648,-22.86083026700073],[-45.969950325972924,-22.86076812098335],[-45.969616797993446,-22.86071862200586],[-45.969219594988786,-22.860578669992137],[-45.96882966099118,-22.86041443399153],[-45.96841795000729,-22.860161306982295],[-45.968102111981466,-22.85994401700715],[-45.96782592398946,-22.859691204998853],[-45.96754874599222,-22.859439280007553],[-45.96728048897491,-22.85917936299335],[-45.96693981998408,-22.858773737999567],[-45.96668709198867,-22.85841105598674],[-45.966226314990315,-22.857748738006052],[-45.96606475499379,-22.857519406994754],[-45.965841819975495,-22.857180683996223],[-45.965542063979825,-22.85677750499424],[-45.96512288097752,-22.85618721799678],[-45.96491356397945,-22.85595713600388],[-45.96475891398005,-22.85577670499083],[-45.96454479199727,-22.855596242985314],[-45.96421699297739,-22.855394117997953],[-45.96405393700586,-22.855353608006276],[-45.963906707988876,-22.855354007002802],[-45.963695545986575,-22.85538502699754],[-45.96345512597425,-22.85546980098737],[-45.96317327200806,-22.85563434298702],[-45.96283899898882,-22.855892934993488],[-45.96255945698888,-22.856090943995827],[-45.962093595978935,-22.85645408900704],[-45.96196295099949,-22.856560464981612],[-45.961768966008144,-22.85677156400217],[-45.96161735498165,-22.85695802797512],[-45.96151390199087,-22.85712356300666],[-45.96135077599808,-22.857353216993857],[-45.96116542599213,-22.857731611003054],[-45.96101024399963,-22.858006568980294],[-45.96092544199802,-22.858111856983804],[-45.96082549098571,-22.858192510975545],[-45.96071397500721,-22.858265754988103],[-45.9604923340067,-22.858283051985318],[-45.96043122400307,-22.858265826981864],[-45.96035708000245,-22.85821496397981],[-45.96026304597932,-22.858132163987303],[-45.960210330979564,-22.858029232005634],[-45.96019158300243,-22.85788165397804],[-45.96016230097935,-22.85745741797939],[-45.96011867797805,-22.857070906008612],[-45.96006744100888,-22.856621025005616],[-45.96001088098044,-22.85635538799998],[-45.95990504499648,-22.855905551979937],[-45.95974996000777,-22.855536261993894],[-45.95949582099491,-22.855145534995263],[-45.95921198098257,-22.854726328975065],[-45.959033271008565,-22.854529249995466],[-45.958534636980474,-22.85412654200797],[-45.958118936003316,-22.853773930976903],[-45.95797458900173,-22.85361714798338],[-45.95787101700627,-22.853363420981548],[-45.95777296900567,-22.852967918989112],[-45.95771683899522,-22.852838728006798],[-45.95740438800259,-22.852225703990662],[-45.95721135100868,-22.851853102989125],[-45.95706486299237,-22.851600505991335],[-45.95698197400123,-22.85144197900165],[-45.95682957497933,-22.851139592996237],[-45.956716707978046,-22.850861320977483],[-45.956684042977585,-22.85062226300405],[-45.95665756598305,-22.850151986996572],[-45.956635368981715,-22.850033270001994],[-45.956620092006844,-22.84996254997537],[-45.95659701698106,-22.849891708001387],[-45.95655458197321,-22.84981333197655],[-45.956487909979444,-22.84978065697646],[-45.95636664099604,-22.849748026002224],[-45.95616199599824,-22.84974299498687],[-45.955888262994,-22.84978386197828],[-45.955642466988465,-22.84978992898266],[-45.95538925699096,-22.849721785981927],[-45.955176937009,-22.849603686994897],[-45.954605472001965,-22.849080546995097],[-45.954295926004185,-22.848841641981796],[-45.95408557400188,-22.848722667993833],[-45.95398254300694,-22.84870568300809],[-45.953787645983034,-22.848700803008423],[-45.953598854975056,-22.84878818398521],[-45.953299132003465,-22.848917187005174],[-45.95291638398947,-22.849001508996537],[-45.9525888140029,-22.849054171000425],[-45.95225800800591,-22.849070638996068],[-45.9521449320011,-22.84906975899551],[-45.95187016698295,-22.849007594980556],[-45.951692373994575,-22.84892075698729],[-45.951493922984255,-22.848737814004178],[-45.951306541975086,-22.848536069992047],[-45.95089918799672,-22.84778419098497],[-45.950810257976045,-22.84747737899433],[-45.95079671897858,-22.847206092001432],[-45.950827655983005,-22.847061104984718],[-45.95093554900217,-22.846813420999567],[-45.951165831996,-22.84637791700528],[-45.9512586939759,-22.84609927399383],[-45.95124383898446,-22.8459526600075],[-45.95117063497924,-22.845851207997608],[-45.951068087005666,-22.845808025008445],[-45.950886058979705,-22.845845812988706],[-45.95065017199579,-22.84594961498316],[-45.95017080698638,-22.846251974003753],[-45.94997361000525,-22.846319338999937],[-45.949761500005934,-22.84634942199079],[-45.94951747600379,-22.846365446987726],[-45.949273391005526,-22.846331774002493],[-45.94883880397943,-22.846319488984065],[-45.948593778001666,-22.846283992981384],[-45.948372807978444,-22.846212732985567],[-45.94816603099336,-22.84611187998984],[-45.94757255497324,-22.845727516976112],[-45.94716866100843,-22.845583788995523],[-45.94686930597287,-22.845533877992825],[-45.946538374976015,-22.845557560002586],[-45.9460416109726,-22.845692469996045],[-45.945623904972024,-22.84571658598603],[-45.94533875399562,-22.845689485979122],[-45.94459175999133,-22.845542131001885],[-45.94426695000553,-22.845498137994777],[-45.94385878100384,-22.845480834987494],[-45.94348047598402,-22.845482978984375],[-45.9430564790061,-22.845478073980754],[-45.94284550998839,-22.845499129984784],[-45.94241280999193,-22.84559618900237],[-45.942200532973686,-22.845635294996924],[-45.941948603998206,-22.845709915997602],[-45.941633748975825,-22.84581335798012],[-45.94112315997418,-22.846116100004085],[-45.940824238003565,-22.846359846982928],[-45.94054980698299,-22.846544344981087],[-45.940290919983255,-22.84662608198062],[-45.939825435994244,-22.846650328995537],[-45.939470869003365,-22.846633865002435],[-45.939337160975015,-22.846641683999355],[-45.93924112198879,-22.846615764996937],[-45.9390589909963,-22.846553241003033],[-45.93883775097691,-22.84644401399395],[-45.938631089993805,-22.84628441699725],[-45.93824162300073,-22.845782175995083],[-45.93799490000231,-22.84546923799329],[-45.93789016200077,-22.845228129001885],[-45.93775292098017,-22.84468832198476],[-45.93767181897446,-22.844381625985257],[-45.93762342400827,-22.844257068000466],[-45.937463478993664,-22.843943698999],[-45.937320166972434,-22.84373269897717],[-45.937153753987026,-22.843558377988355],[-45.936954495990186,-22.84342058297591],[-45.93684393400086,-22.843336601992313],[-45.93649107198813,-22.843175586002587],[-45.93624239398998,-22.84302164399453],[-45.93609364997278,-22.842893684991402],[-45.93556102900617,-22.84233133498268],[-45.93530671598884,-22.84211314798563],[-45.93493402700219,-22.841917476990236],[-45.934515120989886,-22.84179606900501],[-45.934160326997386,-22.8417398310013],[-45.933874936007314,-22.84172626097588],[-45.933062664998566,-22.841789252978568],[-45.93287236200821,-22.841747373990145],[-45.93271495698496,-22.84166625997489],[-45.93251737097793,-22.841543846992405],[-45.93232616300608,-22.84134021197575],[-45.932190406993655,-22.841142879998536],[-45.93215006598759,-22.841004894986515],[-45.932093649006205,-22.840734730981705],[-45.93205215699483,-22.84050094800374],[-45.932003329009206,-22.840347466004335],[-45.9318926470038,-22.840164989996225],[-45.93182784599989,-22.840084445007452],[-45.93166954700907,-22.839946389982476],[-45.9315339489736,-22.839793335988567],[-45.931463262992324,-22.839662096003135],[-45.93139560197703,-22.839525482994098],[-45.93124395298561,-22.839133627994617],[-45.93103744499477,-22.83875626100371],[-45.93076812999038,-22.838401386974862],[-45.93035046299635,-22.838055899004384],[-45.93001119498791,-22.837846290998044],[-45.92968792197362,-22.8376152509912],[-45.929404303005946,-22.837348698998913],[-45.929285009988625,-22.837210358976986],[-45.929181828007025,-22.837044264985206],[-45.929035526004775,-22.83657478400164],[-45.92893925698741,-22.836246154989983],[-45.92884245597879,-22.8359988399994],[-45.92867502899411,-22.835669981994908],[-45.928523368974986,-22.83543715400488],[-45.9283331659889,-22.8352326259869],[-45.92812640000823,-22.835080242007226],[-45.92788006298165,-22.834906446002904],[-45.92772251800473,-22.834833457004308],[-45.92753319998682,-22.83479158698439],[-45.92729676999256,-22.834767037977546],[-45.92708275398835,-22.834742845999003],[-45.92688579199355,-22.834692722005013],[-45.92668880999736,-22.834591093007273],[-45.926481778003364,-22.834453159997672],[-45.926156263993974,-22.8341335249867],[-45.925443440999445,-22.83351495597677],[-45.92527549199817,-22.833319815000145],[-45.92514810400339,-22.833092791987166],[-45.9250833710043,-22.832851406986727],[-45.9250025720062,-22.832530250983066],[-45.924898744999545,-22.83239938298123],[-45.9247095469802,-22.832298778975584],[-45.92442447699019,-22.832216523991676],[-45.92425783000839,-22.832161457993728],[-45.924060013001956,-22.832052584005744],[-45.92393720200427,-22.831946713007703],[-45.92386693198466,-22.831846197983232],[-45.92382932297217,-22.831666687981684],[-45.92381278297625,-22.831454985987943],[-45.92384848899553,-22.831001957997064],[-45.923830309987125,-22.830511021986037],[-45.923805723997965,-22.830365152990705],[-45.923725438998616,-22.83022652800738],[-45.92355831699035,-22.829934714988166],[-45.92350936897703,-22.829788457005833],[-45.9234938219761,-22.829628275006165],[-45.923482709002585,-22.829386840976472],[-45.923491138982584,-22.82924782397899],[-45.92351248798677,-22.829043051002348],[-45.92351125397285,-22.828794547007554],[-45.92347102299577,-22.828546322997916],[-45.92337497697627,-22.82831166597925],[-45.92320730400522,-22.828049661994015],[-45.923024058997264,-22.827838913990938],[-45.922889188005705,-22.82770031998392],[-45.92278964999504,-22.827548736989282],[-45.922746531994505,-22.827351068000404],[-45.9227768039749,-22.82713830498888],[-45.92287056798126,-22.826918423998897],[-45.92300366497572,-22.826732602985903],[-45.923481940994776,-22.826226096001502],[-45.923612952984236,-22.82599506198843],[-45.92368448599071,-22.825764886004386],[-45.923674803974755,-22.825603892986354],[-45.92343690099312,-22.825239567990856],[-45.923221617007876,-22.824969575006275],[-45.922911016978716,-22.824635713980943],[-45.92271359698827,-22.82445365300482],[-45.92249095799309,-22.824264864997296],[-45.92196784198261,-22.82387971898976],[-45.921452390991455,-22.82350192300119],[-45.92123739900783,-22.823268979002567],[-45.921133968999015,-22.82311733197486],[-45.92077854997395,-22.82246830399086],[-45.92060048998246,-22.822241370006267],[-45.920202839984256,-22.821819369008008],[-45.91959368499709,-22.8211870649969],[-45.91919575498157,-22.820780416978902],[-45.91901396997625,-22.820649202996613],[-45.91872911098475,-22.820504592974398],[-45.9183927589774,-22.820403435988226],[-45.917644938980494,-22.820204436008297],[-45.916851208979246,-22.819801390994105],[-45.916634228990944,-22.819675934991196],[-45.91576152899141,-22.819117107981402],[-45.9156032859992,-22.819030541984826],[-45.91544507499416,-22.81899457700782],[-45.915224211993895,-22.81902537800235],[-45.91491732800486,-22.81912166599098],[-45.91459486900096,-22.819216800974356],[-45.91439776298992,-22.81922810298851],[-45.914192475993424,-22.81920764698415],[-45.91395458399621,-22.819053841976814],[-45.913748247988046,-22.81882825500608],[-45.91357959900396,-22.81851562399491],[-45.91347648398826,-22.818347712005075],[-45.91343527798726,-22.818205189001237],[-45.91341906797909,-22.818133546005424],[-45.91331175800611,-22.817092703007155],[-45.91327065398925,-22.816944759989692],[-45.91319053599546,-22.81685040699984],[-45.91296820897243,-22.816646248975438],[-45.912692454983215,-22.816484605999843],[-45.912327490989455,-22.816350447982934],[-45.912081838992,-22.816299524995973],[-45.91185439797553,-22.816265156986088],[-45.91145960700294,-22.816266961005837],[-45.9107734949918,-22.816314693008035],[-45.910347787976114,-22.81635394797762],[-45.90973313797466,-22.816489565979975],[-45.90909277298667,-22.816749463995613],[-45.90874312197795,-22.81699595400152],[-45.907787493002516,-22.81785257599904],[-45.90723000300671,-22.81821499898965],[-45.90563174798301,-22.8187206349871],[-45.9052390969918,-22.818920343],[-45.90487001798367,-22.81926681100729],[-45.904651772982675,-22.819626544984484],[-45.90461513897701,-22.820021726980293],[-45.90480248800752,-22.820949106991364],[-45.904875285993164,-22.821278278990384],[-45.9049404400027,-22.82159919498812],[-45.90495279900345,-22.821824387001747],[-45.90482760998222,-22.822680782001033],[-45.90469875698955,-22.823211826006634],[-45.90471137399233,-22.82337105998825],[-45.90478289399578,-22.823560155998774],[-45.90494185699286,-22.823816617978817],[-45.90521296997422,-22.824070364989055],[-45.9056952189755,-22.824397079007706],[-45.90620309299694,-22.82470884300444],[-45.90650313299648,-22.824875403985242],[-45.9066847819972,-22.82496145098977],[-45.90709681597764,-22.82518583200224],[-45.907255209007204,-22.82531668499413],[-45.907429627998724,-22.825476708987775],[-45.90753458398222,-22.8257024829932],[-45.907575620975685,-22.826010361005082],[-45.90768149697896,-22.826499997002934],[-45.90777742598911,-22.826791587977436],[-45.90788281399663,-22.827098691004093],[-45.9080179860015,-22.827272541983987],[-45.9084888669986,-22.8277391209915],[-45.908636050991255,-22.827948404004207],[-45.908799899006674,-22.82820494000349],[-45.90896845199845,-22.828679316004177],[-45.909025780984585,-22.82889800000721],[-45.90908217398433,-22.82927118100577],[-45.90906084700185,-22.829578057980672],[-45.90900670100614,-22.82971091900182],[-45.9089202609864,-22.829850490980572],[-45.90871628098499,-22.83012461898416],[-45.90845267797993,-22.830511639999536],[-45.90817716698616,-22.830805401001033],[-45.907762151008335,-22.831261373997393],[-45.90739195600687,-22.83177047400734],[-45.90720062998843,-22.832149618002482],[-45.90699104698674,-22.832618827004232],[-45.90674157698388,-22.833240100987215],[-45.90655044999073,-22.833608403996912],[-45.90638604900743,-22.833850634984454],[-45.906074447992694,-22.834197123994656],[-45.90590208599383,-22.834395853992568],[-45.905422174008706,-22.83488059699026],[-45.90522040898845,-22.835035482001388],[-45.90481103199056,-22.835345158007577],[-45.90455648197573,-22.835559733981857],[-45.90441088497801,-22.83573449597545],[-45.90433500499563,-22.835882367987637],[-45.90410234999911,-22.836541857974282],[-45.90403179198799,-22.836717825995315],[-45.90390037198632,-22.83691630900786],[-45.9037505479893,-22.837004258999038],[-45.903552925977024,-22.83704174297717],[-45.90338660300167,-22.836969492982174],[-45.90318934698051,-22.836883190986935],[-45.903022591003925,-22.836782018998374],[-45.90216734199408,-22.836121296980863],[-45.90194517300288,-22.836012002995854],[-45.901771335972605,-22.83597667798259],[-45.90128204198388,-22.83597241897568],[-45.90104501498771,-22.83603185500211],[-45.90085662400702,-22.83614900000734],[-45.90009587198269,-22.83668884300583],[-45.89967141699894,-22.836917844001835],[-45.89955034399751,-22.836980048999344],[-45.89914461698083,-22.83725001098355],[-45.89889328397738,-22.837448365986525],[-45.89865851000799,-22.837699395001028],[-45.89808353198805,-22.83867684498327],[-45.89780777298873,-22.83913774699785],[-45.897636095974114,-22.83935093697496],[-45.89726679900772,-22.83965310800008],[-45.89667585497299,-22.839817973993828],[-45.89624283599979,-22.839827256979365],[-45.895918858985716,-22.83979221498744],[-45.89549263698546,-22.83975100497605],[-45.8950968219968,-22.83964793800558],[-45.89462074799869,-22.839406228983336],[-45.89425178600702,-22.839119262004],[-45.894165328978445,-22.839051001993056],[-45.894091423976434,-22.83898926899027],[-45.894019381989835,-22.838932083993097],[-45.89395596000912,-22.838883170983667],[-45.893908715005615,-22.838855300996812],[-45.89386800297947,-22.83884289697901],[-45.89382416399609,-22.83884128598352],[-45.893776070972656,-22.838858582003922],[-45.89372861198258,-22.83889395898007],[-45.89369874700171,-22.83892691000791],[-45.8936745840011,-22.839019588978108],[-45.89366681897966,-22.8391215689999],[-45.89365890098191,-22.839231677982188],[-45.893676931003625,-22.839413588982694],[-45.893773417002436,-22.83967447497567],[-45.89390277500456,-22.84000185298268],[-45.8941177009984,-22.84039295800571],[-45.89426655997928,-22.840772155000856],[-45.894337400990636,-22.84115280300239],[-45.89437411699081,-22.841429891989375],[-45.89436701999953,-22.841652058980895],[-45.894308724997735,-22.84195291500054],[-45.8940480389928,-22.842492664976163],[-45.893688424002434,-22.84305702299315],[-45.89352298100697,-22.84330103100151],[-45.893294636002864,-22.843572034994562],[-45.89310737998712,-22.84373165698228],[-45.892800727977374,-22.843915554985422],[-45.89240070699189,-22.844139509998936],[-45.891949619978895,-22.844434926984352],[-45.891797388973494,-22.84454631898842],[-45.891524858977206,-22.844833774988267],[-45.89138995597497,-22.845008698004193],[-45.891296537974135,-22.84520688097936],[-45.89118765600077,-22.84550149699094],[-45.89118110398122,-22.845746262975066],[-45.89121661299408,-22.84598357498824],[-45.89141525398429,-22.846307554982175],[-45.8917590309794,-22.846638397000515],[-45.89192949199199,-22.846801987980317],[-45.892196669995705,-22.847006898002483],[-45.89246235798751,-22.84718738598902],[-45.89277192898158,-22.84741918300837],[-45.89385334900725,-22.848289619978456],[-45.89410414798768,-22.848588233974347],[-45.894236777973276,-22.84889759199599],[-45.89426143600056,-22.849141956987904],[-45.894223258978016,-22.849409705000312],[-45.89413982098418,-22.849803223980715],[-45.89398617400224,-22.850197416976428],[-45.8937759789804,-22.850591600989993],[-45.89357486000407,-22.850969665986394],[-45.893267415972225,-22.851350533992488],[-45.892672855973416,-22.851860494976993],[-45.89254618698198,-22.852012059004633],[-45.892430127007636,-22.852221622977122],[-45.89237009197299,-22.85261461497708],[-45.892381206976665,-22.8530087560031],[-45.89243418600668,-22.85330237200194],[-45.89268522997985,-22.853847669981295],[-45.89283161899654,-22.854099421005817],[-45.89302854800701,-22.85441162499478],[-45.8932641919863,-22.854738909998055],[-45.89348849899797,-22.85504703700499],[-45.89376351398438,-22.855406581979317],[-45.89412664700357,-22.856006093985084],[-45.894266351987994,-22.8563544190068],[-45.89434568599975,-22.85675056300078],[-45.89434646198375,-22.85691683499576],[-45.89431348999895,-22.857011179008325],[-45.89423700300749,-22.857138252985166],[-45.894083997008465,-22.857290295996542],[-45.893811220989775,-22.85743408199893],[-45.89328304398895,-22.85762705700057],[-45.8931040850077,-22.857707297980756],[-45.89268699598831,-22.857955374992347],[-45.89248216097594,-22.85801170400311],[-45.89235360097961,-22.858004206994543],[-45.89219201997216,-22.85798985198688],[-45.892011114976064,-22.857966147977134],[-45.891669721989345,-22.85792178197839],[-45.89119170098625,-22.857884242993844],[-45.89085790898248,-22.857902343986247],[-45.89062756100348,-22.857967294995447],[-45.89040609299857,-22.858078470976235],[-45.890226232002185,-22.858206583982533],[-45.89009215300229,-22.85838874798645],[-45.889982663996925,-22.858714978003672],[-45.88951443498979,-22.860332951985228],[-45.8894058439909,-22.86061130598193],[-45.889321286975736,-22.860959625000167],[-45.88924045799784,-22.861472454975843],[-45.88923804898036,-22.861963059995574],[-45.88936535397944,-22.86250365099998],[-45.88954764298667,-22.86292043697995],[-45.88966888599196,-22.863213348985454],[-45.88967003700896,-22.863411250977443],[-45.88949320599945,-22.863792414005335],[-45.8893676729966,-22.864141878007434],[-45.88930217699113,-22.86461700499767],[-45.88928899599494,-22.865265561999077],[-45.88926463200629,-22.865472086979842],[-45.88918965498521,-22.865725684983303],[-45.88906215898371,-22.86597210800612],[-45.88888183100468,-22.86648694298633],[-45.88878181399647,-22.866879287007198],[-45.88868984897802,-22.867258206986776],[-45.88857544699686,-22.86763766699162],[-45.88850391799407,-22.868018723996194],[-45.888428794980875,-22.86838345899881],[-45.88828669500417,-22.868835660998414],[-45.888223642992465,-22.869180711996606],[-45.888179456983046,-22.869559499986178],[-45.88817291498527,-22.869803361004788],[-45.88814214299751,-22.870246520004716],[-45.88808399100662,-22.870693753998925],[-45.88806890898232,-22.870873321999873],[-45.88800210997701,-22.871054764990223],[-45.887831319991044,-22.871269764989204],[-45.88761941600254,-22.871493135993205],[-45.887459120998614,-22.871668548003445],[-45.887349243002326,-22.87185923298921],[-45.887307153987564,-22.87202300298006],[-45.887342635978534,-22.872158210003807],[-45.88745406897858,-22.87229916398361],[-45.88775454999003,-22.87265370799577],[-45.88815354499904,-22.873058636990912],[-45.88823852298293,-22.873206390995495],[-45.888308242999265,-22.87349124098771],[-45.8883029760045,-22.873667354006532],[-45.88824381499278,-22.874116378980823],[-45.88828006799928,-22.874417855988693],[-45.88837468198303,-22.87462359399494],[-45.88869415099009,-22.8749540469795],[-45.888952082974484,-22.87523832497829],[-45.889021051992515,-22.87535600099309],[-45.88904793297477,-22.875482033007735],[-45.889042923004375,-22.875644595001567],[-45.889002387987965,-22.875777669986338],[-45.888917587988,-22.875879306976305],[-45.888787583007606,-22.8759476839783],[-45.88855100998576,-22.875979098984846],[-45.88824427699309,-22.875956068998697],[-45.88661844199757,-22.875764417998276],[-45.885663287983306,-22.87568751899352],[-45.88516155597746,-22.875663133985178],[-45.88386891698816,-22.875487691980307],[-45.883406553000505,-22.875444060004437],[-45.882145974993435,-22.875378456987583],[-45.881752623001816,-22.87539828498549],[-45.88109246399517,-22.875501433989157],[-45.880522411972244,-22.87553194899457],[-45.880068189008846,-22.875470366998943],[-45.87979208797801,-22.875426132001035],[-45.879476408976565,-22.875308966977098],[-45.87911976597805,-22.875037529000686],[-45.87778518599865,-22.874141205986096],[-45.87727228899043,-22.87393409198417],[-45.876729036001116,-22.873682207992182],[-45.87657980098048,-22.87358129400065],[-45.87631379198558,-22.873364633002318],[-45.87545345298624,-22.872864530980657],[-45.87497310897982,-22.87279257200507],[-45.8742276180026,-22.872870812979613],[-45.87387988398285,-22.872799198983948],[-45.87299476099008,-22.87201224600647],[-45.87267894400215,-22.871748685974232],[-45.872384364990545,-22.87170232899501],[-45.87208321899034,-22.87169381598541],[-45.87131016598456,-22.871683044005863],[-45.87116165497679,-22.871647195003845],[-45.87100322699894,-22.87146570797911],[-45.870980832993375,-22.87182406399232],[-45.870990233005266,-22.87209980900303],[-45.87099944800001,-22.872230977998864],[-45.87100450698294,-22.87237563299628],[-45.870969560007474,-22.872727460003723],[-45.87098205600714,-22.872994218988275],[-45.8710264289789,-22.87327685800474],[-45.87106305898401,-22.873402147993694],[-45.8712169879947,-22.873718194985223],[-45.8713378410023,-22.874133097984377],[-45.87137465199309,-22.874608978984014],[-45.87135867297265,-22.87488611800788],[-45.8713498760045,-22.875247405986347],[-45.87130860098985,-22.8756244299995],[-45.871262314990105,-22.875957096977945],[-45.871172790974086,-22.87646164399096],[-45.87109749997998,-22.876781188989177],[-45.87103579098772,-22.876898553975177],[-45.87091194900218,-22.87705285698644],[-45.87070264297674,-22.877291608989218],[-45.870449366001594,-22.877535066994984],[-45.8703747279776,-22.87761426999496],[-45.87031637198555,-22.877709099974854],[-45.87025659497268,-22.877827398996747],[-45.87018718699265,-22.878042223989993],[-45.870080185975056,-22.878902494999725],[-45.87004408099806,-22.87952085800355],[-45.87002446100812,-22.880812655001925],[-45.87005543600491,-22.881339040982],[-45.87003166597523,-22.881821165003004],[-45.86999537000093,-22.881935327992984],[-45.869873792974424,-22.882227010974393],[-45.869555595984465,-22.882550731987067],[-45.868982306007105,-22.88280162599756],[-45.86828932398792,-22.88309032600147],[-45.86746308098726,-22.883515097995218],[-45.865944306001495,-22.88476890299094],[-45.86573249797852,-22.88503561799562],[-45.865482009999816,-22.88543904700635],[-45.865178607991915,-22.88600967699868],[-45.86490122498355,-22.886493987986682],[-45.864762378992054,-22.88671852099652],[-45.864670246994535,-22.88689682899157],[-45.864599850977555,-22.887111635999887],[-45.86454726699277,-22.8874667869926],[-45.8645491029821,-22.88788336600135],[-45.864535785994455,-22.88827620399368],[-45.86453056097198,-22.888653813983964],[-45.864532842984715,-22.88904690700319],[-45.86452732500494,-22.88943987299229],[-45.86450185899956,-22.88990750997893],[-45.86444561097944,-22.89030145500325],[-45.86436608799531,-22.89063719099326],[-45.86430060199545,-22.890798766999737],[-45.864215839980474,-22.890948281006075],[-45.86407717400332,-22.891214379989545],[-45.86389857897875,-22.89158012498005],[-45.86386108699301,-22.891808118008345],[-45.86382981897487,-22.89206783799901],[-45.86384079100368,-22.892414085983685],[-45.86393324197537,-22.892629741992607],[-45.86410858100496,-22.89284584698898],[-45.864228200008725,-22.892966166976386],[-45.86441662999136,-22.89310929498294],[-45.86471190999639,-22.893274948986928],[-45.86508682898838,-22.893458165001473],[-45.86540313398929,-22.89359524498264],[-45.86613638698484,-22.89391080198831],[-45.86641507898242,-22.894077085981632],[-45.8671548259921,-22.89461592700737],[-45.867793260988364,-22.894891981004676],[-45.868320608975445,-22.89506050498696],[-45.868486417988294,-22.89516259898712],[-45.868717596983814,-22.895366054989037],[-45.86901041798585,-22.895713278002365],[-45.869258972005966,-22.89608056298466],[-45.869313599001515,-22.896234156000702],[-45.86938924600365,-22.896462184984617],[-45.86948438798293,-22.896845042000407],[-45.86958043497961,-22.897283032978198],[-45.86978116297538,-22.897806759005185],[-45.87004698197198,-22.89818968397942],[-45.87063235397211,-22.898796473974997],[-45.870847599984515,-22.89901773798464],[-45.87110848499746,-22.899198179979326],[-45.8712553819892,-22.899320746003713],[-45.87165158599565,-22.899565734993118],[-45.8719458449782,-22.89978647599014],[-45.872224624000175,-22.90000063898243],[-45.87241960499072,-22.90021072900453],[-45.87274244799305,-22.900518675975015],[-45.87298104898877,-22.900794530979358],[-45.87326224298099,-22.901138845984427],[-45.87345838900666,-22.90144202100226],[-45.87386854399008,-22.90203239700629],[-45.87400834797939,-22.90222080499053],[-45.87412247600399,-22.90242596399534],[-45.87425280498677,-22.90275427099309],[-45.874370543006115,-22.902974849007432],[-45.874517361986,-22.903307943004833],[-45.87465999098848,-22.903656328001645],[-45.87484707900224,-22.90402621799421],[-45.87502351097963,-22.904392320987704],[-45.87516658798106,-22.90476872400059],[-45.875310331978554,-22.90516140197743],[-45.875461894993116,-22.905553303999174],[-45.875617750996064,-22.905872988993753],[-45.875827817989084,-22.906265839987825],[-45.876002973989145,-22.90669968799039],[-45.876071195998605,-22.9069086179946],[-45.8761311759935,-22.907295416998355],[-45.87610401697679,-22.90769977500872],[-45.876006002987516,-22.908034311975015],[-45.87601103399394,-22.90812926899095],[-45.87606605098683,-22.908314489986818],[-45.87620482300516,-22.90866100397764],[-45.87634886498127,-22.90903832497708],[-45.87651603597683,-22.90943047899726],[-45.87686397299463,-22.90985719198663],[-45.87725373697904,-22.910238501007218],[-45.87775035300682,-22.910694731976513],[-45.87802158900556,-22.911051525976884],[-45.87819673798481,-22.91143477099002],[-45.87827867199446,-22.91174421800352],[-45.87830831597306,-22.912239854988876],[-45.87828471999039,-22.912610839000518],[-45.87822013597574,-22.91298296600276],[-45.87812885998732,-22.91321912300192],[-45.87791597300723,-22.91354185700847],[-45.877666157002956,-22.914063679994182],[-45.87736217598976,-22.914561130982467],[-45.87707759197681,-22.915012813978315],[-45.876227433990415,-22.916022754975394],[-45.87607449797389,-22.916269656991613],[-45.876045554980976,-22.91640743298889],[-45.87609817898868,-22.916564604995763],[-45.87652393997417,-22.91715793398951],[-45.87668135197821,-22.917499327990026],[-45.876862394984315,-22.91803537297472],[-45.8769089359833,-22.918462613001715],[-45.877023311992986,-22.91901655000585],[-45.87721996298604,-22.91970735699179],[-45.87726513497257,-22.920000845999045],[-45.87737279898344,-22.920909775978135],[-45.87747310899843,-22.921176148978006],[-45.877651721987114,-22.921428432983056],[-45.87898209797226,-22.92267435100013],[-45.87934912800464,-22.92291884598213],[-45.87977148299598,-22.92307478398392],[-45.880166748975746,-22.923064024991014],[-45.880778101993904,-22.922923039977448],[-45.88087578899977,-22.92291558700674],[-45.88094872198936,-22.922927612005875],[-45.88106860099153,-22.92298467298739],[-45.8811522119764,-22.923051085001692],[-45.88122360999064,-22.92314440598027],[-45.88126499800147,-22.923225493999315],[-45.881270510994895,-22.92329515799225],[-45.881256758977784,-22.923351859989364],[-45.88120566298519,-22.92347481998444],[-45.88114573897478,-22.923600347989165],[-45.8810222180085,-22.9239426049794],[-45.88099400199882,-22.924196954007364],[-45.88102420600386,-22.924353760998702],[-45.88127926600264,-22.924845819994687],[-45.88166124497443,-22.925487216985864],[-45.882226518973994,-22.92623730000211],[-45.882779203006564,-22.92693115500091],[-45.88291866900612,-22.927139427007],[-45.88317984000682,-22.927515021992534],[-45.8834104579902,-22.927907288997694],[-45.883577687982545,-22.92829853000168],[-45.88364541798777,-22.928483050977754],[-45.88369025799034,-22.92869159697903],[-45.883719542002154,-22.929104096992752],[-45.883742688992456,-22.929324940982475],[-45.88382155600285,-22.929487956002074],[-45.88401502000346,-22.929678125992673],[-45.88427526398003,-22.929896483985864],[-45.88447561998216,-22.930031646992344],[-45.88488543099379,-22.930233450004096],[-45.885349421009145,-22.930355709988337],[-45.885741803990946,-22.93039548999116],[-45.88600803798697,-22.930399796988397],[-45.886311322988675,-22.930508612978183],[-45.886643341976836,-22.930697406007646],[-45.88699199598413,-22.93093525997774],[-45.88732648799616,-22.931199990993196],[-45.88771943098563,-22.931520784005855],[-45.88809868400587,-22.93179165898238],[-45.888368878001586,-22.9320002309814],[-45.88869053797764,-22.932221380999813],[-45.88918692999889,-22.932540226986614],[-45.88982113999396,-22.93300044699957],[-45.89063826997411,-22.93374552899414],[-45.89080204900588,-22.933803290999034],[-45.890972994993824,-22.933843096979174],[-45.8911805689791,-22.933854580004677],[-45.89140177900717,-22.933867186983868],[-45.89180888000254,-22.933851169005983],[-45.89235542999233,-22.933889807001556],[-45.89276184199845,-22.933962324008533],[-45.89333951299596,-22.934109887995184],[-45.8935763279824,-22.934122742990198],[-45.89373842300841,-22.93411451498047],[-45.89392653600694,-22.934071466993164],[-45.89448375297825,-22.933802153977016],[-45.89469044599122,-22.933756694007293],[-45.895398540999075,-22.933660583990953],[-45.89556129500061,-22.933721034995223],[-45.89559986400519,-22.933745150001265],[-45.8956323429849,-22.933781816006533],[-45.89567030097374,-22.933838447981863],[-45.89568106997754,-22.93388831797669],[-45.89568171399902,-22.933957902004433],[-45.89567758400296,-22.934021988997632],[-45.895664624993444,-22.934088643974896],[-45.89563697000728,-22.934158675979504],[-45.8955782509776,-22.934272481975313],[-45.895486355975194,-22.93438665697876],[-45.8954282639808,-22.93446704199876],[-45.8952583389869,-22.93473627500106],[-45.895086477995115,-22.935108483994355],[-45.89499559700157,-22.935480189978847],[-45.894916411974066,-22.935696671991032],[-45.89473075897349,-22.93607588599165],[-45.89459948299441,-22.936468626981007],[-45.894507217006726,-22.93686199597472],[-45.89443933098748,-22.937255757989746],[-45.89440978699255,-22.937633874007126],[-45.89437314397941,-22.93802633298342],[-45.894383584994706,-22.93840509399577],[-45.89440157398516,-22.93879752999718],[-45.8943815269742,-22.93918935197602],[-45.894376092004904,-22.939582313995263],[-45.89433874498472,-22.93996030397434],[-45.894247721973805,-22.940339235986837],[-45.8941781990012,-22.940664301008177],[-45.893953604998394,-22.94135009699348],[-45.89384591699625,-22.941629367998473],[-45.89369067000158,-22.94184371898716],[-45.893520218972554,-22.94198463597677],[-45.892762078004715,-22.942301302977942],[-45.892411126001726,-22.94244292198396],[-45.8919755959971,-22.942724130006034],[-45.8913710229995,-22.943226691984822],[-45.89095440099935,-22.943695239997588],[-45.890703890005156,-22.943890882002407],[-45.89020261498957,-22.94419180598336],[-45.88979817199207,-22.944375925997512],[-45.889278089984,-22.944535587979246],[-45.889134037976625,-22.94456940400523],[-45.888988158975536,-22.944648367002042],[-45.888865296986395,-22.94474848497666],[-45.88879540899148,-22.944833193978052],[-45.888758838985574,-22.94496181197541],[-45.88874215097293,-22.94507087399596],[-45.88875366098292,-22.945184907996957],[-45.888782455996164,-22.945313679002197],[-45.88893591497478,-22.94571282200133],[-45.88903057699492,-22.946073968003766],[-45.88906070998094,-22.946390701002144],[-45.889061984972315,-22.946633780005264],[-45.88903033197801,-22.94681217298463],[-45.8890055459955,-22.946884960987557],[-45.888928766002486,-22.947024675982842],[-45.88881081799951,-22.947174569008425],[-45.88868670599778,-22.947289122999035],[-45.888540637973506,-22.94737802198171],[-45.888318816000584,-22.94744853000758],[-45.88795430000616,-22.94748058900793],[-45.88738602799374,-22.947556337976252],[-45.886860441985434,-22.947748431996377],[-45.88670412498338,-22.947863366998785],[-45.886482127985865,-22.94809831699048],[-45.88618343300043,-22.94867537997767],[-45.88595092299562,-22.949053826003926],[-45.885615804008,-22.94954445999773],[-45.88523440600279,-22.949953926976775],[-45.8847809279979,-22.950305303979928],[-45.88440462600804,-22.950496190980882],[-45.88400185100259,-22.950693876002887],[-45.88297333998995,-22.95090944099565],[-45.882810938973385,-22.950984517004226],[-45.88264227899399,-22.95113268099777],[-45.88260802497534,-22.95118995397721],[-45.88258925798873,-22.951253802989726],[-45.882626142985046,-22.95141884799354],[-45.8831860369761,-22.95194294300816],[-45.88387019298665,-22.952603677980193],[-45.88423651698714,-22.952993620003276],[-45.884796159981796,-22.9534282529974],[-45.88512294999963,-22.95369015098495],[-45.88578347099251,-22.954104727001432],[-45.88604058599237,-22.95438808498109],[-45.88655837000478,-22.955232249979897],[-45.88712238197576,-22.956108784982867],[-45.88737584798684,-22.956637849993143],[-45.88751893198257,-22.95707025699088],[-45.88764647100192,-22.957602706981408],[-45.88767600900033,-22.957795642003827],[-45.887645687998244,-22.958161996982316],[-45.887569430977514,-22.95848062398446],[-45.887395206990604,-22.958820256007293],[-45.887012453978386,-22.959404091983693],[-45.886725009978065,-22.95974550799983],[-45.88645224698852,-22.96008444899765],[-45.88608320100282,-22.96056188499369],[-45.88589773399069,-22.960773029004564],[-45.88570061600325,-22.961032775977777],[-45.88556950798195,-22.961155346006116],[-45.88549830499928,-22.96120569698184],[-45.885347989998046,-22.961260189985733],[-45.88511010800044,-22.96130151998123],[-45.88477962700392,-22.961337736998033],[-45.884420415004065,-22.961396979984478],[-45.88423150800889,-22.961428258979062],[-45.88389714500372,-22.961515009978516],[-45.883536632983414,-22.96159139897922],[-45.88328068299387,-22.961711042993038],[-45.88316296898487,-22.961795878980872],[-45.88308334800678,-22.961878619995968],[-45.88302477700251,-22.961983388007813],[-45.88290828598543,-22.962210101996956],[-45.882847324008694,-22.96238982700511],[-45.88273230598589,-22.962900281004266],[-45.882307365972615,-22.963959597995245],[-45.88214613798714,-22.964178357997483],[-45.88199685398918,-22.964384661993357],[-45.88159495398314,-22.964791981007938],[-45.88145011399845,-22.964917939986172],[-45.88128759597959,-22.96504993698545],[-45.88115822300439,-22.96513187200272],[-45.88106677097843,-22.96516924299276],[-45.88099393799892,-22.965202398989128],[-45.880796726978645,-22.965259740978784],[-45.880691859984964,-22.96533574797546],[-45.88061692499335,-22.965428503977616],[-45.880601031984604,-22.965546611995542],[-45.880636340988985,-22.965640251000448],[-45.88070680199056,-22.96573265198156],[-45.88078585099051,-22.96578362799437],[-45.88101243497311,-22.965824344979545],[-45.881323662978126,-22.965878180001805],[-45.881517782992475,-22.96593282699194],[-45.88163696397519,-22.96597722500492],[-45.88174902599466,-22.966036868008477],[-45.88197214400484,-22.966209446974727],[-45.882070842995226,-22.966305014978907],[-45.88216196000358,-22.966388714984735],[-45.882235518979755,-22.96647212998087],[-45.88232201797929,-22.966593703005618],[-45.88249591300147,-22.966944389003395],[-45.88266468299903,-22.967153132007766],[-45.882825356001234,-22.96732560299771],[-45.88325723697445,-22.96760456498961],[-45.88396234097882,-22.968141847976643],[-45.884724075006,-22.96862583000366],[-45.8851213879734,-22.968823810979593],[-45.88547457797884,-22.96898132199271],[-45.88572740900663,-22.969079380986372],[-45.88629630799128,-22.969285554978384],[-45.88713025099917,-22.969666784988107],[-45.88807069199568,-22.970144603001327],[-45.88923521998302,-22.970537487986697],[-45.88958763698025,-22.9707365399788],[-45.889930816992276,-22.970959837976938],[-45.89042034698118,-22.97139150899888],[-45.89049310798239,-22.971465871003296],[-45.890593569990884,-22.971623807983434],[-45.89064916400086,-22.97183252299375],[-45.89065854697756,-22.972007963978314],[-45.89067004998382,-22.97217440398949],[-45.89066122099095,-22.97233238299851],[-45.89066197699404,-22.972499552986015],[-45.89066355597381,-22.972674867994677],[-45.89072004300317,-22.973043525979655],[-45.89086877100498,-22.973644079997683],[-45.890896682973676,-22.97376831699706],[-45.89088833600322,-22.973952507002327],[-45.890766048989704,-22.97448724397724],[-45.890767344978364,-22.974729417976643],[-45.89084945100071,-22.974929524985104],[-45.89110232800016,-22.975285088984826],[-45.89168286599398,-22.975911583994424],[-45.89181338698467,-22.976079942995256],[-45.8920462419777,-22.97641078597917],[-45.892238181997186,-22.976789761005016],[-45.89242147598297,-22.97726527599554],[-45.89267950498715,-22.97781427999338],[-45.89291196698304,-22.97837371400722],[-45.89296564397205,-22.978529086987585],[-45.89298448899758,-22.97866853798751],[-45.8930099089904,-22.97882164898476],[-45.89301087198578,-22.978977978989768],[-45.89297158300441,-22.979406533003328],[-45.89290049799201,-22.97986529397547],[-45.892866360002195,-22.98079811300642],[-45.892909907981576,-22.980973201005632],[-45.892979822972926,-22.981095403989976],[-45.89304295400902,-22.981163284980983],[-45.89406827598472,-22.98159544998326],[-45.89432243199906,-22.981780256989996],[-45.894430956007,-22.98197717398068],[-45.89447349300179,-22.982361868988523],[-45.89442231499339,-22.982696261007302],[-45.894252847984525,-22.98335312199217],[-45.894217027975955,-22.983960634983582],[-45.8942647049743,-22.98438336197487],[-45.89447529597635,-22.985068937006698],[-45.89453290500291,-22.985171062991526],[-45.89458397500268,-22.985257722978215],[-45.894754421008216,-22.985535150000295],[-45.89494416197867,-22.98572072397593],[-45.89541071897447,-22.98613212899916],[-45.89614356100236,-22.986706845986692],[-45.89643180797633,-22.986895812001194],[-45.89663186899859,-22.986947826000144],[-45.89688998299938,-22.986974570994757],[-45.897583197007634,-22.98685381300289],[-45.89768500897641,-22.98688888300355],[-45.89789352898706,-22.987062107000952],[-45.898002486008835,-22.987236439004473],[-45.89819877800279,-22.98785310800465],[-45.898515762000486,-22.98859098799166],[-45.898682945986984,-22.98883492598391],[-45.89893594399334,-22.989134456982157],[-45.89928480899603,-22.98942197699176],[-45.89977287799348,-22.989676495978067],[-45.900232161005235,-22.989852845985503],[-45.90044004900537,-22.989904076977968],[-45.90059158799359,-22.989941751991097],[-45.900742099979745,-22.98998212099081],[-45.90088632598589,-22.989993474985244],[-45.901143578973176,-22.98996237198831],[-45.90154377397906,-22.989854958006763],[-45.901862305992786,-22.98983477800795],[-45.902327413984096,-22.98985670797836],[-45.90266588698419,-22.98991816600513],[-45.90323620000703,-22.990054727992334],[-45.903985354983185,-22.990230301988646],[-45.90416764198319,-22.990293765997222],[-45.90440048797828,-22.990419483986393],[-45.90464259999464,-22.990571553001594],[-45.90503054100722,-22.990857879999815],[-45.90515600399012,-22.990933080996236],[-45.90543811300908,-22.990981881977063],[-45.905639276991046,-22.991027576993396],[-45.90572104500824,-22.99103882800609],[-45.90582103000069,-22.991067538982023],[-45.905935107998964,-22.99112538999191],[-45.90605397899606,-22.991187835001714],[-45.906224679007295,-22.991244785986172],[-45.906367929978686,-22.991256119980964],[-45.90686972297539,-22.991195498991846],[-45.90707992599136,-22.991175379006226],[-45.90724584998401,-22.99122683099407],[-45.90747249097889,-22.9913714189953],[-45.90763722297571,-22.99159091200618],[-45.90766269900611,-22.991689807004377],[-45.90766464097432,-22.992003369993377],[-45.90764174398278,-22.992236117990497],[-45.90755202399941,-22.99374540997615],[-45.90757391299686,-22.99408820597794],[-45.90762118297789,-22.994482909977403],[-45.90768569900495,-22.99484265300736],[-45.90779414600576,-22.9950973850057],[-45.90795811399759,-22.99525361700035],[-45.908084242983236,-22.995293588007865],[-45.90869788398575,-22.995202226982837],[-45.9096181019996,-22.99515643498075],[-45.90993854300779,-22.995191385981265],[-45.910153087000815,-22.995252649993116],[-45.910355277993844,-22.99540045597598],[-45.910678303005824,-22.99581945399287],[-45.910879658996464,-22.996168736975758],[-45.910969659004294,-22.99641865400506],[-45.91100262799663,-22.99674355497875],[-45.91101532600912,-22.997631039998396],[-45.911091877008495,-22.99776508700649],[-45.91114849800084,-22.99781659199498],[-45.91141853997578,-22.997937472988177],[-45.911682849002595,-22.99799953197575],[-45.91209842300095,-22.99811461000382],[-45.91244647497761,-22.998187042995017],[-45.91295511198147,-22.99828372997899],[-45.91337058600535,-22.998404224004773],[-45.914215430999306,-22.99868518699112],[-45.91481916497971,-22.99891621000329],[-45.915221282996775,-22.999125032983546],[-45.915530172980596,-22.999308872986926],[-45.91593296499596,-22.99958637497767],[-45.9164875119968,-22.99999550700765],[-45.91698703599906,-23.0003721340036],[-45.9175488220056,-23.000916909998118],[-45.91800096198465,-23.00137499998874],[-45.918258212997955,-23.001764016989377],[-45.91859719097988,-23.002114583977917],[-45.91912245098098,-23.002682261984802],[-45.91949873000886,-23.002969269996267],[-45.91962338797914,-23.003088720004882],[-45.91973870999201,-23.003237837979803],[-45.919767578974366,-23.003312389977044],[-45.91976752899412,-23.003419910994015],[-45.91975979000051,-23.00352098398207],[-45.91974271499619,-23.003599319983127],[-45.91951341797922,-23.004276932007965],[-45.919447420987694,-23.00446652700763],[-45.91932409099459,-23.00479977300275],[-45.91927217399476,-23.005019408998216],[-45.91928507800479,-23.005269896006006],[-45.91939466497499,-23.00583184200867],[-45.91948295399004,-23.006122384987187],[-45.91965653797233,-23.006287792989603],[-45.92006573300731,-23.006380159005058],[-45.92065652098616,-23.006522405006088],[-45.921287302987444,-23.006875812995737],[-45.921686177985215,-23.00731316299481],[-45.92186964600781,-23.007734428980132],[-45.92199634599236,-23.00784939199115],[-45.92228775099913,-23.008030227990137],[-45.92248617298531,-23.00822494198975],[-45.922797657007976,-23.008690713991907],[-45.92298415397226,-23.008949388006528],[-45.923208857004866,-23.009148133990788],[-45.923740147981434,-23.009603852986118],[-45.92417429497317,-23.009877314982102],[-45.92425545399344,-23.009921977980618],[-45.92451126600005,-23.010075136992754],[-45.9247355850005,-23.010242250990277],[-45.9248258309993,-23.010323199006198],[-45.92486510000907,-23.010363580991918],[-45.924915626973785,-23.01048094199623],[-45.92498452599429,-23.010607631987824],[-45.9250858099917,-23.010724897989224],[-45.92523140898258,-23.010821184982177],[-45.92543939099638,-23.010922078993143],[-45.925719837998784,-23.011115383996344],[-45.92595383099104,-23.011234762002985],[-45.92599350300888,-23.011253464984126],[-45.926615749974985,-23.011490157005166],[-45.92710916999979,-23.011883820989887],[-45.92760726998551,-23.012288400008327],[-45.92846814199834,-23.013289662987102],[-45.928776209974885,-23.013783377002238],[-45.92944107099859,-23.015143835994426],[-45.92978342999379,-23.015788984003656],[-45.93008659898508,-23.016757878989736],[-45.930114569995965,-23.01751277897488],[-45.930423027007414,-23.018460071997872],[-45.93079988697554,-23.01887716997728],[-45.931332745987,-23.019620211989825],[-45.93209812497794,-23.020089558001413],[-45.932382545996816,-23.020385916997597],[-45.93242501199756,-23.02072812899032],[-45.93225526798043,-23.02114377100231],[-45.931971595977274,-23.021333526974587],[-45.93183774498528,-23.021445246987014],[-45.93149762200716,-23.021625973982744],[-45.93116357597737,-23.021847455983377],[-45.93093613300294,-23.02205798099051],[-45.930747502002916,-23.022228463981474],[-45.93051525397229,-23.02254010800192],[-45.930399682003056,-23.022771384979837],[-45.93035041998085,-23.02300642499538],[-45.930340757007755,-23.023158968996107],[-45.93036896999988,-23.02332205398627],[-45.930392126980415,-23.023389283996583],[-45.930459554977176,-23.02349064797821],[-45.93067467099274,-23.023734407000436],[-45.93078174200454,-23.02385627900476],[-45.93089352900439,-23.024039665989374],[-45.93102488899952,-23.024273058001416],[-45.93115975099234,-23.02452819098712],[-45.9312501749736,-23.024758221995906],[-45.931354491986,-23.025133942990767],[-45.93142984800557,-23.02543963197491],[-45.931397724999485,-23.025803246995462],[-45.93124303298519,-23.02603841999493],[-45.93096979999909,-23.02624369998845],[-45.930671556981125,-23.0263762999974],[-45.930146460002646,-23.02642397499221],[-45.92947407398859,-23.026518099005333],[-45.92934961500467,-23.026544130987148],[-45.929174362997834,-23.026624470000982],[-45.92907459000336,-23.026687938990275],[-45.929002968005456,-23.02675998597496],[-45.928977563989015,-23.02681379497556],[-45.928945752983616,-23.026897318007222],[-45.92893953198298,-23.02696950199801],[-45.9289656709862,-23.027086473987023],[-45.929034350990136,-23.027278211980907],[-45.929056582003554,-23.0273427159757],[-45.92924704398113,-23.027705351993184],[-45.929505427995636,-23.027985037005845],[-45.92982860800651,-23.028244970975617],[-45.93039154497576,-23.028736405000757],[-45.930599779996236,-23.028877955007108],[-45.93085193098129,-23.029020201992957],[-45.93114678900284,-23.029175775985014],[-45.931486292982115,-23.029398016993778],[-45.93149490797607,-23.029407189986596],[-45.9316711739729,-23.029535581002456],[-45.93187920999788,-23.029687967998406],[-45.9319304200076,-23.02976919599544],[-45.931952841985485,-23.029876168984632],[-45.931927063996156,-23.030055563004048],[-45.93185480498907,-23.030161936008057],[-45.93174354199282,-23.0302658830048],[-45.93158289199809,-23.030348263997077],[-45.93144777900255,-23.03036960997414],[-45.93122412398414,-23.030375092996533],[-45.93053595300686,-23.03047710299993],[-45.93053105698248,-23.030477927982375],[-45.93020209399832,-23.03058202898041],[-45.92962211997612,-23.030745386987157],[-45.9289635219982,-23.03077919199997],[-45.92834470298304,-23.030826274990353],[-45.9280191309967,-23.0308527219873],[-45.927718262987376,-23.03091570197485],[-45.92745577797922,-23.03101452899528],[-45.92710501099198,-23.03124115800325],[-45.926699243992736,-23.03159069500306],[-45.92657650297545,-23.03173421097499],[-45.92646707400538,-23.03194931800445],[-45.9263568089793,-23.032261994006614],[-45.92626414497689,-23.032573143002494],[-45.92601085898661,-23.033017264987762],[-45.92589991297918,-23.03320885598226],[-45.925438814981696,-23.033646054985066],[-45.92521742099173,-23.033897327993998],[-45.924831434989436,-23.03438993399118],[-45.924334637998676,-23.035224116992737],[-45.924203883006115,-23.03543075098257],[-45.924027394005826,-23.035681833000698],[-45.92393813199247,-23.035809616993152],[-45.92381068898234,-23.035943116980757],[-45.9237104529919,-23.036030970976036],[-45.92363276399123,-23.0360613569974],[-45.923488943986506,-23.036078040000724],[-45.92335282998256,-23.03604786197583],[-45.92333167666418,-23.03603497515609],[-45.92303910199972,-23.035856734997708],[-45.92267859500694,-23.035608842986115],[-45.92252312899059,-23.035516914975506],[-45.921891525001804,-23.0352005489829],[-45.921354841983856,-23.03476733199581],[-45.92111597820934,-23.034517489394432],[-45.920884660980796,-23.034275539001253],[-45.92076732019194,-23.03378585472154],[-45.920765992977586,-23.033780315999962],[-45.92074879821713,-23.033280513140102],[-45.920746990001135,-23.03322795300242],[-45.92073520997462,-23.033074163994478],[-45.92069514397673,-23.03286661499333],[-45.92066707598342,-23.03280111298294],[-45.920599364998296,-23.032715100007103],[-45.92050814798253,-23.032633231001608],[-45.92040755798688,-23.03258283497811],[-45.92022926297736,-23.032563728003897],[-45.91988802097564,-23.032540212992366],[-45.91966395799878,-23.032514953005528],[-45.91953573997457,-23.03248037999581],[-45.919285865008405,-23.0323209849857],[-45.91916084397745,-23.032167195998827],[-45.91887318000554,-23.03157349900418],[-45.91868226898396,-23.03128854898181],[-45.91860220879593,-23.03119392753868],[-45.918559050001164,-23.031142919005916],[-45.91836194598846,-23.030980751007313],[-45.91819378399398,-23.030889518996894],[-45.91795320099933,-23.03086037900305],[-45.91771342498109,-23.030892692000997],[-45.917467794001816,-23.030924911996166],[-45.91727752100057,-23.030920065976424],[-45.917041498987885,-23.03085575998334],[-45.91667714498698,-23.03065839000125],[-45.916345853980864,-23.030520278004126],[-45.91608573798377,-23.030439320982307],[-45.915140011007274,-23.030008580982763],[-45.914467874007485,-23.029407825992568],[-45.91424686528406,-23.02917264133796],[-45.91401703500792,-23.028928068002646],[-45.913597612987786,-23.02843887098673],[-45.913063766003994,-23.02785658499363],[-45.91244512398201,-23.02752864298086],[-45.91183937575364,-23.02733177754978],[-45.91072865898103,-23.026970792001983],[-45.90941348300248,-23.02646181798875],[-45.908312087996634,-23.026162267004146],[-45.90760168811867,-23.02565318364025],[-45.907379643982104,-23.025494061987878],[-45.906950569005815,-23.02458364300348],[-45.906741716000404,-23.02379873197435],[-45.90648005798335,-23.023488236002343],[-45.90594232898195,-23.02301157700117],[-45.90573399962275,-23.02269499910158],[-45.905655684008536,-23.02257599000446],[-45.90545319397743,-23.021868882977103],[-45.90496379900925,-23.021365890005555],[-45.904426201972825,-23.021195528003567],[-45.903526371497485,-23.021103764118028],[-45.903259002005825,-23.021076496975102],[-45.90291688835245,-23.020941705141933],[-45.90267566697473,-23.020846664007085],[-45.90220924299377,-23.020420832993604],[-45.90170435597375,-23.020016065997353],[-45.90112129997875,-23.01977177599734],[-45.9003197889818,-23.019776962999522],[-45.89845018899929,-23.019584258989088],[-45.89764765199407,-23.01938431198094],[-45.89671016199187,-23.018989735004666],[-45.89600596398555,-23.018439884989487],[-45.89490029499552,-23.01790524998346],[-45.89423238698075,-23.01724303500772],[-45.89295933100508,-23.015904245982796],[-45.891834650000064,-23.014514529980016],[-45.891497452001495,-23.013863960994897],[-45.89134059600626,-23.01338164799747],[-45.891322651005495,-23.01334973499442],[-45.89121943499699,-23.013180913999392],[-45.89111044480185,-23.01305589936559],[-45.89103407500269,-23.012968300974418],[-45.89078713898474,-23.012760115989433],[-45.89053854697639,-23.0125880449879],[-45.890303554991405,-23.012471309000492],[-45.89001972298483,-23.012356495987923],[-45.88971483800709,-23.01227115898305],[-45.88921196297323,-23.012125700982317],[-45.888501620984194,-23.01195701399736],[-45.88803897197634,-23.011748954008404],[-45.887360083990956,-23.0112582039892],[-45.88635594697683,-23.010261630002802],[-45.88604961000511,-23.00994314799847],[-45.88566090899522,-23.009541110994686],[-45.88556062198639,-23.00947624098331],[-45.88547598498089,-23.00946131900717],[-45.88536979598431,-23.00945056698526],[-45.885263968982066,-23.00947234798055],[-45.885185791989386,-23.00952890998654],[-45.885041559973686,-23.00967204897468],[-45.884881020978334,-23.00990347098584],[-45.8846865150046,-23.010331316001643],[-45.884387960996705,-23.01079000600472],[-45.8842782789752,-23.01101592497771],[-45.88417420000918,-23.01130699000709],[-45.88411451099713,-23.011624975978854],[-45.88413424498593,-23.01202737297787],[-45.88423233597805,-23.012467178977754],[-45.88431440700812,-23.012721498993876],[-45.8850571189807,-23.014588488993972],[-45.88573865798153,-23.015559975988594],[-45.88621471500351,-23.016299542984076],[-45.88628314197236,-23.01707046800279],[-45.88602622397503,-23.017443092976492],[-45.885588455997414,-23.01788146297816],[-45.88512067298326,-23.018306695985242],[-45.883351193976495,-23.020360740008005],[-45.883048920973,-23.02091152798075],[-45.88272859300213,-23.02159122900324],[-45.882123173983,-23.022583458004377],[-45.88128885398536,-23.023445483001417],[-45.880511141983305,-23.024307515994643],[-45.88018217099399,-23.0251334460028],[-45.87991928899036,-23.025716488981466],[-45.87967315999573,-23.026136262007746],[-45.87946972397855,-23.026414870995602],[-45.879332047000666,-23.026674666995632],[-45.87927681998661,-23.026807495996156],[-45.87926649897314,-23.026888648002625],[-45.87926197298333,-23.02717951499815],[-45.87929338799311,-23.027583003983853],[-45.87930115397827,-23.027843348978045],[-45.879279604974236,-23.028002023983024],[-45.87918005300038,-23.02820732099306],[-45.878969025997186,-23.028422557982324],[-45.87870771199777,-23.02861258398648],[-45.87839205199112,-23.028733962995286],[-45.87804048998327,-23.02889541897959],[-45.877450023007604,-23.02930056998517],[-45.87688963599476,-23.02976674398758],[-45.87621720299494,-23.030221159994188],[-45.87562451700762,-23.030588318976726],[-45.87493728097256,-23.03084461398645],[-45.87441969899421,-23.03090578400831],[-45.87284400898458,-23.031012111999342],[-45.872228747976045,-23.03107620600155],[-45.871608521002514,-23.0311447349882],[-45.870254705997176,-23.031802189986593],[-45.86939810900683,-23.03244242200591],[-45.8685364819935,-23.032781688982507],[-45.867492644991806,-23.033410732986926],[-45.86651208000002,-23.034048932980838],[-45.865165229979006,-23.035004627002383],[-45.863194679182385,-23.036306311223104],[-45.862733058980645,-23.03661123599019],[-45.86204646499702,-23.037343652977796],[-45.861810709980915,-23.037522322999635],[-45.86161846397795,-23.037671884984952],[-45.861434628972354,-23.03778995997819],[-45.86122822899582,-23.037862489990342],[-45.861083131999465,-23.037894456996494],[-45.860675226983936,-23.037885090983334],[-45.86009875997514,-23.03780701299],[-45.859565265006026,-23.037625726992825],[-45.85912910399147,-23.037511083984562],[-45.85885463797388,-23.037466846981278],[-45.85865370898122,-23.037457239985883],[-45.858287508982976,-23.037513602981196],[-45.858150780996894,-23.037567389999413],[-45.857713372977415,-23.03787648297936],[-45.85729971199402,-23.0383223990038],[-45.856755680998475,-23.039153801975313],[-45.856491107990884,-23.03966539899117],[-45.855917845996395,-23.041618518983753],[-45.8558244379817,-23.042164537008702],[-45.85562419997622,-23.042834400986216],[-45.85540634699353,-23.043199482999558],[-45.85514119999871,-23.04343368198225],[-45.85467170598944,-23.04378561299555],[-45.853935085005126,-23.044168410006886],[-45.8532106530018,-23.04442400400329],[-45.85276415799068,-23.044593790983335],[-45.85207797599245,-23.04473796700416],[-45.851276742984204,-23.044771831989344],[-45.850604213987076,-23.04476352698747],[-45.84988060399433,-23.04477154999304],[-45.849486679980494,-23.044897915006054],[-45.84906250597852,-23.045074381999537],[-45.84897996699017,-23.04510194300791],[-45.84877683198436,-23.04520703799474],[-45.84855361600343,-23.045290118994448],[-45.848330813998196,-23.045351520993705],[-45.84819565598152,-23.0453736999806],[-45.847902571991284,-23.04538335199713],[-45.84775471800352,-23.045354724004916],[-45.84757494200728,-23.0452596149944],[-45.847219833999816,-23.044939358987413],[-45.84674253998682,-23.044422835984275],[-45.8460291599744,-23.043642218981446],[-45.84539698498848,-23.0431077899825],[-45.84500238997318,-23.042759773979817],[-45.84472452400764,-23.0423323549888],[-45.8444083069872,-23.04197026399419],[-45.84403016097813,-23.041681245991764],[-45.84349438400422,-23.04146643897443],[-45.84294412500774,-23.041395959989877],[-45.84235289297532,-23.041323900977595],[-45.8418102070044,-23.04116409099324],[-45.839640025257516,-23.043932422330318],[-45.82023425351145,-23.068680619830197],[-45.80251864699858,-23.091263555989503],[-45.80241638498667,-23.09149947999796],[-45.80239868698582,-23.09170609400776],[-45.802426209215646,-23.09176687979652],[-45.802474532994,-23.09187360800069],[-45.802777850000226,-23.092346694994106],[-45.802882583003566,-23.09263576400213],[-45.80289640100429,-23.09307962899561],[-45.802834669976434,-23.09334062499587],[-45.802781586835884,-23.093431531102027],[-45.802636635987916,-23.093679761982376],[-45.802277501004134,-23.094016212991466],[-45.80204175697515,-23.094235454977078],[-45.80183921700458,-23.094404651993514],[-45.801566585338364,-23.09455908791237],[-45.801400730974045,-23.094653037979622],[-45.80115772798783,-23.094793550000592],[-45.801063414983574,-23.094922086005212],[-45.80103448100376,-23.095153810980747],[-45.80108501669168,-23.09526971357049],[-45.801186869,-23.095503308999973],[-45.801138611,-23.095674175],[-45.80097330035231,-23.095828915333552],[-45.800935663000395,-23.095864145979714],[-45.800484529982356,-23.09610960797444],[-45.800341255002586,-23.096244554978306],[-45.800366196983404,-23.096468142999974],[-45.800429997488436,-23.096571568429674],[-45.80043152397874,-23.096574042979903],[-45.800513441998945,-23.09663052498701],[-45.800707131998294,-23.09681536599107],[-45.800772018992234,-23.09694384699117],[-45.800762217988954,-23.097045782001832],[-45.80060304499424,-23.097344905987637],[-45.80060726893655,-23.09742029461356],[-45.800610291,-23.097474232000028],[-45.80062932088725,-23.09752524746427],[-45.800680833978085,-23.0976633439917],[-45.800707253008675,-23.097911351974464],[-45.80064059098643,-23.098124377004606],[-45.800535838493246,-23.098271037604103],[-45.80026304298917,-23.098652968006068],[-45.79994884999619,-23.098937759003185],[-45.799666978981385,-23.098967388997252],[-45.799503302084396,-23.098873153875893],[-45.79953095073473,-23.098898456951506],[-45.79955433071156,-23.09891985803199],[-45.79966258385685,-23.099018936992586],[-45.799662583933056,-23.09901893706233],[-45.79975780338154,-23.099089469940665],[-45.79985756844413,-23.099164161876367],[-45.799911425849416,-23.099184361703923],[-45.79993448699153,-23.09919301103793],[-45.79996157246543,-23.099192873784],[-45.800015743412594,-23.099192599262185],[-45.80009690091719,-23.099175486446498],[-45.80013730640514,-23.099137678437437],[-45.80018652098793,-23.099062240617666],[-45.80020745855243,-23.099039855114665],[-45.800217929219464,-23.099028660344292],[-45.80024940188421,-23.09900760812097],[-45.80033952541048,-23.0989231833092],[-45.80064068922424,-23.098988080266842],[-45.80099829592991,-23.09906513911375],[-45.80099829592991,-23.099065139113744],[-45.801088937440376,-23.099081862123864],[-45.80118392527978,-23.099099386954265],[-45.80126011411895,-23.099108806259355],[-45.8013715423817,-23.099122582181977],[-45.801560379020685,-23.09913462982322],[-45.80165373173162,-23.09913504942221],[-45.80174966198751,-23.099135480549144],[-45.80193861624523,-23.099125130877713],[-45.802126468103346,-23.09910362318792],[-45.8022399401357,-23.099083746639742],[-45.8023124483862,-23.099071045546147],[-45.802344171311006,-23.09906351669053],[-45.80249579558293,-23.099027531345534],[-45.802991161741026,-23.098880855435773],[-45.8034773820805,-23.098709987583625],[-45.80395307707469,-23.098515412603096],[-45.804416897078106,-23.09829768257038],[-45.80595927388076,-23.09754974172996],[-45.80773288861742,-23.096648769098017],[-45.80776562648405,-23.09663215778697],[-45.80776587114005,-23.096632033647598],[-45.80779998256045,-23.096617362057877],[-45.807835072181334,-23.096604819144893],[-45.80785017449371,-23.09660046297809],[-45.807870984984,-23.096594460320524],[-45.80790756231323,-23.096586331347787],[-45.80794464257818,-23.096580468138686],[-45.8079820619662,-23.09657689659554],[-45.808019655166525,-23.096575632496627],[-45.80801965516653,-23.096575632496627],[-45.80801965516655,-23.096575632496627],[-45.80802247168497,-23.096575711067587],[-45.808057256100646,-23.096576681426363],[-45.80809469865578,-23.09658003875078],[-45.80813181741887,-23.096585689637926],[-45.80814502171105,-23.096588544358575],[-45.80816844840727,-23.096593609123303],[-45.8081891183716,-23.09659944170009],[-45.80820442979312,-23.096603762220283],[-45.80822542992751,-23.096611130995534],[-45.808239602618286,-23.096616104074652],[-45.8082529163787,-23.096621738027604],[-45.80827381149656,-23.09663058016265],[-45.80830690530018,-23.09664712653202],[-45.80833873782726,-23.096665670084302],[-45.80847554518339,-23.096745316229146],[-45.808561641390824,-23.09679543938054],[-45.80878135659583,-23.096905075287335],[-45.80879344065833,-23.096911105111325],[-45.809033094459686,-23.09701214773484],[-45.81001956603374,-23.09736712518972],[-45.81059966236192,-23.09754456573476],[-45.81118974364853,-23.097691149130437],[-45.81244183697793,-23.097935660054894],[-45.81288409752644,-23.09799957723316],[-45.812884097554026,-23.09799957723576],[-45.81332946670353,-23.098041100229555],[-45.81362816338409,-23.09806973593789],[-45.813628163422166,-23.09806973594148],[-45.81392445815074,-23.09811493632731],[-45.81433851255272,-23.098201930054095],[-45.814461215888855,-23.0982203163749],[-45.81458491584947,-23.098231625926346],[-45.81470913596365,-23.098235815146676],[-45.814833397756665,-23.098232867900293],[-45.81495722259328,-23.09822279554003],[-45.815080133521626,-23.098205636863458],[-45.81520165711053,-23.09818145796331],[-45.81555632181054,-23.098110115550856],[-45.81591483497266,-23.098057762532658],[-45.81597957150659,-23.09805211402949],[-45.81604457244135,-23.098050517163713],[-45.81610954180273,-23.09805297920636],[-45.816174183760324,-23.09805948894665],[-45.81623820397451,-23.098070016743016],[-45.816301310936474,-23.098084514658208],[-45.81636321729565,-23.098102916677465],[-45.81642364116791,-23.09812513900909],[-45.81662994017002,-23.098202091565895],[-45.81682012540206,-23.09826148192063],[-45.81684069496756,-23.098267905292914],[-45.81705520342576,-23.09832236093008],[-45.817232342185434,-23.098367861926988],[-45.81740598697038,-23.09842371184446],[-45.81757543206403,-23.098489683700766],[-45.81769629581849,-23.09853696526748],[-45.817820022426694,-23.09857741676426],[-45.81794616133367,-23.09861089088543],[-45.81807425319888,-23.09863726573372],[-45.81820383156913,-23.098656445264233],[-45.81849337826079,-23.09870033579187],[-45.81877904062132,-23.09876229111177],[-45.81905950323648,-23.098842025930427],[-45.81916736468669,-23.098872853580204],[-45.81927716006065,-23.098897146173577],[-45.81938842719877,-23.09891480145651],[-45.819500697745816,-23.098925745113334],[-45.81961349912252,-23.09892993107951],[-45.819726356515,-23.0989273417356],[-45.81983879487368,-23.09891798798137],[-45.82012639137134,-23.098892427602582],[-45.820415044031506,-23.09888091773758],[-45.82070395130812,-23.098883490345038],[-45.82070395130811,-23.098883490345038],[-45.82141300714327,-23.098885939606205],[-45.82212075961886,-23.098846114863136],[-45.82212075961886,-23.09884611486313],[-45.82301080309303,-23.09876175273827],[-45.82301080309303,-23.09876175273828],[-45.82343318648452,-23.09876540343744],[-45.823339099884556,-23.09742729178582],[-45.823622998306824,-23.094519918848075],[-45.82376028442157,-23.093360565888993],[-45.82970948626338,-23.093066872896713],[-45.842407680300404,-23.098818958130757],[-45.843507599211875,-23.09569374803754],[-45.84514095860861,-23.09472217719441],[-45.8470361782519,-23.093975370071327],[-45.84845203742918,-23.09442673670268],[-45.84935943906848,-23.09547706066915],[-45.85006766031955,-23.09509374238055],[-45.85101177969648,-23.094702013854555],[-45.851364562709364,-23.093506068552866],[-45.85226400730995,-23.09170551721434],[-45.85328682440009,-23.091922771163237],[-45.85377200316555,-23.092218062316192],[-45.854099095809985,-23.09299086988713],[-45.854844489880215,-23.09367203906841],[-45.85520362407692,-23.094414879004134],[-45.85585218178304,-23.095066774860374],[-45.85556728966792,-23.095872686524284],[-45.855634562641924,-23.09631919289501],[-45.85615273632979,-23.09673346310206],[-45.85631535072172,-23.09697091288365],[-45.85641579003886,-23.097566195050238],[-45.85648249831651,-23.09792333070528],[-45.85671541546151,-23.099083930307565],[-45.857074386216034,-23.09979697431779],[-45.85714298783441,-23.100452012592424],[-45.85733972111914,-23.100987187949777],[-45.857283029530805,-23.102208941616652],[-45.8572929552832,-23.10299651065132],[-45.857167091252236,-23.10347385609602],[-45.85717011632971,-23.103950501510766],[-45.85746201197587,-23.10424682919292],[-45.857656671557585,-23.10445431156299],[-45.857081389185815,-23.10520222014121],[-45.85589329765035,-23.105864076922234],[-45.854319645661505,-23.106706762393728],[-45.85427618151228,-23.10676301812027],[-45.85438282672913,-23.106822183252927],[-45.85478709686375,-23.107351792909405],[-45.85574905227675,-23.10786226384988],[-45.856069753715104,-23.10895635288923],[-45.856487685259445,-23.108889624940257],[-45.857133958497215,-23.109095612269424],[-45.857154048557916,-23.109514496767165],[-45.858029338574,-23.1095110041621],[-45.85879783842476,-23.10974854998408],[-45.8593236388131,-23.110196911098623],[-45.859778078852784,-23.11038781622533],[-45.86089500032111,-23.110591223900748],[-45.86107188216728,-23.11099313642551],[-45.861770772135785,-23.111247161674836],[-45.86196179389159,-23.11113331367793],[-45.86245233701204,-23.1115173952115],[-45.87486487038004,-23.10833433806542],[-45.876530563538715,-23.105127215373187],[-45.87721061969875,-23.10594468004393],[-45.87771403436063,-23.106115297810664],[-45.87772133263675,-23.10611569254502],[-45.878486645707355,-23.106157083331837],[-45.878736043422094,-23.106177614734836],[-45.87898363430692,-23.106212109891985],[-45.87922850559444,-23.10626044158153],[-45.87941176507936,-23.1063075310685],[-45.87946975441592,-23.106322431673775],[-45.879706491346255,-23.10639785155811],[-45.879707688228066,-23.106398309777422],[-45.879937843552334,-23.106486423170246],[-45.88016295809763,-23.106587820014344],[-45.88023651809402,-23.106626602202464],[-45.88030700972099,-23.106669987260442],[-45.8803070097211,-23.106669987260524],[-45.8803070097428,-23.10666998727387],[-45.880374097015746,-23.106717768354592],[-45.880437460095685,-23.106769717690234],[-45.88047519275415,-23.106805245745047],[-45.8804967969036,-23.106825587608267],[-45.88051787074568,-23.10684838348617],[-45.880551824615054,-23.106885111840732],[-45.880602280853786,-23.106948006556745],[-45.88064792509721,-23.107013971952213],[-45.880647925099076,-23.107013971955382],[-45.880647925101684,-23.10701397195916],[-45.88064858544319,-23.107015089284676],[-45.880688539745705,-23.107082693560624],[-45.880723931175545,-23.107153843775716],[-45.880753930662024,-23.10722708341322],[-45.88077839518393,-23.107302063327747],[-45.8807972081055,-23.107378426077148],[-45.8807972081055,-23.107378426077155],[-45.88088637558073,-23.10774377539067],[-45.88092409384538,-23.10789831918558],[-45.88100759168954,-23.108159961640784],[-45.88108722370356,-23.10840948934789],[-45.881285908928476,-23.10890977700498],[-45.88146512060561,-23.109283932252666],[-45.88151931050381,-23.10939706857029],[-45.88152891183511,-23.109414056809076],[-45.88158230630639,-23.109508530873615],[-45.88165291319843,-23.10961601946423],[-45.88165884258397,-23.109623862094413],[-45.881730839498125,-23.10971909026824],[-45.88181576326652,-23.109817317467073],[-45.881842373996406,-23.109844337212774],[-45.88190733367558,-23.109910295257063],[-45.882005172426425,-23.10999763949571],[-45.88200517242643,-23.109997639495713],[-45.88205478480874,-23.110041964043592],[-45.88208743452197,-23.110075191713772],[-45.88210117743176,-23.110089177879534],[-45.88213958354131,-23.110133774148405],[-45.882144154099485,-23.11013908136911],[-45.8821705988176,-23.11017425826979],[-45.8821835329805,-23.11019146334919],[-45.88218532355728,-23.11019421040953],[-45.88221914753707,-23.11024610230935],[-45.8822508471033,-23.110302767105345],[-45.88227849759711,-23.11036121806606],[-45.88230198205664,-23.11042120795434],[-45.88231377505469,-23.110458806878952],[-45.882321201150084,-23.110482482998407],[-45.88233602361182,-23.11054457489129],[-45.88233607355136,-23.110544784089722],[-45.88233607355147,-23.110544784090404],[-45.882336073551706,-23.110544784091367],[-45.88234653638068,-23.11060784762219],[-45.88235254534775,-23.110671406870285],[-45.882353058011105,-23.11069278433306],[-45.882354075042656,-23.110735193039947],[-45.88235111898986,-23.11079893625711],[-45.88235111898987,-23.1107989362571],[-45.882348178038455,-23.110863370548266],[-45.88234551967305,-23.11092161370764],[-45.88234782322623,-23.11100962239795],[-45.88234873257678,-23.111044364510224],[-45.88235896120582,-23.111148501305657],[-45.882360743590745,-23.11116664758651],[-45.88238149979522,-23.11128792402932],[-45.88241090972951,-23.11140765931327],[-45.882448843797185,-23.11152532569795],[-45.88247515816037,-23.111590742937327],[-45.882495134817376,-23.111640404629757],[-45.88252723546551,-23.11170643153103],[-45.88254957880485,-23.11175238884734],[-45.88261193579868,-23.111860784807917],[-45.88263374300319,-23.111893289135544],[-45.88268193101448,-23.11196511480186],[-45.88275925593957,-23.112064918942533],[-45.882843569790694,-23.112159757367973],[-45.88292955399239,-23.112244345431964],[-45.88293450094886,-23.112249212058046],[-45.883002783490426,-23.112308026207128],[-45.883031648711594,-23.11233288880847],[-45.88340277531507,-23.112652845734008],[-45.88374979494568,-23.112995168822884],[-45.88407113559986,-23.113358307519654],[-45.88419998167513,-23.113505377275413],[-45.884257238805084,-23.113563549869102],[-45.88433775469625,-23.113645352973137],[-45.884352170987306,-23.11365840639988],[-45.884483999046076,-23.11377777169586],[-45.88460139848854,-23.113872481527427],[-45.884638231086385,-23.113902195490414],[-45.88463823108634,-23.113902195498767],[-45.884638231095145,-23.11390219550587],[-45.884636551268024,-23.114264266335507],[-45.88463655126803,-23.1142642663355],[-45.88464238813028,-23.114451947880944],[-45.88465822565762,-23.11460591735256],[-45.88466161450181,-23.11463886297017],[-45.88467273339612,-23.11470220661128],[-45.88469414645243,-23.11482419522116],[-45.884739841963565,-23.115007135200717],[-45.88479850150403,-23.11518688389496],[-45.88479850150404,-23.115186883894967],[-45.885333046271406,-23.116503732976412],[-45.88596025032202,-23.117785138601675],[-45.88596025032202,-23.117785138601683],[-45.88613478023377,-23.118086968566395],[-45.886330473605376,-23.118377482432095],[-45.88654647666382,-23.118655412550417],[-45.886704084812976,-23.118832281266975],[-45.88678184698848,-23.11891954615721],[-45.887224753664384,-23.119413131161835],[-45.887665132212916,-23.119903893792717],[-45.8881133227524,-23.120468271859018],[-45.88848387345629,-23.120934878287994],[-45.88862499026054,-23.121112164365393],[-45.8887215863278,-23.121219086425334],[-45.88877761162693,-23.1212811006455],[-45.88894116148393,-23.12144104943186],[-45.88911502252081,-23.12159140697535],[-45.8892985384936,-23.121731605720647],[-45.88938459185057,-23.12178950757469],[-45.88949101670597,-23.121861116439508],[-45.88966824825123,-23.121965605959247],[-45.88969173063019,-23.12197945031857],[-45.889698493666614,-23.12198291676851],[-45.8898999226269,-23.122086160601985],[-45.889994716266685,-23.122128284220228],[-45.89004519477269,-23.122150715399176],[-45.8901161494812,-23.122177923817002],[-45.89019407554186,-23.122207805421677],[-45.890285947192034,-23.12223768793647],[-45.89034611693716,-23.122257258928805],[-45.89038033725935,-23.12226647347251],[-45.89050086147229,-23.12229892707003],[-45.890663250267785,-23.122332994905722],[-45.89074559892911,-23.122345083971528],[-45.890827705442575,-23.122357137433852],[-45.89094305853942,-23.1223669557548],[-45.89099351862902,-23.12237125065267],[-45.891128436228826,-23.122382767456607],[-45.891262235245094,-23.122402510218496],[-45.89129148865428,-23.12240868497385],[-45.891394330043205,-23.122430392488788],[-45.89143399245081,-23.122441361179046],[-45.89152414249276,-23.12246629222747],[-45.89162767764825,-23.122501977841303],[-45.891651104396345,-23.122510052356454],[-45.891688503494315,-23.12252561940811],[-45.89177466004961,-23.122561481269038],[-45.89189426872152,-23.12262035393788],[-45.891938649666244,-23.122642307014072],[-45.89196238509842,-23.122652349810153],[-45.891984417306496,-23.122661671928668],[-45.89200861215538,-23.122670273938734],[-45.89203139537618,-23.122678374055084],[-45.8920794030717,-23.122692349144824],[-45.89212825545156,-23.122703543357147],[-45.89217776443127,-23.122711913616527],[-45.89222773938976,-23.122717427646858],[-45.892277987916344,-23.122720064242923],[-45.8923283165186,-23.12271981326637],[-45.892368658105255,-23.12271973795962],[-45.89240890981544,-23.122722228259313],[-45.892427643730635,-23.12272459234591],[-45.89244888116173,-23.122727272353124],[-45.892488382953616,-23.122734846375447],[-45.89249487199084,-23.122736528235965],[-45.89252722823294,-23.122744914471255],[-45.89256523316663,-23.122757428997943],[-45.89260221783066,-23.122772330744326],[-45.892638007262775,-23.12278954916968],[-45.89266004717626,-23.1228020040427],[-45.89267243202921,-23.12280900278302],[-45.89269505382677,-23.12282385380376],[-45.892705329204475,-23.122830599498677],[-45.89273654306439,-23.12285423708162],[-45.892765925927186,-23.122879803727063],[-45.89279333870563,-23.122907178385383],[-45.89281865164365,-23.12293623147788],[-45.89284174495401,-23.122966825547834],[-45.892855964412455,-23.122988732503625],[-45.89286250932124,-23.122998815785902],[-45.89288084648352,-23.12303205075572],[-45.89289666964571,-23.123066373177664],[-45.89291846420129,-23.123113633891048],[-45.892934447846805,-23.12314829381397],[-45.89297824532886,-23.12322760931248],[-45.892979591070954,-23.123229680020124],[-45.893027853474514,-23.123303941818623],[-45.89307613733643,-23.12336780340292],[-45.893083036013934,-23.123376927777432],[-45.89314353008402,-23.123446219518414],[-45.89315822630048,-23.12346085967014],[-45.893209047602376,-23.123511487046844],[-45.893279276442016,-23.123572419413936],[-45.893297110902125,-23.123585879589243],[-45.89335388211043,-23.12362872638512],[-45.893397414197516,-23.123657191565133],[-45.89343250924788,-23.123680139819637],[-45.893514783335846,-23.123726414758856],[-45.893572391277544,-23.12375397366579],[-45.89360031248413,-23.123767330801705],[-45.8936886892811,-23.123802693037245],[-45.89377949280638,-23.123832333077676],[-45.89384762244684,-23.123849789269624],[-45.89387229051683,-23.123856109714712],[-45.893928373407476,-23.12386669026743],[-45.89396664036034,-23.123873909663534],[-45.89411328214853,-23.123892170549805],[-45.894260904127655,-23.123901482478335],[-45.89437112840856,-23.123901722975845],[-45.89440886866475,-23.123901805295105],[-45.89444731440184,-23.12389954863339],[-45.89455653649075,-23.123893137516006],[-45.894689558264616,-23.123877163261543],[-45.894703269760114,-23.123875516673152],[-45.89471961627393,-23.123872532847553],[-45.89484843453197,-23.123849018809953],[-45.89499140373911,-23.123813758465538],[-45.89512636256058,-23.123780481522342],[-45.89526339647458,-23.123755490993624],[-45.89540191138679,-23.123738895200212],[-45.89554130685338,-23.123730766114996],[-45.895680978536745,-23.123731138970044],[-45.89575791120517,-23.12373603797199],[-45.89582032092755,-23.123740012133155],[-45.8958523891591,-23.123744028521976],[-45.89595872993217,-23.12375734711666],[-45.896095605595875,-23.123783068825034],[-45.896193001102034,-23.12380764155548],[-45.896230354438835,-23.123817065719315],[-45.896230354438835,-23.123817065719326],[-45.896245643389065,-23.123820893914385],[-45.896308655728454,-23.123836671514788],[-45.89638824316073,-23.123851186224083],[-45.89646873027673,-23.123860539311657],[-45.89654972623042,-23.123864685413746],[-45.89660525681546,-23.123863945291347],[-45.89695747909963,-23.123661207566514],[-45.89730236801522,-23.12362776235249],[-45.89736381255312,-23.123578777637224],[-45.89742141952819,-23.12352595410199],[-45.897472457950514,-23.12347213320286],[-45.89747490923589,-23.123469548276812],[-45.89747594479796,-23.12346828917628],[-45.89752402188183,-23.123409834012637],[-45.89756851905403,-23.123347101320398],[-45.89760818461686,-23.123281654830713],[-45.89764282603677,-23.123213812262474],[-45.897672275075195,-23.123143903152332],[-45.89768061882486,-23.123119115741297],[-45.89769638874383,-23.12307226688519],[-45.89771388783987,-23.12300379838604],[-45.89771504996411,-23.122999251353104],[-45.89772816812352,-23.122925211091253],[-45.89772846047962,-23.1229223034372],[-45.89773567952871,-23.122850505627817],[-45.897737547711145,-23.12277549770841],[-45.89773808408266,-23.122753132185576],[-45.89773891525876,-23.122744629011258],[-45.897740261934736,-23.12273085203536],[-45.89774221659983,-23.12271951599647],[-45.89774407120836,-23.122708760183684],[-45.8977494943041,-23.122686958705124],[-45.897756506194234,-23.12266554836009],[-45.897764035127864,-23.12264716575641],[-45.89776507448333,-23.122644628061355],[-45.897768728519175,-23.122637260747105],[-45.897775159531115,-23.12262429444464],[-45.897786714772714,-23.122604641460253],[-45.89779968680275,-23.12258575995222],[-45.89780873104334,-23.12257438417547],[-45.897814015731704,-23.122567737118374],[-45.89782062783996,-23.12256050640742],[-45.897829635299125,-23.122550656224927],[-45.89783934842895,-23.12254139194558],[-45.897846473358925,-23.12253459624821],[-45.897852476632586,-23.12252959932409],[-45.8978644520881,-23.12251963132735],[-45.89788348847652,-23.122505830653484],[-45.89788348848564,-23.12250583064775],[-45.897883488488944,-23.122505830645352],[-45.89788369299607,-23.122505702123902],[-45.897903494515084,-23.122493257927392],[-45.89792437779197,-23.12248197132029],[-45.89794604183164,-23.12247202292781],[-45.89796838650415,-23.1224634586987],[-45.897991308620014,-23.122456318259204],[-45.898014702225936,-23.122450634566825],[-45.89803845923809,-23.122446433906692],[-45.898062469887485,-23.122443735647867],[-45.89808662327903,-23.122442552274606],[-45.89810357216328,-23.12244278845402],[-45.898110807793906,-23.122442889274947],[-45.8981349116748,-23.122444745060445],[-45.898137430158286,-23.122445099580457],[-45.898158823549515,-23.122448111055242],[-45.89818243299552,-23.122452971726783],[-45.89820071955624,-23.122457963889453],[-45.898205630854164,-23.122459304647634],[-45.89836151263172,-23.12251233588787],[-45.8984159452305,-23.122530853898706],[-45.89849338098197,-23.122562442094424],[-45.89862097933821,-23.12261449288874],[-45.89866430763094,-23.122635269891052],[-45.89881992173414,-23.122709890574768],[-45.89897027385815,-23.12278170987978],[-45.89897060400178,-23.122781867580525],[-45.898974519690135,-23.122783444460342],[-45.899126095874244,-23.122844485309894],[-45.89926180343794,-23.12288953212351],[-45.89928571870501,-23.12289747054651],[-45.89944877581364,-23.122940591978537],[-45.89954995076921,-23.12296077420049],[-45.89961455551783,-23.122973661412605],[-45.8997237494043,-23.12298854773683],[-45.899782334301335,-23.12299653453817],[-45.89980701357469,-23.122998370684197],[-45.89995137982471,-23.12300911148572],[-45.90007042637086,-23.123010674187288],[-45.90012095435065,-23.12301133742395],[-45.90018529111502,-23.123008247230405],[-45.900290317687876,-23.123003202576616],[-45.90041168347045,-23.122989899455423],[-45.9004587306937,-23.122984742495102],[-45.9005210861277,-23.12297400705036],[-45.90062545825857,-23.12295603772137],[-45.90078977276424,-23.122917213552682],[-45.90141091187586,-23.12276352008843],[-45.90154180040692,-23.122731132927125],[-45.90157396324263,-23.122724545946763],[-45.90230186301377,-23.122575469420543],[-45.902470766420315,-23.122539449871073],[-45.902513102734716,-23.122530421389666],[-45.90261136793944,-23.12250354817094],[-45.90272098767972,-23.122473569663622],[-45.90292474762858,-23.122405124899284],[-45.90311026092744,-23.12233070305352],[-45.90312362761252,-23.122325340764636],[-45.90314645508341,-23.12231461254562],[-45.903316890695315,-23.12223451280834],[-45.90350382086803,-23.122132977606974],[-45.90357148972012,-23.122098232668037],[-45.90364160746493,-23.12206792498415],[-45.90371383444309,-23.122042201283545],[-45.90378782090158,-23.12202118619731],[-45.903833711758274,-23.122011321869586],[-45.90386320846467,-23.122004981484952],[-45.90387992871917,-23.1220025057595],[-45.90393963198837,-23.12199366561641],[-45.90401672139399,-23.121987293439314],[-45.9040941032938,-23.121985895768375],[-45.90417140289617,-23.12198947940292],[-45.904248245806414,-23.1219980269868],[-45.90432425988991,-23.122011497101123],[-45.90439907698734,-23.12202982453001],[-45.90444715481969,-23.12204498203376],[-45.90447233471684,-23.12205292049325],[-45.90448338192067,-23.122057217856746],[-45.90454367827651,-23.122080673109437],[-45.9046127621393,-23.122112948024082],[-45.904612762148496,-23.12211294802915],[-45.904612762155125,-23.122112948032246],[-45.90461657898399,-23.122115051398605],[-45.90467925171789,-23.12214958886474],[-45.90474282499876,-23.12219041820518],[-45.90476854188079,-23.12227715598801],[-45.90481739305914,-23.122441920613642],[-45.90484556896635,-23.12276253096508],[-45.904782330164835,-23.122997748343003],[-45.90456422336493,-23.12349369248661],[-45.90450078529218,-23.123624314996864],[-45.90447627448,-23.123674784061965],[-45.904466330469795,-23.12371450839349],[-45.90445264856333,-23.12376916487261],[-45.90438341519778,-23.12391447061148],[-45.904335405016624,-23.124004691741767],[-45.904243250353275,-23.124203863314094],[-45.9041323912605,-23.124335651051638],[-45.90403578709629,-23.124426150644116],[-45.903864103189576,-23.12459702730846],[-45.90381589155244,-23.124657261468965],[-45.90376792396264,-23.124752477175544],[-45.90374752731694,-23.12493248575967],[-45.903786233884404,-23.12506718274572],[-45.903846508665744,-23.125196752102067],[-45.903895543585726,-23.125295907850465],[-45.9039079985997,-23.12532109366657],[-45.90391305873807,-23.125339341478572],[-45.90394432710707,-23.125452100897874],[-45.90402921357775,-23.125774183743413],[-45.904059533876705,-23.125888813281517],[-45.90410804561309,-23.12607442446342],[-45.90413381235912,-23.126159507612424],[-45.904149987242256,-23.12619626756748],[-45.90419907076891,-23.12642926906059],[-45.90419400364881,-23.12646300747409],[-45.90422347338737,-23.12654394150985],[-45.904234196300145,-23.126619510787954],[-45.90423587627855,-23.126631350326623],[-45.904250567079806,-23.12666398258689],[-45.90426158262236,-23.126688451068667],[-45.90428037835477,-23.126749032796372],[-45.90430680530232,-23.126844379362527],[-45.9043203611204,-23.126893287703876],[-45.90433033102015,-23.12692216705368],[-45.90435049872658,-23.126980585813325],[-45.90442874587434,-23.127193358738374],[-45.904489451618915,-23.12743357364853],[-45.90451367138028,-23.127520905644904],[-45.904555625998256,-23.127608144948635],[-45.90460935087478,-23.12768984301961],[-45.90469259063301,-23.127765907086456],[-45.90474019706788,-23.127814834104086],[-45.904847706943464,-23.127914324684163],[-45.90490095197005,-23.127994327285002],[-45.904936741921034,-23.128043331071847],[-45.9049935415182,-23.128124722313245],[-45.90504632936522,-23.128231174689205],[-45.90509243269035,-23.12834860378451],[-45.9051045795178,-23.128397734184972],[-45.90512285483517,-23.12847963550727],[-45.90513552507846,-23.12860531346932],[-45.905089202860616,-23.128756584923504],[-45.90507190665586,-23.128812274126247],[-45.90551470373843,-23.12905865554143],[-45.9056023364637,-23.128902501927186],[-45.90562773773414,-23.128659482419536],[-45.9056181201783,-23.128377375618747],[-45.90550474137467,-23.128170869713486],[-45.90532118202547,-23.12786475979473],[-45.90518403513544,-23.127569098262455],[-45.90513592213345,-23.127305070671092],[-45.905238364900065,-23.127033035610555],[-45.90546039762826,-23.126742455578345],[-45.905929188751195,-23.126393311278104],[-45.90624869461369,-23.126241465460353],[-45.90654179251745,-23.12618263426847],[-45.90700355196387,-23.125937105762763],[-45.90729204266431,-23.125767577884073],[-45.90739153118716,-23.125631282022002],[-45.90741349962948,-23.125452572062997],[-45.90735056140948,-23.12528149392503],[-45.90706899825432,-23.124758077724692],[-45.90688949395569,-23.12448051953141],[-45.9068378774843,-23.12427008764564],[-45.906824972611226,-23.1240737198613],[-45.9068393865874,-23.123920055075132],[-45.90683854644001,-23.12379505136824],[-45.906787890453884,-23.12372748082192],[-45.90663690674439,-23.123671201999088],[-45.906443590302786,-23.123636596350483],[-45.90635439127168,-23.123579962171544],[-45.90631105083192,-23.123451630983308],[-45.90633354824748,-23.123351494867045],[-45.90644900998851,-23.12329368460267],[-45.90660714030098,-23.123264202394278],[-45.90678513017395,-23.123316754332972],[-45.90697890236618,-23.123419218732646],[-45.90708745717801,-23.123482884588384],[-45.907156820538646,-23.123461055636643],[-45.90719099793675,-23.12337513892855],[-45.907171090022004,-23.12328596161598],[-45.90702718147384,-23.123133207301134],[-45.90699952667738,-23.123040502835497],[-45.90704876597755,-23.122897352779482],[-45.90717530727835,-23.12276447315704],[-45.90737113917033,-23.122599049801824],[-45.907474342771614,-23.12244130248978],[-45.907592103269614,-23.12215131946571],[-45.9076031832552,-23.122076250585323],[-45.907572003130056,-23.122033569916205],[-45.907506237834156,-23.122016089931773],[-45.90743706741353,-23.122066491293424],[-45.90734170709208,-23.1222420518299],[-45.907280475601226,-23.122324552514726],[-45.90717643145074,-23.122357295988635],[-45.90705269565282,-23.122333005864448],[-45.90694800329138,-23.122269317743083],[-45.90691260176979,-23.122173086114792],[-45.906896003645514,-23.122001741230267],[-45.90696443008144,-23.12184062250753],[-45.90718198913735,-23.121460774072663],[-45.90734263377485,-23.121231263017126],[-45.907472938660085,-23.12108407483506],[-45.90749553095057,-23.120998224703765],[-45.9074720980409,-23.120959071105233],[-45.90734826743277,-23.12092049502856],[-45.90722067148618,-23.120896227202223],[-45.90714696781103,-23.120846647642868],[-45.90714627155572,-23.120743073111523],[-45.90717996814647,-23.12058572568595],[-45.90729475483273,-23.12042791187279],[-45.90738685295473,-23.120341661964055],[-45.907568148189,-23.120312045625557],[-45.90770735195477,-23.120339818065055],[-45.90782688820828,-23.12031412846721],[-45.9080810457996,-23.120209087066616],[-45.90840772863245,-23.119978619077937],[-45.90854266201224,-23.11994569693549],[-45.90890930458467,-23.119915011467686],[-45.909028671799355,-23.119864320237994],[-45.909066419879515,-23.11973552249059],[-45.909096613483,-23.11963176997947],[-45.90925768586492,-23.119466544707464],[-45.909553112587496,-23.11918267948611],[-45.90964885313524,-23.119064262247527],[-45.909659618830055,-23.118942763297444],[-45.909647529126865,-23.118867827882674],[-45.90959689778027,-23.118803829716832],[-45.90959593493076,-23.11866096835428],[-45.90967553144811,-23.118439065671502],[-45.909802210523004,-23.11832761328681],[-45.9099640029275,-23.118269533362266],[-45.910160740202336,-23.11823982505028],[-45.91027679812295,-23.118271300478703],[-45.910304333602895,-23.118346146716867],[-45.91033614002872,-23.118481686735187],[-45.91035259736212,-23.118631602007955],[-45.910407403578844,-23.11874200757157],[-45.91047724583079,-23.1187916079049],[-45.91054667849347,-23.118780492142967],[-45.91061589425942,-23.118737232553443],[-45.910661483793284,-23.118626247551113],[-45.91076081922511,-23.118468520519293],[-45.9109028705754,-23.118346263509046],[-45.9111643829961,-23.118187599724788],[-45.91149136912633,-23.118003555537925],[-45.911552764973734,-23.117946054045394],[-45.911575450686065,-23.11787448952528],[-45.911517023761334,-23.117799822011083],[-45.91138902016413,-23.117714841421225],[-45.91131864762246,-23.117586667755152],[-45.91131756243089,-23.117425948774432],[-45.91136669880705,-23.11726851134886],[-45.9114622917143,-23.1171286638775],[-45.91151581979802,-23.117049777824665],[-45.911414363916634,-23.11689321039331],[-45.911289330382864,-23.116676060645702],[-45.9112536621789,-23.116540543108883],[-45.91123257129675,-23.116276361144354],[-45.911053890168496,-23.116120239458546],[-45.9109173704687,-23.115917442381786],[-45.91082692165787,-23.11567509079831],[-45.91076391188679,-23.11549329920265],[-45.910682246454215,-23.11540805044425],[-45.91068567401258,-23.11534374053532],[-45.91074704494946,-23.11528266783038],[-45.91093994050404,-23.115256552503265],[-45.91112950506256,-23.11530903299161],[-45.91137344126827,-23.115407630929088],[-45.91148592509809,-23.11548198625662],[-45.911609606995405,-23.115499130031328],[-45.91173299943253,-23.11547341530721],[-45.91183230727706,-23.115312116118904],[-45.91202064152152,-23.115182447327086],[-45.91215110450722,-23.115060256249787],[-45.912399142986516,-23.114908811800515],[-45.91249140390778,-23.114901270385193],[-45.91188452904832,-23.113658673048107],[-45.91162221240151,-23.11303496885681],[-45.911520635172245,-23.11277152618387],[-45.91152063517227,-23.112771526183856],[-45.91153410916337,-23.11275694833565],[-45.91224720917471,-23.111737374651785],[-45.91298458156682,-23.111643146554552],[-45.91290810778151,-23.111256928270254],[-45.91298344082182,-23.11091167684619],[-45.91306710179666,-23.110804722167067],[-45.9130770709202,-23.110804664482874],[-45.91365206054903,-23.111001774685803],[-45.91375339596682,-23.111457347702785],[-45.91350200277274,-23.111619145509557],[-45.913728954780936,-23.11185250390484],[-45.913707139806625,-23.112202986707967],[-45.91394564285628,-23.112218342152225],[-45.91397504637381,-23.111894116178654],[-45.914105372685384,-23.1117736969586],[-45.91417918367368,-23.111677971655897],[-45.91425679964481,-23.11151694491454],[-45.91433742276455,-23.111397143205625],[-45.914725848581554,-23.111036785738314],[-45.91485394945108,-23.11098553646529],[-45.91500102040303,-23.110965583203967],[-45.91610609097492,-23.110720062372266],[-45.91615040320129,-23.11069369515058],[-45.91628546353407,-23.110079352166334],[-45.91638618789044,-23.109953332583846],[-45.91639464005643,-23.109951933694532],[-45.916396934571445,-23.10995859137874],[-45.916408129669534,-23.110186019368808],[-45.91815304941673,-23.110627367912542],[-45.91814902363754,-23.110638254500408],[-45.91815119100553,-23.110638802685994],[-45.91810207269883,-23.110771627236986],[-45.91805772664709,-23.11092192431788],[-45.91803285656475,-23.111006848174682],[-45.91799107869882,-23.111095411136667],[-45.91796205557996,-23.111138267634658],[-45.91792357533746,-23.11122569136418],[-45.9178850950469,-23.111313115084954],[-45.91784430052572,-23.11143072084984],[-45.91780350593692,-23.111548326604698],[-45.91776235507249,-23.111632207020154],[-45.917721204158475,-23.111716087425624],[-45.917653722806726,-23.111832569951723],[-45.918118376815755,-23.112183634943218],[-45.918112003675176,-23.112187620009166],[-45.918112781185506,-23.11218820744695],[-45.91804140805783,-23.11223283546181],[-45.91792769221507,-23.112364012196192],[-45.918024784233644,-23.112500958407853],[-45.918023802047884,-23.112506142779285],[-45.918025244843754,-23.112508177808635],[-45.91800784255909,-23.11260003070668],[-45.91800596882215,-23.112600273652955],[-45.9180054882707,-23.112602810193398],[-45.91786912063631,-23.1126204432662],[-45.91773826897477,-23.1127267081792],[-45.917712818011275,-23.11296040081695],[-45.91763345009813,-23.113219436112054],[-45.91740044636128,-23.113420969551473],[-45.91728348598353,-23.113455015652608],[-45.917130813918966,-23.11353930936522],[-45.91693306737637,-23.11362386488744],[-45.916852564619155,-23.113716084956526],[-45.916691558715826,-23.11390051594674],[-45.91646750872091,-23.114093659028963],[-45.916463907428124,-23.11409459110648],[-45.91646167941396,-23.114096511768963],[-45.916259963648805,-23.114148678326778],[-45.91603219536307,-23.114141567464216],[-45.91582316468486,-23.11410079237577],[-45.91564348339801,-23.11404377308415],[-45.915475710320344,-23.114044746617527],[-45.915322709348736,-23.114100304513443],[-45.915224791524395,-23.11428436805639],[-45.91518074461522,-23.11443476200009],[-45.915118944611216,-23.114626962018004],[-45.91512013202702,-23.114802113634767],[-45.91508508802387,-23.11495244629832],[-45.91501353970211,-23.11503627652183],[-45.91482566026221,-23.115291769021503],[-45.91480158592775,-23.115351864057228],[-45.91470840034348,-23.11556134708238],[-45.91469969646577,-23.11558029682746],[-45.91463307377805,-23.115720871144234],[-45.91458470658324,-23.11580936813139],[-45.91455582168741,-23.115855710017787],[-45.914532123822156,-23.115932380622567],[-45.914513242986985,-23.115986872390067],[-45.91443165861766,-23.116198966763676],[-45.91441502475802,-23.11623915193646],[-45.9142381354815,-23.1166377850546],[-45.91402439420152,-23.117133649691485],[-45.91386485310081,-23.117528870967856],[-45.91383187469261,-23.117600886099666],[-45.91351491615839,-23.118217261701],[-45.91344289444305,-23.118386872503663],[-45.91330899467528,-23.11871819523732],[-45.91330055460222,-23.118738341352177],[-45.9131560694953,-23.119071343105496],[-45.913124088256055,-23.119137287584294],[-45.913034469080856,-23.119303888972563],[-45.912974615204746,-23.119399894064316],[-45.912865592015415,-23.119552320978745],[-45.91281511745655,-23.119616562719735],[-45.912719331075145,-23.119727838734942],[-45.9126675439629,-23.119783233985764],[-45.912521776290696,-23.11992694408127],[-45.91245080425138,-23.1199901913278],[-45.912231886376986,-23.120166469300408],[-45.9122255391058,-23.12017153612678],[-45.911779978730756,-23.120524135825747],[-45.911761188629114,-23.120538632387415],[-45.91121333014637,-23.120950648115333],[-45.91067566925465,-23.12137121087715],[-45.91057008447895,-23.12146032035662],[-45.91052222668355,-23.12151534263581],[-45.91046264590472,-23.12160042782973],[-45.910399814348594,-23.121725832148577],[-45.91037640205715,-23.121801666907164],[-45.910360964445324,-23.121994144152502],[-45.91035447463141,-23.122369768564084],[-45.91035049980186,-23.122438011601442],[-45.91033061092697,-23.12263813994424],[-45.91031815432948,-23.12272107815954],[-45.91025649959136,-23.12302681180587],[-45.910202372399056,-23.123198577345796],[-45.910076881666505,-23.12348682092697],[-45.90998506523949,-23.123648357106397],[-45.90981291012308,-23.123888652150605],[-45.909740551801,-23.12397728805963],[-45.909623330347976,-23.12410387378233],[-45.90954429792896,-23.12421928977379],[-45.909433239277334,-23.124352265034233],[-45.90929215173685,-23.124492093669847],[-45.90926147033602,-23.12453523958645],[-45.90922316559046,-23.124631291029303],[-45.909189443808145,-23.124754616693668],[-45.90917120809137,-23.124922320529087],[-45.909153944137806,-23.12502328476328],[-45.90911077551649,-23.12520747461857],[-45.90903876977037,-23.125403107737224],[-45.90893776136931,-23.125600131749053],[-45.908838123294295,-23.125753226585662],[-45.90869424032179,-23.125931615885907],[-45.90867058317615,-23.125973160220582],[-45.908649090509336,-23.126039068984745],[-45.908641039104026,-23.126076754083062],[-45.908641627626125,-23.126109451747052],[-45.90869164467301,-23.1265235054099],[-45.90871434057544,-23.12653319922452],[-45.90899225035938,-23.126619108886146],[-45.90903892189765,-23.126634766932515],[-45.90942217248385,-23.126773638399786],[-45.909589466440295,-23.12685215593201],[-45.9097309814702,-23.126935273918072],[-45.90992407524249,-23.12708413109714],[-45.91004849046718,-23.127208421633533],[-45.91024450442056,-23.12750056050817],[-45.910317137660314,-23.12767693886307],[-45.91036485376067,-23.127834400863687],[-45.91040082577862,-23.12801456245679],[-45.91041697843353,-23.128166675069558],[-45.91042064475978,-23.12842381400507],[-45.91042072743122,-23.128437654824353],[-45.91041924966439,-23.129076991903453],[-45.91041906058737,-23.129092938300406],[-45.91040451167367,-23.12977264763637],[-45.910398777228586,-23.130627316113014],[-45.91039590984768,-23.130691100620776],[-45.91037983379937,-23.130884063449116],[-45.91036868285952,-23.1309672633455],[-45.91029994545081,-23.13133815924514],[-45.910203430552016,-23.13160299756141],[-45.910167827392755,-23.131647617171996],[-45.91066385725591,-23.131923590071047],[-45.91066385726837,-23.131923590068133],[-45.913292128823564,-23.133385818594444],[-45.91354222908737,-23.133524956876297],[-45.915815981355344,-23.134515690008826],[-45.91603441967357,-23.134588182570266],[-45.91646789886421,-23.134620366368473],[-45.91711898678721,-23.134649196864085],[-45.91735242924193,-23.134637532774562],[-45.918189257652955,-23.134648739571357],[-45.918597459526566,-23.13464802828802],[-45.91869816495629,-23.134647852642374],[-45.91877150629458,-23.134646220008264],[-45.91895539049893,-23.134642126440614],[-45.91924640841288,-23.134620585670614],[-45.919442749310335,-23.134574901672952],[-45.92028263129776,-23.13436385338188],[-45.920473167898464,-23.134310244830615],[-45.92052729515227,-23.134295015767425],[-45.920584026432024,-23.134281015967865],[-45.920824696918814,-23.134221624493925],[-45.92082469693097,-23.13422162451114],[-45.92082469693593,-23.134221624509916],[-45.921010300245534,-23.134484415368973],[-45.92147220008715,-23.141999383258543],[-45.921709326108356,-23.141770409022733],[-45.92193449682671,-23.141552978072014],[-45.922118153091105,-23.141413589572],[-45.9222388755259,-23.14137790962577],[-45.92266279422078,-23.14146263742685],[-45.92312878399814,-23.14165197565304],[-45.923429517386765,-23.1416785845075],[-45.92361355028525,-23.141694867422874],[-45.92377633796397,-23.141641087768207],[-45.92381084059469,-23.14162968920992],[-45.923906776759424,-23.14155904587481],[-45.92408629155734,-23.141426858405918],[-45.924198998444055,-23.14128421471082],[-45.92428232706106,-23.14117875238213],[-45.92432143637308,-23.14113844589917],[-45.92434387840361,-23.141115316875158],[-45.92465925354327,-23.140790286456788],[-45.92465925354924,-23.140790286457168],[-45.924659253549834,-23.14079028645655],[-45.92468653458226,-23.140791989910845],[-45.92566727258429,-23.140853224953442],[-45.92569443004065,-23.14089999268102],[-45.92590449753449,-23.141261747605743],[-45.92590449753247,-23.141261747608727],[-45.92590449753482,-23.141261747612777],[-45.92586601640319,-23.141318545605333],[-45.925835495102724,-23.14136359488601],[-45.92558743628912,-23.14159842558464],[-45.92509196220248,-23.142402038122373],[-45.9250487913123,-23.14247205675253],[-45.92497978830798,-23.142514449439542],[-45.9245457347387,-23.14278111335337],[-45.92406243541662,-23.142900215641735],[-45.923836584258474,-23.142955872898387],[-45.923859662464864,-23.14310626874473],[-45.92388701476918,-23.14328451744302],[-45.92390993879805,-23.14343390776817],[-45.92394022623115,-23.143631282957703],[-45.92358570644347,-23.143690643753338],[-45.9234544312065,-23.145055136727606],[-45.92341798857894,-23.14512352728359],[-45.92335279287278,-23.14518787404764],[-45.92357665398111,-23.145510981426796],[-45.92363824635769,-23.145798738152255],[-45.92375414315363,-23.146340198774016],[-45.92385833268636,-23.14634307527888],[-45.92389164434507,-23.146327457337936],[-45.923899575410644,-23.146323738908293],[-45.923904833627084,-23.146322356730924],[-45.923973909108085,-23.14630419947546],[-45.92406045289616,-23.14628760529451],[-45.924060452899056,-23.1462876052948],[-45.9240604529063,-23.14628760529341],[-45.92408291703601,-23.146289894160535],[-45.9242097464471,-23.146302816718237],[-45.924287875836214,-23.146316085830158],[-45.92429672997535,-23.146317589569918],[-45.924318746661335,-23.146322753451688],[-45.924392048351535,-23.146339945889896],[-45.92455775245121,-23.1463695397728],[-45.924711518822726,-23.14639132778691],[-45.92476483019596,-23.146398881728203],[-45.92483466911727,-23.14641179535529],[-45.92500511372696,-23.146443311404322],[-45.92512361028354,-23.146467289408335],[-45.92513355948275,-23.146469302641613],[-45.9253449001169,-23.146517722433206],[-45.925572638794684,-23.146543121255608],[-45.92557357553952,-23.146543084853143],[-45.92568846074089,-23.146538620300902],[-45.92585786048031,-23.146503247726702],[-45.926051999692184,-23.146456267414475],[-45.92627413103593,-23.146431793126375],[-45.92630833045921,-23.14642802502634],[-45.92631264989056,-23.146428092170197],[-45.92648626515129,-23.146430790826937],[-45.92661051732017,-23.146449164037538],[-45.92671806635713,-23.146444710966538],[-45.926907811979305,-23.146430723926752],[-45.92706409305471,-23.146371157003408],[-45.92741499166584,-23.146204648274683],[-45.92779515414276,-23.146408281888107],[-45.928025974836736,-23.14663994736624],[-45.92804442010823,-23.146653973127215],[-45.928046260812486,-23.14665537279425],[-45.92806322967549,-23.14667703205782],[-45.928086863939235,-23.146689330556313],[-45.92809539113674,-23.146706369766683],[-45.92810153598157,-23.146713499558867],[-45.928114049724805,-23.14672801907879],[-45.928129307494,-23.14674658124768],[-45.92814960326011,-23.14676200658168],[-45.92815482887028,-23.146768361095855],[-45.92816995346124,-23.14678675306466],[-45.92819191332047,-23.146803923013728],[-45.92819363053482,-23.146805265664973],[-45.92820721813855,-23.146823837661746],[-45.92822084854326,-23.146848623733913],[-45.92823611704055,-23.146868739410447],[-45.92823713449485,-23.146870003932946],[-45.928254786388784,-23.14689194220059],[-45.928271712518324,-23.14690738736985],[-45.92828390745406,-23.146921290130738],[-45.928298835134555,-23.146938308308737],[-45.92832419221207,-23.146956810971634],[-45.928337769148726,-23.146973829436615],[-45.92834084872027,-23.146975795332832],[-45.92835466319878,-23.14698461402057],[-45.92835948100066,-23.14699151190479],[-45.92836655035348,-23.147001633416018],[-45.9283821490843,-23.147022966523444],[-45.92838353006336,-23.147024855172674],[-45.928397117675054,-23.147043418145795],[-45.928410726718305,-23.147065097130117],[-45.92841072672291,-23.147065097148662],[-45.928410726726845,-23.147065097154943],[-45.92841764907019,-23.147093038919675],[-45.92842914474397,-23.147112476108173],[-45.92842955771479,-23.14711317436881],[-45.92842985628949,-23.147113807096893],[-45.92843979710585,-23.14713487322984],[-45.92845173692758,-23.14715811565615],[-45.92846406588735,-23.147182548072845],[-45.92847436857027,-23.147212014469865],[-45.92849149817645,-23.147256985499595],[-45.92850181257217,-23.147289568021737],[-45.928507076332544,-23.14732061768387],[-45.92851574288742,-23.14735787065873],[-45.92852114753882,-23.14738673664185],[-45.928522719729216,-23.147395133592966],[-45.92852501573802,-23.147407371721474],[-45.92852796208479,-23.147423076210696],[-45.92852974794786,-23.147436386759427],[-45.928531504029536,-23.147449475268772],[-45.92853398337673,-23.147456645532763],[-45.928540084903176,-23.14747429105844],[-45.928550376986045,-23.147502212961314],[-45.92855395103939,-23.147533272575824],[-45.9285552969132,-23.14756011588606],[-45.928555898714954,-23.147572118695436],[-45.928555701666916,-23.147576297938585],[-45.928554432884106,-23.147603208022375],[-45.92855465778295,-23.147635849983175],[-45.92855318125007,-23.147665385771898],[-45.928548572184305,-23.14769971735172],[-45.92854837790099,-23.14770116451591],[-45.92854865189893,-23.14770398124726],[-45.9285520046032,-23.14773844718512],[-45.928550571882326,-23.14777575965745],[-45.92855078601629,-23.147806839066597],[-45.92855262566099,-23.14782858740703],[-45.928551107249035,-23.147853462696137],[-45.92855126786573,-23.147876774510824],[-45.92854801503318,-23.147892338527242],[-45.92854525012252,-23.147918234816974],[-45.92854474854654,-23.147922932613124],[-45.92854140215164,-23.147942911851082],[-45.92853667088185,-23.14797115930872],[-45.928536895780496,-23.148003801284325],[-45.92853496211267,-23.148012408396557],[-45.928527106029776,-23.1480473773157],[-45.92852569371045,-23.148086234215832],[-45.928517466184644,-23.148112711646156],[-45.928512932728324,-23.14814957662039],[-45.92851268422015,-23.14815159743652],[-45.928512539928654,-23.14815310025129],[-45.92850954911378,-23.148184250153292],[-45.92850306576865,-23.148220038797856],[-45.92849321171473,-23.148254284686338],[-45.92848840833315,-23.148290063432636],[-45.92847700286065,-23.14834297950712],[-45.92846890374679,-23.148388099160158],[-45.92846408959017,-23.148422315354647],[-45.92845417135874,-23.148447249160107],[-45.928450233711,-23.14847258163769],[-45.928449335795364,-23.14847835830683],[-45.92844860747973,-23.14848148765045],[-45.92844435519148,-23.14849975844092],[-45.92843615967308,-23.148530887391118],[-45.92843423858675,-23.148545880125333],[-45.9284329710386,-23.14855577252001],[-45.928430889865716,-23.148567775150994],[-45.92842811411168,-23.148583783667625],[-45.92842470016171,-23.14859896457433],[-45.92842321432399,-23.14860557171301],[-45.92841670853996,-23.148636690690285],[-45.92841567997988,-23.14864160466577],[-45.92841019303822,-23.148667818789296],[-45.92839694780864,-23.14869897748533],[-45.92838534950793,-23.14872391215128],[-45.92837207222365,-23.148750419321228],[-45.928365567354106,-23.148783091890092],[-45.92835400114638,-23.148812687110084],[-45.92834417733676,-23.148832463911717],[-45.9283423824292,-23.14883607733779],[-45.92833996744875,-23.148842587081738],[-45.92833082690643,-23.148867226081137],[-45.928319176006745,-23.14888594672512],[-45.928309246953674,-23.148909317971192],[-45.928295957939916,-23.148932709008072],[-45.92828602981345,-23.148957633829053],[-45.92827101894159,-23.14897637426091],[-45.928264406095835,-23.148991958062144],[-45.92825780488296,-23.14901064895813],[-45.92825622121071,-23.14902464052212],[-45.92824519189879,-23.149043850637174],[-45.92824458099721,-23.149044914666376],[-45.92824458099266,-23.14904491467228],[-45.92824458098838,-23.14904491467975],[-45.92822291444494,-23.149073024832596],[-45.928212911330654,-23.149087065985984],[-45.92819793253522,-23.14911046696763],[-45.92818962992642,-23.149126060718196],[-45.928176324630016,-23.14916127532126],[-45.92816481191242,-23.1491986471542],[-45.92816084846889,-23.149209863811933],[-45.9281582106164,-23.149217329014412],[-45.92815567690191,-23.14922409604077],[-45.92814829320498,-23.149243816377947],[-45.928136694814484,-23.149268751026895],[-45.92812509641984,-23.149293685675044],[-45.92811182966875,-23.149321737311315],[-45.9280985201156,-23.149343574871587],[-45.9280885588958,-23.149362285548495],[-45.92807693909051,-23.149384113148916],[-45.92807639056212,-23.14938646091932],[-45.92807366570305,-23.149398123701275],[-45.928065416557324,-23.149421485039493],[-45.92805548742369,-23.149444856270698],[-45.92804050856293,-23.1494682572385],[-45.92802718828599,-23.14948854127444],[-45.928017237744484,-23.149508805465885],[-45.92800559651561,-23.14952752603088],[-45.92798892695281,-23.149549383368225],[-45.927975585264626,-23.149566560362576],[-45.92795569800973,-23.14959658746674],[-45.927945616795874,-23.149611808762742],[-45.92793737831279,-23.149636723598675],[-45.927937378306204,-23.149636723608968],[-45.92793737830427,-23.149636723614815],[-45.927927395646854,-23.14965232724469],[-45.92791065649075,-23.149679685747248],[-45.927894051138495,-23.149710873219924],[-45.9278847855364,-23.149730775880936],[-45.92788244290219,-23.149735807910286],[-45.92788010168975,-23.149739928797697],[-45.92786915373064,-23.149759198912562],[-45.92785420689374,-23.149787260420204],[-45.92784430985006,-23.14981530122747],[-45.92783102159967,-23.149840245804302],[-45.92781770125587,-23.149860529823805],[-45.927807739960905,-23.14987924048422],[-45.92779989214829,-23.14989696234113],[-45.92779945865448,-23.149897941253744],[-45.927797849196274,-23.14990188272988],[-45.92779118804121,-23.149918195540703],[-45.92778122673853,-23.14993690619956],[-45.92777124397954,-23.149952500788217],[-45.92776629056035,-23.14996652121827],[-45.927761768557346,-23.149980411426668],[-45.92775969993644,-23.149986765601966],[-45.92775969993175,-23.149986765610027],[-45.92775969993057,-23.14998676561365],[-45.92774972792324,-23.150003922751903],[-45.92774144660137,-23.150022623518108],[-45.92773824710915,-23.150045955112198],[-45.92773333646476,-23.150066189616314],[-45.92772673513144,-23.150084880488723],[-45.92772659893579,-23.150085575486173],[-45.92772185656876,-23.150109775551684],[-45.927712036369876,-23.150144919439178],[-45.927710293129735,-23.15015115804149],[-45.92770706256845,-23.15016290992662],[-45.9277004494991,-23.150186966452363],[-45.92769900485697,-23.150221162786913],[-45.927695925895556,-23.150237897602945],[-45.92769413705022,-23.150247620401412],[-45.92769268844362,-23.150257447735317],[-45.92769092684408,-23.150269398471004],[-45.927687685486625,-23.150288069565093],[-45.92768447528559,-23.15030984763904],[-45.92768131855804,-23.150339393306595],[-45.92767474928887,-23.150362744735975],[-45.927668158628066,-23.150382989127625],[-45.927662953657865,-23.150401490945047],[-45.92766158935916,-23.15040634054917],[-45.92765334008555,-23.15042970187879],[-45.92764828332721,-23.150444022216934],[-45.92764509080584,-23.150453063192092],[-45.92763683083285,-23.15047487099058],[-45.92762349970578,-23.15049360147628],[-45.927608477882224,-23.150510788331243],[-45.927598199536384,-23.15052454845361],[-45.927596815134386,-23.150526401823555],[-45.927589985471236,-23.150537076962653],[-45.92758683236641,-23.15054200544086],[-45.92758196445926,-23.150568454015257],[-45.92757871139861,-23.150584008980076],[-45.9275771812367,-23.15060578619519],[-45.92757727748109,-23.150619767863745],[-45.92757386985541,-23.1506554390078],[-45.92757407316222,-23.15068497392764],[-45.92757595640844,-23.150714489926507],[-45.92758112387494,-23.150731557940503],[-45.92758125226431,-23.150750209196985],[-45.927580022464284,-23.15077190410178],[-45.92757975412661,-23.15077663793563],[-45.927579914597764,-23.15079994972521],[-45.92757954618336,-23.15080207186974],[-45.92757667320997,-23.15081862083966],[-45.92757327013789,-23.150832671098193],[-45.927571772289234,-23.150838855275655],[-45.9275703629678,-23.1508556990482],[-45.92757021090308,-23.150857516483516],[-45.927566989979034,-23.150877741035934],[-45.927558751357346,-23.150902655867768],[-45.92755218204297,-23.150926007291954],[-45.92754564480736,-23.150954019271907],[-45.92753532030791,-23.15098951434796],[-45.9275312207832,-23.151010460252404],[-45.92752854526365,-23.151024130453887],[-45.927526592054505,-23.151033464547265],[-45.92752175528144,-23.151056578848763],[-45.927521948695556,-23.151084677665963],[-45.92752015600435,-23.151104224930464],[-45.9275197680781,-23.15110845486703],[-45.92751996143015,-23.151136544657472],[-45.92751957704993,-23.15113915436679],[-45.92751773113387,-23.15115168714755],[-45.92751601199723,-23.1511722822423],[-45.92751556543529,-23.151177632067327],[-45.92751572900695,-23.151201395453512],[-45.927516535580644,-23.151207051761173],[-45.927518192194945,-23.15121866909082],[-45.927523049315305,-23.151244572669082],[-45.92752786688981,-23.151266149935818],[-45.9275372836437,-23.15127473856442],[-45.92754209612987,-23.151294157104772],[-45.927542215129165,-23.151311444512228],[-45.9275427727655,-23.151312958569378],[-45.92754936204859,-23.151330849314615],[-45.92755488183266,-23.151347475696483],[-45.92755652389307,-23.151352421804685],[-45.927566074519355,-23.1513804565153],[-45.927570269764566,-23.151389702748343],[-45.927582697712175,-23.151417093647257],[-45.92760161070694,-23.151447231995],[-45.927605170311466,-23.15145317066158],[-45.927615810263035,-23.151470921818515],[-45.927617199191324,-23.151474486880446],[-45.92763008928091,-23.1515075727405],[-45.92764902692829,-23.151539869692147],[-45.92765757399855,-23.151561546024983],[-45.92766092688262,-23.151570049295135],[-45.92767516134894,-23.151600224227415],[-45.92768081006084,-23.151611514019205],[-45.927687016659654,-23.151623918811723],[-45.9276941883097,-23.15164549124519],[-45.92769430733055,-23.15166277865424],[-45.927703699431426,-23.15166919962856],[-45.92771782465374,-23.151682087068988],[-45.92772728603724,-23.1516971516887],[-45.92773676744313,-23.1517165427335],[-45.92773932071074,-23.151751149082475],[-45.92775397363237,-23.151789604278306],[-45.927762836232716,-23.151824101220498],[-45.927777507515906,-23.15186522087799],[-45.92778495264677,-23.151902390736595],[-45.92779523343233,-23.15193289601585],[-45.92780303502434,-23.15195098070029],[-45.92780838588126,-23.15196338437982],[-45.927811755670234,-23.151981342257372],[-45.927815859077455,-23.152003209617487],[-45.9278203885341,-23.152016846606063],[-45.92782907560145,-23.15204300101692],[-45.927829322700624,-23.15207888548009],[-45.92783074850148,-23.15208890572912],[-45.92783536859604,-23.152121374671903],[-45.92783650425331,-23.152178489195165],[-45.927838516939914,-23.152245630286128],[-45.92783898971826,-23.152261401470795],[-45.92784175477969,-23.152281618234426],[-45.927845017208085,-23.15230547143668],[-45.92784199452462,-23.15235351956421],[-45.92784157475344,-23.152360192204355],[-45.92784157475136,-23.152360192215625],[-45.92784157475116,-23.15236019221879],[-45.92783605744728,-23.152390212436696],[-45.92783627612882,-23.152421969240184],[-45.92783267568915,-23.152453748531084],[-45.927833161689854,-23.152524325226235],[-45.92782964893809,-23.15255350454946],[-45.927829549059155,-23.152554334214646],[-45.92782946986674,-23.152556102948086],[-45.92782788973937,-23.15259139510437],[-45.92782430148511,-23.15262494468281],[-45.92782453229461,-23.15265846274162],[-45.9278228462959,-23.152690230759113],[-45.9278192683661,-23.15271324837949],[-45.92781735572559,-23.152725552868596],[-45.92780644297753,-23.15280471427704],[-45.92780671023092,-23.152843525109095],[-45.927806624942725,-23.15284413241043],[-45.927801253726706,-23.152882378725312],[-45.927794317063416,-23.15291690076908],[-45.92779202660701,-23.15292829983435],[-45.92778286265498,-23.152984815622354],[-45.92778261988281,-23.15298651050658],[-45.92777375704316,-23.153048385412642],[-45.927766483219656,-23.153101358388017],[-45.92775923370876,-23.15315786290703],[-45.927750033230076,-23.15320907686514],[-45.9277381683354,-23.153257640719175],[-45.92773146969611,-23.15328505873517],[-45.927729769383866,-23.15329429673581],[-45.92772594262752,-23.153315088029984],[-45.927712908493284,-23.153362801901807],[-45.92770177904102,-23.15341050455874],[-45.92769570582309,-23.153438021974623],[-45.92769437153502,-23.153444067574995],[-45.92769335786088,-23.153446816568046],[-45.92767937434396,-23.15348473866979],[-45.92765311346482,-23.15355503926749],[-45.927635148659235,-23.153601223611133],[-45.92763247742594,-23.153608090885744],[-45.92763247741748,-23.153608090899333],[-45.927632477416815,-23.15360809090104],[-45.92760603485516,-23.153650590685334],[-45.92758365198773,-23.153690843174562],[-45.92758339925362,-23.153691297682403],[-45.927583399248775,-23.15369129769045],[-45.927583399246274,-23.153691297694948],[-45.927558858991006,-23.153732024945835],[-45.92755686757309,-23.15373766600075],[-45.92754575189002,-23.153769153202873],[-45.927521116782835,-23.153797524617502],[-45.92751851426565,-23.153801795818204],[-45.92750601019468,-23.153822317287503],[-45.92747951657399,-23.15385599265034],[-45.9274510987695,-23.153889688367105],[-45.92743036541748,-23.15392862283174],[-45.92741145176288,-23.15395519922687],[-45.92740017643171,-23.1539817306633],[-45.927375502466916,-23.15400304794295],[-45.9273603837122,-23.154026079342422],[-45.92735860042873,-23.154043730209054],[-45.927347264341805,-23.15406143729763],[-45.927326387632284,-23.154080970894302],[-45.92730751088344,-23.154098641407217],[-45.92730552069123,-23.154100504428296],[-45.927303345321896,-23.15410254057523],[-45.92728844859357,-23.154116483944907],[-45.9272752223287,-23.15413773383946],[-45.927265812814035,-23.154157190912134],[-45.927246874852685,-23.15418024477669],[-45.92721651573293,-23.154208649830206],[-45.927195709416345,-23.15423699866554],[-45.92718055418233,-23.154254737247133],[-45.92718042813659,-23.154255277483472],[-45.92717684428056,-23.15427063812287],[-45.92715975997047,-23.154284847335607],[-45.92712902604583,-23.15431983020077],[-45.927110112278406,-23.154346406562098],[-45.92708737932683,-23.154373005392536],[-45.9270627416614,-23.154399615426513],[-45.927036177394285,-23.15442447546441],[-45.92701153970941,-23.15445108549083],[-45.92698118047944,-23.154479490501583],[-45.92695842324424,-23.154502566802257],[-45.92693478414696,-23.154519170375977],[-45.926928025231085,-23.154523917691307],[-45.926918804189086,-23.15453192895178],[-45.92690144873071,-23.154547007417392],[-45.92687300393113,-23.154575401146243],[-45.926850270956635,-23.154602008976575],[-45.92681608035806,-23.154628675166602],[-45.9267933230073,-23.154651742412636],[-45.92676668582299,-23.154666016806246],[-45.92674774529597,-23.1546873002687],[-45.92673882032287,-23.154709138566112],[-45.926738350199855,-23.15471028890108],[-45.92673835019843,-23.154710288901864],[-45.9267383501934,-23.15471028891416],[-45.92671552000168,-23.154722770548197],[-45.92668895325992,-23.154745869217027],[-45.926669978650885,-23.154763621183598],[-45.92665482322571,-23.15478135068701],[-45.92663779955195,-23.154804393223515],[-45.92661498144843,-23.154818636099897],[-45.92659219980446,-23.154838180806024],[-45.926563694251065,-23.15485775916873],[-45.9265564663233,-23.154863676257364],[-45.926548502404,-23.154870195865136],[-45.926545375971195,-23.15487377194096],[-45.92653144464252,-23.1548897069002],[-45.926498410040466,-23.15492824389627],[-45.926473735759934,-23.154949561042386],[-45.926449214915024,-23.154966140858942],[-45.92643952071545,-23.154972695617506],[-45.926435576085964,-23.154974752011174],[-45.9264223999021,-23.154981620978194],[-45.92640379562679,-23.15499758179858],[-45.926399618209324,-23.155001165660217],[-45.92639268031136,-23.155014191717644],[-45.92638830619486,-23.155022404226674],[-45.92635791031122,-23.15504551632269],[-45.92632183906916,-23.155075725153846],[-45.92629335764496,-23.15509882598263],[-45.926272371451496,-23.155102481043897],[-45.926257240216586,-23.155123742056027],[-45.92622303485538,-23.155146876521446],[-45.92618120559231,-23.15517358748207],[-45.926145109998245,-23.15520026472982],[-45.92613569054368,-23.155219730829558],[-45.926112882145496,-23.155233982611136],[-45.92609005180547,-23.155246464158473],[-45.92605201741269,-23.155269621093495],[-45.926048331629744,-23.15528905348931],[-45.9260197773517,-23.155301568668303],[-45.926006502287194,-23.155315764405625],[-45.92599133460706,-23.155331732592348],[-45.92597347259549,-23.155345413912364],[-45.92597044300266,-23.155347734420364],[-45.925967116492586,-23.15534917693518],[-45.92596007157368,-23.155352231919778],[-45.92594569580152,-23.155358465881214],[-45.92592858935006,-23.15537091376811],[-45.925905780903825,-23.15538516552096],[-45.92589060109933,-23.155399372442048],[-45.92587348253316,-23.15541005906676],[-45.92585638583615,-23.155422506888772],[-45.92582727345829,-23.15545331602318],[-45.925800648113565,-23.15546935151696],[-45.92578350292733,-23.155474745273303],[-45.925751190012384,-23.15549610719268],[-45.92572084244475,-23.155526282261636],[-45.92568667565168,-23.15555647976344],[-45.92566197686114,-23.155574265243455],[-45.9256277494123,-23.155595638386163],[-45.92560875034112,-23.155609867718283],[-45.9255993283863,-23.155627563442387],[-45.92557464406642,-23.155648880511873],[-45.92555187189779,-23.155668425017552],[-45.92552338044698,-23.155691525771115],[-45.925502525087616,-23.155712820338064],[-45.92549120078106,-23.15573229759051],[-45.92547029695127,-23.155746538094927],[-45.92542415720483,-23.155775749071367],[-45.92539576035149,-23.15581120563825],[-45.92537678542138,-23.155828957457054],[-45.92535977349605,-23.155853761120415],[-45.92532946211489,-23.155889228920056],[-45.92530670429663,-23.15591229596287],[-45.92528206599886,-23.15593890573364],[-45.925259344578144,-23.155967274604098],[-45.92524041805587,-23.155992080466135],[-45.92522144314205,-23.156009841299387],[-45.925204382657974,-23.156027581856222],[-45.92518743121726,-23.156061200817636],[-45.925142012476535,-23.156121461043266],[-45.92511923033557,-23.156140996515127],[-45.92510034017175,-23.156171104195682],[-45.92507759442363,-23.15619594149612],[-45.92506247264734,-23.156217202343246],[-45.92504543869262,-23.1562402357435],[-45.925040095679165,-23.156249255515043],[-45.92502656059267,-23.156272104672492],[-45.92502483588338,-23.156275344344778],[-45.92501336778683,-23.15629688587344],[-45.92501088769282,-23.15630013636431],[-45.92499444116941,-23.15632169171241],[-45.92498687544654,-23.15633233119318],[-45.92497740492695,-23.156342972823783],[-45.924958466208366,-23.156366017397435],[-45.924947117522706,-23.156381963067933],[-45.9249358051744,-23.156403201539927],[-45.92491501019934,-23.156433320381545],[-45.92490175909234,-23.156451038544592],[-45.92486341023102,-23.156489651571274],[-45.92484648289516,-23.15652680204422],[-45.92481806381385,-23.156560488282167],[-45.92479537614273,-23.156592379546197],[-45.92478989233704,-23.156616758705624],[-45.92478981198176,-23.156617115939508],[-45.92478981198124,-23.156617115940485],[-45.92478981197772,-23.156617115956134],[-45.924777934691896,-23.156639417716516],[-45.92477661903327,-23.15664188810494],[-45.924776619031306,-23.156641888107632],[-45.92477661902945,-23.156641888111107],[-45.92475201921362,-23.156675560952788],[-45.92456284125884,-23.156971176127776],[-45.92459786592366,-23.157397119663337],[-45.92458582968678,-23.157571932060833],[-45.92453167567006,-23.157822674505958],[-45.92443504341564,-23.157992961250763],[-45.924434239237335,-23.157997271155686],[-45.92440800270121,-23.15813788297398],[-45.924406023954646,-23.158245095664867],[-45.924405795286226,-23.15825748554119],[-45.924403742877814,-23.158443800863058],[-45.92441900514515,-23.15859099441129],[-45.92447746509836,-23.158698571632115],[-45.92450395955549,-23.158747326301178],[-45.92459374109659,-23.158836961320965],[-45.92478332929793,-23.159050721415323],[-45.924910567459165,-23.15919783564764],[-45.924950508590456,-23.159253006169816],[-45.92513805266167,-23.159655384305292],[-45.92525551725182,-23.159878410082957],[-45.92535287039071,-23.160016350814203],[-45.9254080276711,-23.160078184602774],[-45.92550255381983,-23.160184152447126],[-45.9255351809822,-23.160212642012734],[-45.92555977948767,-23.160234121039064],[-45.925563305312174,-23.160248330311408],[-45.92557440748335,-23.16029307255715],[-45.92562663373317,-23.16029075598354],[-45.92564128796109,-23.160290935455386],[-45.925774659130376,-23.1602925687799],[-45.925896448680234,-23.160303901582076],[-45.925896638831944,-23.16030391927603],[-45.92595138371172,-23.160313424165487],[-45.92598922815512,-23.160319994761952],[-45.926089582724615,-23.16035158744284],[-45.926181233354534,-23.16038456802163],[-45.926225017645464,-23.160400165876617],[-45.92626269748535,-23.160413589032842],[-45.92630385407345,-23.1604331202493],[-45.926329664536816,-23.16044536880781],[-45.92641269486458,-23.16049046730134],[-45.92648870989682,-23.16053031593174],[-45.92650881240031,-23.16054085405976],[-45.92662288761878,-23.160611733649876],[-45.926637065018724,-23.160620542635563],[-45.926755678477434,-23.160683523598685],[-45.92677532095427,-23.160696455871765],[-45.92686063866288,-23.160752627525817],[-45.92697722256964,-23.160823008800094],[-45.92709530854822,-23.160899295278075],[-45.927127359242455,-23.160920000791496],[-45.92726653528047,-23.161006985997474],[-45.92766134390204,-23.161231249347082],[-45.9278292699097,-23.16132961721369],[-45.92798843085298,-23.16140205923863],[-45.92833719289715,-23.161578196286268],[-45.92851168268931,-23.161681998363097],[-45.92855899598087,-23.161716922601194],[-45.92869013603246,-23.161813723259286],[-45.92890663840227,-23.161983656578116],[-45.92909502934112,-23.16213295487297],[-45.92910794767648,-23.162143192528102],[-45.92920002856469,-23.162194710121305],[-45.92927481556381,-23.162236552024375],[-45.92941496589141,-23.162291626918257],[-45.92955577947271,-23.16232672707354],[-45.92966912241646,-23.162347510228667],[-45.92977009070904,-23.162368610221066],[-45.9298407259669,-23.16237751241618],[-45.92989209053316,-23.1623839858908],[-45.929980666273465,-23.162391501856746],[-45.92999332623118,-23.16239203479276],[-45.93009244278545,-23.162396207169273],[-45.93018010980422,-23.162396674383725],[-45.930211439541374,-23.162396841335003],[-45.93023619178026,-23.162396344327803],[-45.93030575288635,-23.162394947552187],[-45.930408770261145,-23.162391656480327],[-45.930568203639424,-23.16239320039127],[-45.93058257660098,-23.162393339565046],[-45.930597322088694,-23.162392659694312],[-45.9307160426952,-23.162387185774225],[-45.9308694682663,-23.162396874249584],[-45.93105968228015,-23.162392371958017],[-45.93113178311127,-23.162378938716227],[-45.931209487465054,-23.16236446143324],[-45.931300618128446,-23.162351548255646],[-45.93143055103415,-23.162357397766943],[-45.93177103699983,-23.162094322811466],[-45.93188393242874,-23.162019354213683],[-45.93195313952559,-23.16197503814097],[-45.93202596818724,-23.161907767269017],[-45.93210175683752,-23.16183109190036],[-45.932113662726714,-23.16181904670262],[-45.93222957001924,-23.161740356747373],[-45.93233514848699,-23.161665431137898],[-45.93242988761096,-23.16161082936175],[-45.932541307309215,-23.16153728713527],[-45.93279922029182,-23.16143459691287],[-45.9331451766596,-23.161383980606576],[-45.93331570944033,-23.16132227242005],[-45.93370926395902,-23.161182349257878],[-45.93399845621324,-23.161164448795972],[-45.93415662615172,-23.161216115791397],[-45.93431456269077,-23.161252823467066],[-45.93441128397676,-23.161275303379433],[-45.93454258688408,-23.16124619879353],[-45.93467833181087,-23.16122516079843],[-45.934909862165675,-23.161110475093988],[-45.935067077200394,-23.161024564913607],[-45.93531593174297,-23.16094438805255],[-45.9353861075467,-23.160885079963403],[-45.93550205696966,-23.160753106234687],[-45.93551242507418,-23.16074087707455],[-45.9355557109068,-23.16068982145441],[-45.93569610043791,-23.160537639467773],[-45.93574714924397,-23.16048230253434],[-45.93582410334024,-23.16042830276025],[-45.93586929534446,-23.16039659085194],[-45.93609253937866,-23.160350752661113],[-45.93616192692013,-23.160353008564858],[-45.936197770190674,-23.160354173870708],[-45.93622072975587,-23.160355449863875],[-45.93626354756148,-23.1603578294704],[-45.9363995444518,-23.160373207258754],[-45.93651800760138,-23.160388689164762],[-45.93659172806689,-23.160391831602173],[-45.93660131877056,-23.160392240414623],[-45.93666465185742,-23.1603987157727],[-45.93671561367812,-23.160403926234988],[-45.936848434700416,-23.160445814604653],[-45.93695790196345,-23.160481076505274],[-45.93710280274644,-23.160526596101676],[-45.93717225020356,-23.160546668524137],[-45.937299654365084,-23.16058638482327],[-45.937484176922325,-23.160645984730316],[-45.93759572588553,-23.160684107821993],[-45.93791479308888,-23.16079315199982],[-45.93857404541794,-23.161040128158678],[-45.93867570503751,-23.16109357902593],[-45.93885563086401,-23.161188180633253],[-45.93904043706141,-23.16128825124281],[-45.93915813650199,-23.16136103660787],[-45.939273769732296,-23.161432544057742],[-45.939314949427114,-23.161449021465888],[-45.93942323618764,-23.161492350625444],[-45.93959011405158,-23.161535876159036],[-45.93973937334656,-23.16156735800467],[-45.9398187690454,-23.161583773160064],[-45.939910580812466,-23.161602755289152],[-45.93994098213528,-23.16160657929681],[-45.94000272106614,-23.161614345051046],[-45.94007499396225,-23.16162343681092],[-45.94009485161576,-23.161625934847493],[-45.94030087282504,-23.161624705224096],[-45.94031114513171,-23.16162490014744],[-45.940463092319774,-23.16162778334395],[-45.94063785963821,-23.161622804155165],[-45.94064277950139,-23.16162266398305],[-45.94064681075403,-23.161624269251455],[-45.94082301351393,-23.161694434076388],[-45.94101197664067,-23.161754409680146],[-45.94115210255741,-23.161776072313696],[-45.941301456321625,-23.16178464589941],[-45.94139783153323,-23.16177597694028],[-45.94151607005418,-23.16175908420844],[-45.94168685374747,-23.161733784245065],[-45.94169174925346,-23.161733432032392],[-45.94193221563116,-23.16171613121779],[-45.94195898463568,-23.16171420520064],[-45.94211623209866,-23.161702891214116],[-45.94225988822429,-23.161705527548143],[-45.94225988823086,-23.16170552755213],[-45.942259888238645,-23.161705527552275],[-45.94228742767065,-23.161722237942886],[-45.94231663617907,-23.161739961081683],[-45.942392458785555,-23.16173722059138],[-45.942637009208354,-23.161728381427782],[-45.94300798794439,-23.161673411791977],[-45.94340781546002,-23.161657830492338],[-45.943726980748764,-23.161682293367747],[-45.94412185641094,-23.161640374330197],[-45.944330811413344,-23.161564396739912],[-45.94433081142536,-23.161564396738363],[-45.94433081143716,-23.161564396734065],[-45.944387180725606,-23.16155711385137],[-45.94461621592897,-23.16152752239656],[-45.94484016077893,-23.16155255397619],[-45.945045333535354,-23.161610829943022],[-45.94509777396723,-23.161625724733028],[-45.94536739802353,-23.16168259267949],[-45.945419541318756,-23.16169359043998],[-45.94547793764302,-23.161688981748565],[-45.94553565822573,-23.161684426347332],[-45.94576121248696,-23.161666625023006],[-45.9458637275551,-23.1616559745094],[-45.945962831703966,-23.161607534751806],[-45.94614378247977,-23.161580723744354],[-45.94620559961306,-23.161583917771416],[-45.94636679258631,-23.161592246292685],[-45.94656899896641,-23.16161675567574],[-45.946799109501384,-23.16164752817439],[-45.94688083888083,-23.161665868767148],[-45.94688284130866,-23.161666318123878],[-45.94689652260175,-23.161668091451922],[-45.947014024228906,-23.16168332160152],[-45.947109206610264,-23.161691862290542],[-45.94733939630034,-23.161693540172564],[-45.94748848836706,-23.16169264352839],[-45.947673612319356,-23.16170776121914],[-45.94769490894953,-23.161712361962294],[-45.94775776267172,-23.161708885686448],[-45.947785299524256,-23.161707362680787],[-45.94783124271701,-23.161713438760575],[-45.947914316336295,-23.161724425369847],[-45.94802044752531,-23.16172705187418],[-45.94812335202863,-23.16172959844901],[-45.948172777880536,-23.16173357804968],[-45.94831323347844,-23.16174488694691],[-45.94833568948071,-23.16174237240988],[-45.94846108390487,-23.16174161747006],[-45.94851613020188,-23.161748295631494],[-45.94866824911689,-23.161753417547565],[-45.94879471148714,-23.161757675476668],[-45.9489164157951,-23.161769717127157],[-45.948928693380516,-23.161770931888146],[-45.94895936432618,-23.16177338857752],[-45.949110658221,-23.16178550686206],[-45.94920736593747,-23.161797612809735],[-45.94924840965802,-23.161802750674365],[-45.94929238157337,-23.161812629349534],[-45.94939469175842,-23.161835614167313],[-45.949423060252926,-23.161846210608054],[-45.94949842427602,-23.161874361157327],[-45.94963529251337,-23.16193950446587],[-45.949642177699154,-23.16194278151345],[-45.949646564237355,-23.161944869310158],[-45.949769594658925,-23.161983375384715],[-45.949814198887914,-23.161997335590776],[-45.94981811835604,-23.161998562292567],[-45.94999181223983,-23.162099713267356],[-45.950156865980325,-23.162177689769827],[-45.95015764254772,-23.162178178717813],[-45.95016758211407,-23.162182874466897],[-45.95031590523179,-23.162276259056025],[-45.9505700905229,-23.162386835158806],[-45.95073674465704,-23.162450600840113],[-45.95091117791037,-23.162500978520573],[-45.951015756244765,-23.162519631370497],[-45.951175952068255,-23.162525086194144],[-45.95132918323302,-23.16253059197809],[-45.95160742232128,-23.16249299854764],[-45.951777730345654,-23.16248071523294],[-45.951944801724025,-23.162440342487088],[-45.95198278376863,-23.162430063935833],[-45.95274573139258,-23.162055923145783],[-45.95294631009231,-23.16205421998737],[-45.953162953017696,-23.161889541806534],[-45.95334303159134,-23.161753462839467],[-45.95340033970842,-23.161695118274796],[-45.953400339861666,-23.161695118118786],[-45.953433370606355,-23.161650083934518],[-45.95347162727478,-23.16163485231617],[-45.95347162751365,-23.16163485220031],[-45.953580435931656,-23.16158208125044],[-45.95372632061057,-23.161558698386397],[-45.953792820091124,-23.161558071387503],[-45.95386831869001,-23.161550206156697],[-45.9539377065284,-23.16154297748832],[-45.954069465961844,-23.161548610588625],[-45.95419535616685,-23.16156137861791],[-45.95427566223466,-23.161580503940982],[-45.954288279272404,-23.161580874917973],[-45.954374329810236,-23.16158762472221],[-45.95459614413791,-23.16165775414752],[-45.954715057311134,-23.161693587632247],[-45.95490110120227,-23.16175433197684],[-45.95505062016127,-23.161817799484528],[-45.955248974154905,-23.16185945556484],[-45.95535733414038,-23.161864506897697],[-45.95552122043546,-23.161846369423237],[-45.9557747960583,-23.161819124905342],[-45.95602558896235,-23.1618347465821],[-45.95619874434838,-23.16181368887285],[-45.95640596218908,-23.161795296478683],[-45.95661322040657,-23.16178260300888],[-45.95674930773353,-23.16177035057075],[-45.9568916391377,-23.161766631798457],[-45.956962810112515,-23.161766199492135],[-45.95704952453152,-23.16177424443263],[-45.95713944755011,-23.161799413321557],[-45.95725123941749,-23.161853009728915],[-45.95725160126992,-23.161853233657407],[-45.95726194655485,-23.161858193491604],[-45.9573369466986,-23.161904605864322],[-45.95741898314776,-23.16194056200706],[-45.957423815303336,-23.161943170712952],[-45.957423815540146,-23.161943170840793],[-45.957429690094266,-23.161945745623463],[-45.95752033613847,-23.161994682517083],[-45.957614494935235,-23.16201651027443],[-45.95775073507732,-23.162027107994316],[-45.957843419269054,-23.162003692529705],[-45.95796997320928,-23.161957210024397],[-45.95808111521197,-23.16191939286595],[-45.958260199115024,-23.161861164674114],[-45.95838679345105,-23.161820399088374],[-45.95857508392983,-23.16179441437104],[-45.95877062825968,-23.161832343664102],[-45.95886684631282,-23.16187175345072],[-45.958869190380724,-23.161873512310386],[-45.95886975226586,-23.16187374245176],[-45.95887755140656,-23.161876936872147],[-45.95890407902149,-23.161896841462546],[-45.958930437839136,-23.161916619377962],[-45.95898349671025,-23.161979143692722],[-45.959030321955694,-23.16203599747329],[-45.959095940399735,-23.16212416950582],[-45.95914166758711,-23.162187977062686],[-45.95914282679295,-23.162189594612876],[-45.95914552232407,-23.162193274186567],[-45.95917407758796,-23.162232253941607],[-45.95925208230358,-23.16232035048054],[-45.959258961850466,-23.162325875724243],[-45.9592640156235,-23.162329934599686],[-45.95929531154879,-23.162355069614765],[-45.9592958464266,-23.162355329117375],[-45.95938691597275,-23.162399511075186],[-45.95947226473277,-23.162421481850934],[-45.95956056103165,-23.16242938027697],[-45.959709032232645,-23.16242442099722],[-45.95975106262476,-23.16242301706213],[-45.959819126634386,-23.162419739074398],[-45.95999240405177,-23.162415828955258],[-45.96008223577581,-23.162426707425524],[-45.96024332019083,-23.162448586494992],[-45.96037349967978,-23.162476362317147],[-45.96043078774359,-23.162480968656823],[-45.96047259092079,-23.162484329890866],[-45.96049171213978,-23.16248784271144],[-45.96057794693115,-23.16250368512778],[-45.96069568904221,-23.162522964783808],[-45.960750736876975,-23.162532780916905],[-45.96078864845152,-23.162539541290506],[-45.96088786205913,-23.16256465130092],[-45.96099957429366,-23.16260681941851],[-45.96106631353311,-23.16262890191124],[-45.96112675952407,-23.162648902072398],[-45.96117114792211,-23.162664977504562],[-45.96125086860313,-23.162693848605034],[-45.96131543001911,-23.1627059071532],[-45.961400019804586,-23.162721706470567],[-45.961572956777026,-23.162726169677036],[-45.96178852228598,-23.162738582853827],[-45.96190213630161,-23.162788556408387],[-45.96190213633076,-23.162788556432066],[-45.96191156403863,-23.162792703240253],[-45.96205439010458,-23.162908737040773],[-45.962112754484906,-23.163021754947277],[-45.962162744817086,-23.163191863426942],[-45.96219671318588,-23.16326196394378],[-45.96225847368349,-23.16338813927336],[-45.962335604287766,-23.16353672031711],[-45.96240642834381,-23.1636544039668],[-45.9624833381756,-23.163772050393302],[-45.96255123616053,-23.16387940074683],[-45.96261488923667,-23.16398736411265],[-45.96266990252347,-23.16406056045346],[-45.96274599907253,-23.164149100365837],[-45.962805175408015,-23.164218396321157],[-45.96287048511805,-23.164306613709055],[-45.962995250592066,-23.164418466593542],[-45.96305443694433,-23.16448776238483],[-45.96319300025677,-23.164598808148774],[-45.96334593732274,-23.164710362009785],[-45.963493791627634,-23.164817367393095],[-45.96364458522152,-23.164944659415752],[-45.963787853680444,-23.165048269294118],[-45.96397746052549,-23.165182549374805],[-45.96406173622914,-23.165243959497126],[-45.9642218330377,-23.165355197664606],[-45.96429356469675,-23.16542055030013],[-45.96439039729008,-23.16552338709286],[-45.96450518972049,-23.165667771124333],[-45.96456673194127,-23.165763010898544],[-45.964664960227616,-23.16588333465401],[-45.96479037179593,-23.165988145842007],[-45.964880940896656,-23.166075647582684],[-45.96504768262325,-23.16621283929619],[-45.96515086217707,-23.166301492005413],[-45.9652373996925,-23.16636072886054],[-45.96530852016128,-23.166410178746936],[-45.965357438879686,-23.166462763424494],[-45.9654167285169,-23.16654753006091],[-45.96547219810972,-23.166682639394438],[-45.965526443152946,-23.166773660204996],[-45.96560934225005,-23.166931660953324],[-45.965705381433125,-23.16702164867054],[-45.965793027969816,-23.16708150162871],[-45.96587637279678,-23.16712743419834],[-45.96587637285413,-23.167127434218912],[-45.96601745674798,-23.16717803409495],[-45.96602693975474,-23.16718277371909],[-45.96602693983541,-23.167182773759414],[-45.96602815405309,-23.16718320923877],[-45.966192275143165,-23.167265237019503],[-45.96632941641038,-23.167332144713896],[-45.966493017018834,-23.16736130994515],[-45.96659936286234,-23.167368199360652],[-45.96677909661122,-23.167346972082246],[-45.96698335905513,-23.16732558497675],[-45.96710616589112,-23.167347475134736],[-45.96728095469194,-23.167396721100328],[-45.967286065087315,-23.167400322067206],[-45.967291650472575,-23.167401895720538],[-45.9673912414166,-23.16747207064814],[-45.967414967739145,-23.167494830978953],[-45.96752704818931,-23.16766080760303],[-45.96763229504503,-23.167839634007432],[-45.967709947445975,-23.167960398262757],[-45.96777900037062,-23.168025719653816],[-45.967779000392014,-23.16802571966147],[-45.967990843860605,-23.16810141895394],[-45.96811484769246,-23.16813885466447],[-45.968237854507386,-23.16818842688279],[-45.96824556569181,-23.16819239787317],[-45.96824556576179,-23.168192397909205],[-45.96824854923307,-23.168193600257013],[-45.968330620009546,-23.16823586389017],[-45.968446083882704,-23.168373538682058],[-45.968589616891585,-23.16862425231956],[-45.96879838031722,-23.16884940943921],[-45.96895734388318,-23.168985298786573],[-45.969145477607896,-23.169125163342347],[-45.96929886988702,-23.169252415545092],[-45.96941053870609,-23.169360694539233],[-45.969591922321676,-23.16952624293152],[-45.96967626933874,-23.169641581616588],[-45.96980234770649,-23.16973893276193],[-45.96994190856591,-23.16981606764709],[-45.97010332777375,-23.169900618804444],[-45.97030324831872,-23.170032731785383],[-45.97039124334265,-23.170140379111032],[-45.97046602826794,-23.17030597806623],[-45.9705208193501,-23.170514070956813],[-45.97062602637853,-23.170686500466278],[-45.97072392797788,-23.17080768020658],[-45.97084262757926,-23.17092874069528],[-45.97110947132229,-23.171089524147927],[-45.97128241196478,-23.171259548350786],[-45.97151865689759,-23.171514718157574],[-45.97164775441947,-23.17165230626622],[-45.9717962576403,-23.17183505366381],[-45.971972016475576,-23.172017641710706],[-45.97207931081418,-23.172155364005704],[-45.972159568176515,-23.172323439237296],[-45.972223963233844,-23.17255954462805],[-45.97229087096453,-23.17281076364373],[-45.972354171560596,-23.172938568859983],[-45.97248130861083,-23.173093862668864],[-45.97266863447538,-23.173227870979353],[-45.97266863451425,-23.17322787099167],[-45.972818125252545,-23.1732752540426],[-45.9729628336043,-23.17330958616598],[-45.972965316839826,-23.173312804924187],[-45.972973523558956,-23.173314751967023],[-45.9730643211882,-23.17343244234965],[-45.97314170955302,-23.173580410667455],[-45.973244865004226,-23.173899301285026],[-45.97336794503718,-23.17415662162097],[-45.97353604388774,-23.17439916659858],[-45.97373276612199,-23.174653610607123],[-45.973911001951265,-23.174800945773075],[-45.97407524621979,-23.17489805714658],[-45.974228897990656,-23.17503800200738],[-45.97434572162874,-23.17536184721869],[-45.97444850735743,-23.175630419990995],[-45.97450096752699,-23.175723191628514],[-45.97464179653428,-23.175873033546313],[-45.974755738909934,-23.17597025919757],[-45.97510383697322,-23.176131886600086],[-45.97525418241733,-23.17619133668211],[-45.97525682139848,-23.1761933156272],[-45.9752568214353,-23.176193315654807],[-45.975264870141004,-23.17619649829416],[-45.97540464141678,-23.17630131080831],[-45.975536199576545,-23.176401134035128],[-45.975831987245684,-23.176595546642474],[-45.97591144937805,-23.17665292430254],[-45.97611678214014,-23.17677745380789],[-45.976328041018796,-23.176967358444177],[-45.976415826415334,-23.177044808260508],[-45.9766189092868,-23.17723476318086],[-45.976789121011244,-23.177402286731116],[-45.976983607975335,-23.177534424323824],[-45.97714269992771,-23.177622157311887],[-45.977142700001785,-23.17762215733359],[-45.97724912372421,-23.177653353180332],[-45.977404411395604,-23.17764232723352],[-45.977429397141464,-23.17764491950753],[-45.97754576220255,-23.177624031222702],[-45.97764452018535,-23.177601053468337],[-45.97767909840102,-23.17759300822716],[-45.97771195262535,-23.177586520200123],[-45.977836965087086,-23.177561832749294],[-45.97787210459119,-23.177575094437877],[-45.97789014285941,-23.17758190209267],[-45.9778937459636,-23.177583261889154],[-45.97789374599205,-23.177583261917057],[-45.977902562873005,-23.177586589412687],[-45.97797394094527,-23.177656589197316],[-45.978015958958395,-23.177812325554434],[-45.978027611148356,-23.177915411404292],[-45.97804751337739,-23.1780285080159],[-45.97808991557224,-23.178237072044777],[-45.978150647588336,-23.178342363950353],[-45.978252374070586,-23.178462503166486],[-45.97841183304621,-23.17865020664268],[-45.97851626738616,-23.17876781785546],[-45.97864569010928,-23.17894816575589],[-45.97874536888043,-23.179161404505273],[-45.978804089927884,-23.179364835814248],[-45.97890064098063,-23.17952274379238],[-45.97899929557333,-23.179595093466535],[-45.97918537287349,-23.179694574400425],[-45.97931953461548,-23.179776765025665],[-45.97949205736435,-23.179886400939463],[-45.97961500545842,-23.179925893014023],[-45.97972961175042,-23.17994279286782],[-45.97999932463135,-23.179923501124946],[-45.98020087738199,-23.17990211329734],[-45.98034517276781,-23.179878570786176],[-45.98052062410909,-23.179868427746047],[-45.980721713410894,-23.1798799920529],[-45.980968555064635,-23.179895588471748],[-45.98116853433317,-23.17990363651686],[-45.98136216670835,-23.179917522621107],[-45.981684089018685,-23.179955772613326],[-45.98182324492772,-23.17997503786708],[-45.9819297295068,-23.179999528747498],[-45.982023063210484,-23.180089522676674],[-45.98206193872365,-23.180187407288873],[-45.9820629118888,-23.180320745344048],[-45.9819820175152,-23.180505527324236],[-45.98185024562503,-23.18068689624048],[-45.981680546773845,-23.180964713823933],[-45.98157753954029,-23.181116999729795],[-45.98152738495619,-23.18126759216902],[-45.98150364288416,-23.181375929312622],[-45.98152618256317,-23.181476426876323],[-45.981631043956334,-23.181651894212283],[-45.98180141428728,-23.181839525902806],[-45.981900255751356,-23.18193703651769],[-45.98201801205479,-23.182011785053042],[-45.98214099950192,-23.182056305823714],[-45.982356569303285,-23.18208766675971],[-45.98262111008869,-23.182106139710285],[-45.98277104252882,-23.18210772377147],[-45.98295340773103,-23.182071359132458],[-45.983037677461745,-23.182044208918473],[-45.983037677836265,-23.18204420878257],[-45.983068170924085,-23.182033143574746],[-45.98313070069636,-23.18198924377047],[-45.98316253352556,-23.181966895113963],[-45.983281821119206,-23.18187809402461],[-45.983295508447064,-23.18185929222081],[-45.983362783146966,-23.18176687921445],[-45.98349196172482,-23.18153963209569],[-45.983535142110775,-23.181475572438178],[-45.98355667963003,-23.181443620709302],[-45.983653976808455,-23.181309616991676],[-45.98369431062943,-23.181254066647966],[-45.98370593497547,-23.181233709134556],[-45.98373540616295,-23.18118209679716],[-45.98373540620551,-23.18118209674965],[-45.98377505125643,-23.18111266704413],[-45.98389918191018,-23.180940801177456],[-45.983971910689014,-23.18082209554748],[-45.98405206002553,-23.18068613623488],[-45.98405206011778,-23.180686136018302],[-45.98408777600924,-23.180602283256896],[-45.984125721902544,-23.180566554529555],[-45.98419282186849,-23.180465952384086],[-45.984301388763505,-23.180402372575777],[-45.984505206850784,-23.180318073089527],[-45.984646610396986,-23.18027190071749],[-45.98492658108793,-23.18016448033575],[-45.985116696330714,-23.180070194759413],[-45.98528266722914,-23.180028899087837],[-45.985391638617735,-23.1800206750781],[-45.98556609956986,-23.180022093976532],[-45.985566099578506,-23.180022093979865],[-45.98556609957855,-23.180022093979865],[-45.98567543952078,-23.180064186471515],[-45.98568610192757,-23.180069364555425],[-45.98579306703717,-23.180121310932854],[-45.98592865493021,-23.180240448894438],[-45.98594944398566,-23.180258715725568],[-45.98614908165071,-23.180348041326326],[-45.986269943258826,-23.18039023043096],[-45.98646061969514,-23.180456789493057],[-45.98680188237793,-23.18053013377548],[-45.98698470551999,-23.18055666267322],[-45.98698470553551,-23.180556662682196],[-45.986984705541545,-23.18055666268308],[-45.98704120542403,-23.180589356577915],[-45.98713526368458,-23.180643783699995],[-45.987135263693,-23.180643783709222],[-45.987135263694206,-23.18064378370992],[-45.987230701079014,-23.180748330356163],[-45.98727092865781,-23.180802971710673],[-45.987308522179625,-23.18085403514854],[-45.98733510917023,-23.180893516845792],[-45.9873911973103,-23.18097680765362],[-45.987515551799575,-23.181207498592638],[-45.98762633362417,-23.18144581654276],[-45.98770586797639,-23.1815483374929],[-45.98779144519272,-23.18165864753389],[-45.987850737406355,-23.181730595722723],[-45.987906958907466,-23.181798817636643],[-45.988035916592175,-23.181913739239498],[-45.98820551991093,-23.181995708635213],[-45.988339499476574,-23.18203706442986],[-45.98839780931779,-23.182055063018225],[-45.988506086575626,-23.182094459476783],[-45.98860472950558,-23.182164282966948],[-45.98860472951539,-23.182164282976014],[-45.98860472951581,-23.182164282976316],[-45.98860792994924,-23.182167243509635],[-45.98877763233252,-23.182324224941702],[-45.98889301821762,-23.18244678207114],[-45.98893778699825,-23.18249546411268],[-45.98899193905805,-23.18255434955347],[-45.98907993315404,-23.182685248879455],[-45.98908288636751,-23.182689642050725],[-45.98908429549963,-23.18269189795089],[-45.98914081081236,-23.182782374029337],[-45.989253979869844,-23.182959357800872],[-45.98925938560388,-23.18296781174955],[-45.98927772418742,-23.182987763914472],[-45.98937204674843,-23.183090385605837],[-45.98943669345402,-23.183133802626763],[-45.989487100763995,-23.18316765635282],[-45.98956840023273,-23.183201300597293],[-45.98973864489567,-23.183271752907782],[-45.98986419495583,-23.18329360744014],[-45.989986852707354,-23.183292836083268],[-45.99011733581353,-23.183244207443682],[-45.990176318044085,-23.183174185013865],[-45.99019952707515,-23.1831466317104],[-45.99022812766627,-23.183112677664138],[-45.99030062960342,-23.182963775698916],[-45.99034315276135,-23.182881912061013],[-45.990354384783835,-23.18286028865669],[-45.99037439114322,-23.18282693025211],[-45.99040285504964,-23.18277946977186],[-45.99051145769751,-23.182720916486353],[-45.99060971308959,-23.182727650799908],[-45.99061236477734,-23.18272783254213],[-45.99074334731611,-23.182747132186766],[-45.99080352538318,-23.182763909682457],[-45.99085806823134,-23.18277911606439],[-45.99088194108534,-23.18278968126671],[-45.99097019330705,-23.18282873823423],[-45.99109123685298,-23.1829789330044],[-45.99113538586609,-23.183051617944603],[-45.991257708883445,-23.18337541432149],[-45.9913102948585,-23.183483272035723],[-45.99142644415558,-23.18370898024108],[-45.991498036346,-23.18380664716047],[-45.991555703320685,-23.183864153845395],[-45.99161042205628,-23.183891484111253],[-45.991684220986876,-23.183918694153267],[-45.99177426312325,-23.18393070885142],[-45.99189154408838,-23.18394003184869],[-45.99198147496964,-23.183936954161425],[-45.992104077547154,-23.183928630486196],[-45.99227835782243,-23.18390488799379],[-45.99232805079572,-23.183893088591976],[-45.99241985496308,-23.18387129000771],[-45.992553063374054,-23.183822642185252],[-45.992770769563776,-23.183773470385827],[-45.992928565089976,-23.183732218166863],[-45.993173491110575,-23.183677834108543],[-45.99334762227365,-23.18363396742994],[-45.99370407004739,-23.183548683780174],[-45.993878145068145,-23.183497265894],[-45.9939516653787,-23.183486739686124],[-45.99408533759805,-23.183500988554947],[-45.9941836393446,-23.183534614542957],[-45.99418644986647,-23.183535575934226],[-45.994186449868316,-23.18353557593506],[-45.99418644987123,-23.183535575936062],[-45.994356021508544,-23.183612498688497],[-45.99447111592914,-23.183694805470953],[-45.99459173629745,-23.183787130180107],[-45.99469930293291,-23.183859558773822],[-45.99472871129882,-23.183879360484337],[-45.994757846198276,-23.183898891725907],[-45.99483281011865,-23.18394914543334],[-45.99489734102489,-23.183966138323896],[-45.9949447886485,-23.18397863265275],[-45.99504141796922,-23.18397961694814],[-45.99509744856766,-23.183980187663245],[-45.99526831654727,-23.183937980481794],[-45.99529607373747,-23.18393112398154],[-45.995459450366745,-23.18390744692427],[-45.99548134564822,-23.183906297427157],[-45.995519898357415,-23.18390427340888],[-45.99573193078273,-23.183893141538217],[-45.995846281310314,-23.18387480517785],[-45.995927955198624,-23.183858805380016],[-45.9959753543367,-23.183842525664712],[-45.99599343077499,-23.18383748534232],[-45.99601246948754,-23.18382981115888],[-45.996121644452835,-23.183785804487158],[-45.9962376692689,-23.183721371986366],[-45.99623766927438,-23.183721371983324],[-45.99631471494718,-23.18366177477323],[-45.99643539714497,-23.18356842318304],[-45.99660928662159,-23.183474967203246],[-45.99660931721616,-23.183474965348005],[-45.996669362762184,-23.183471324202166],[-45.996794561421936,-23.18346373209646],[-45.99690126601968,-23.18348811751301],[-45.99693381577946,-23.183495556154252],[-45.99695938877478,-23.183497475338296],[-45.99711927699605,-23.18350947440195],[-45.99726099613874,-23.18350606565118],[-45.99742175021483,-23.18349175347289],[-45.99744350789927,-23.18348981633793],[-45.99752690572707,-23.183500647839136],[-45.99768361424086,-23.18352100061595],[-45.997721904386324,-23.183529750915508],[-45.99782286885056,-23.183552823871086],[-45.99801144788421,-23.183619560185985],[-45.9981614802419,-23.18368818742215],[-45.99817691883894,-23.18369524927434],[-45.998176918838794,-23.183695249274695],[-45.99817691885302,-23.183695249281207],[-45.998171357609834,-23.183709323858224],[-45.998176626094775,-23.183711415620827],[-45.998164980589515,-23.183725463027113],[-45.998155239200905,-23.18375011684031],[-45.99815150529323,-23.18375956674891],[-45.99809204317384,-23.183827875603228],[-45.998088659733114,-23.183831675968896],[-45.99802445980978,-23.183903786920272],[-45.997955088322314,-23.18397050172624],[-45.99794246999141,-23.18398594659437],[-45.99788607784464,-23.184054668438982],[-45.997784033990946,-23.18419716229861],[-45.99774838630413,-23.184231570332326],[-45.99769361955438,-23.184284432518872],[-45.99766321336122,-23.184313781272817],[-45.997584791242204,-23.184389476031274],[-45.99751767493168,-23.184544263124934],[-45.99749125621807,-23.184664144448607],[-45.99749568002403,-23.18479958260708],[-45.99749760069985,-23.18482074004574],[-45.997510542975704,-23.184963306980567],[-45.99752492516636,-23.185060872896322],[-45.997591308675794,-23.185268366336295],[-45.99760172201069,-23.185282018661468],[-45.99761171500816,-23.18529511988988],[-45.99765858302962,-23.185356565792212],[-45.99765858302679,-23.185356565809798],[-45.99770848889876,-23.18542199438765],[-45.99784879507673,-23.18547150512258],[-45.99806081916968,-23.185526865526185],[-45.998211527963186,-23.18559836680223],[-45.99826999483542,-23.185657852939855],[-45.998380754291425,-23.185865073572945],[-45.99843377174509,-23.186110460499044],[-45.99863342569031,-23.186429238526816],[-45.99827172997748,-23.1868018884368],[-45.99862889100001,-23.18746917300001],[-45.99921453899998,-23.187996818999988],[-46.000017220000025,-23.18830465399998],[-46.000304613000026,-23.188463587],[-46.00047740000002,-23.188582804000028],[-46.000565219,-23.18864469300001],[-46.00065513599998,-23.18875269199998],[-46.00071382300001,-23.189778149],[-46.000785957,-23.18995092400002],[-46.00092741499998,-23.19007327100002],[-46.001091428999985,-23.19013723900002],[-46.00120103900002,-23.190128991999984],[-46.001466054,-23.190012014999976],[-46.001839835,-23.18977113199998],[-46.002026339999986,-23.189726124],[-46.002174771,-23.18973293200003],[-46.002458423,-23.189991186],[-46.002539217,-23.190388158000015],[-46.002603798,-23.19054635999998],[-46.002714301000026,-23.190705271],[-46.002848922,-23.190827510000016],[-46.003335042,-23.19107714],[-46.003847561999976,-23.191217854],[-46.004314436000016,-23.19139671300002],[-46.00476159200002,-23.191639413000015],[-46.00493640600001,-23.191809250999988],[-46.00505648799998,-23.191979149000023],[-46.00521404099999,-23.192510114000015],[-46.00525489900002,-23.192791726999978],[-46.005359414,-23.19317460600001],[-46.00546993799998,-23.193332612],[-46.00558832899998,-23.193433819],[-46.005917346,-23.19356176000002],[-46.007124326999985,-23.19383603199997],[-46.00798627,-23.194112213999972],[-46.008331252,-23.19427653499997],[-46.008716005,-23.19456614900003],[-46.008750727,-23.194700398],[-46.008726433,-23.194801214],[-46.00850833200002,-23.194918020999975],[-46.00772810799998,-23.195096649],[-46.007096532,-23.195324541999984],[-46.006668597999976,-23.195587191000016],[-46.006374511,-23.196015429999978],[-46.00630562600003,-23.1962041],[-46.006322613,-23.196400417],[-46.00701423100003,-23.196908885000024],[-46.007369367000024,-23.19726942],[-46.00743360000001,-23.19755590800003],[-46.00738297700002,-23.19803307],[-46.00726144700002,-23.198539858999986],[-46.00716486800002,-23.199234956],[-46.00726216200002,-23.199639405000024],[-46.007387742,-23.19977595699999],[-46.00771742900003,-23.199976183],[-46.008093186,-23.200060569000012],[-46.008280747000015,-23.200066166],[-46.00903251699998,-23.20000364700002],[-46.00959648999998,-23.200165912999967],[-46.00978364399998,-23.200194088999968],[-46.01012772500002,-23.200192152],[-46.01050263299999,-23.200160874],[-46.011252461000026,-23.199988992999984],[-46.01184323899997,-23.199747807999973],[-46.01197945000001,-23.199728218000015],[-46.012066807,-23.199762084999968],[-46.012999637000014,-23.199414119999968],[-46.013561622,-23.199251991999972],[-46.013717569,-23.199221862],[-46.01387371499999,-23.199235101],[-46.014187295,-23.199298640999974],[-46.015348287,-23.199797111],[-46.015505281,-23.19981758900002],[-46.01581776400002,-23.199779015999983],[-46.016704447,-23.19922432800001],[-46.01732697800003,-23.19890139400002],[-46.018576775999975,-23.198481459999975],[-46.01895120900002,-23.198312826],[-46.01917216700002,-23.19814545399998],[-46.01928597199998,-23.198012579000025],[-46.019521978544695,-23.198490979370053],[-46.019578337980874,-23.198605223001774],[-46.01964328198134,-23.19890797999548],[-46.019606281975086,-23.199227244008583],[-46.01953695498919,-23.19938700200248],[-46.01946078897907,-23.199546653989863],[-46.01903432297635,-23.20005510397683],[-46.018708396982966,-23.200352774987454],[-46.018218557974166,-23.20068858997834],[-46.01785129798769,-23.2010018890069],[-46.01775069899884,-23.20116116599886],[-46.01774357053872,-23.20123339547772],[-46.01773636497538,-23.20130640600303],[-46.01780123697508,-23.201558568001538],[-46.017855653999675,-23.201630776983848],[-46.0179753669732,-23.201768133974923],[-46.01826694898602,-23.201968656987262],[-46.01873033199969,-23.202181750999785],[-46.01935616000464,-23.20232957199404],[-46.01967778299136,-23.20243568798741],[-46.01995003600703,-23.202624166975035],[-46.02012978399147,-23.202629630976812],[-46.02120205999181,-23.202354224987356],[-46.02159983797584,-23.202192267000257],[-46.0217932220043,-23.201982005989063],[-46.02191721299213,-23.20177158599458],[-46.02207801097385,-23.201306947997168],[-46.02219446700131,-23.200753090976143],[-46.02240256498376,-23.19983020997911],[-46.02252554600387,-23.199512259983788],[-46.02283445099027,-23.19901826598372],[-46.022992222542214,-23.198888460126604],[-46.023331445,-23.19860936499998],[-46.023674458000016,-23.19844837099997],[-46.02401715399998,-23.198359649],[-46.024706703,-23.198441565999982],[-46.025050448,-23.198403454],[-46.025409771,-23.198314079999985],[-46.02552693386233,-23.198313516253453],[-46.02585940897694,-23.198311915979485],[-46.0268766639778,-23.19701108798959],[-46.02707831097265,-23.19682985798918],[-46.02730277799283,-23.196684210992167],[-46.027436100043566,-23.19659407289643],[-46.027477889987914,-23.196565819004405],[-46.027637382973886,-23.19644628497432],[-46.027783115975296,-23.196331057982285],[-46.02791629099901,-23.19620750697947],[-46.02802577398475,-23.196097146980218],[-46.02848468099154,-23.195575617000276],[-46.02859567197934,-23.195435465004618],[-46.02864350074322,-23.19537781919889],[-46.0286785790002,-23.195335540975623],[-46.02868694061594,-23.195326287783267],[-46.02868830898749,-23.195324773560504],[-46.02872045599998,-23.19528919899888],[-46.028865628983965,-23.195150471988967],[-46.0289817719794,-23.195050151008168],[-46.0294599749835,-23.19465178598693],[-46.02949697251022,-23.194620273605228],[-46.029647549,-23.194492020999977],[-46.03290897699998,-23.192410438000028],[-46.03452907454636,-23.191326587640503],[-46.034698699895195,-23.19121310583901],[-46.03484471399333,-23.19111541999758],[-46.035392323444356,-23.19068216802694],[-46.035568769809394,-23.190542568012198],[-46.035716933185164,-23.190425344459776],[-46.035997598999984,-23.190203286999974],[-46.036148156000024,-23.190090836000024],[-46.03627868799998,-23.190005185000015],[-46.03640207500001,-23.189936591],[-46.03718527900003,-23.189476889],[-46.03808876099998,-23.18912291200002],[-46.03822226699998,-23.189089707],[-46.039882815,-23.188810472],[-46.040098361,-23.188780318],[-46.040311761,-23.188760973],[-46.041376481999976,-23.18868227899998],[-46.041645526000025,-23.188666486999978],[-46.041908482,-23.188663252000026],[-46.04419172899998,-23.188870463],[-46.045103546,-23.189036978],[-46.04565249199999,-23.189109447000025],[-46.04602667400002,-23.189172037999988],[-46.04642034800003,-23.189237633999987],[-46.046646513999974,-23.189269971999973],[-46.04756975599998,-23.189398700000023],[-46.04870889900002,-23.189477387000014],[-46.048905192000014,-23.189485779],[-46.04912027300003,-23.189481806999986],[-46.049291499,-23.189470847],[-46.049685367,-23.189470482999983],[-46.05004329000002,-23.189402718],[-46.05072253399999,-23.189236815000015],[-46.051596028,-23.188918450000024],[-46.05231978799998,-23.188556254999984],[-46.05236097102859,-23.188547018408148],[-46.05246696897287,-23.188523244980317],[-46.052638717973565,-23.18842736197972],[-46.05272367100661,-23.18837624400073],[-46.0528164859988,-23.188267421998727],[-46.05304083800141,-23.187904903982513],[-46.053148075999225,-23.187643612004017],[-46.05365660199199,-23.186685476977804],[-46.0543017970001,-23.186067306003142],[-46.0545197589783,-23.18584472800414],[-46.054930063986816,-23.185300705986666],[-46.05512453199954,-23.184914242988338],[-46.05514927197955,-23.18456496898299],[-46.055077125311186,-23.184410497389674],[-46.05507154187607,-23.184398542820094],[-46.05501838098776,-23.18428472098042],[-46.05485788001799,-23.184048391783566],[-46.054730725001,-23.18386116199804],[-46.05432467899045,-23.183500864981376],[-46.05411089353439,-23.183231146887806],[-46.05410915950476,-23.183228959201692],[-46.0540369339971,-23.183137836982922],[-46.054015355537274,-23.183092336947333],[-46.053903147993665,-23.182855736989804],[-46.053918249259596,-23.182567672724208],[-46.05391842982766,-23.182564228011728],[-46.05392231498591,-23.18249011698921],[-46.05393737779883,-23.18240592012002],[-46.05393811233747,-23.182401814400087],[-46.05400581498751,-23.182023374988212],[-46.05402594299289,-23.181658672977825],[-46.05400528298501,-23.181390026983543],[-46.053941487294175,-23.181279348027086],[-46.05393893657352,-23.181274922783377],[-46.05392753198941,-23.1812551369862],[-46.053870280975886,-23.181121460998977],[-46.053666526989275,-23.180651281996926],[-46.05362622197306,-23.180498887997445],[-46.05358883098092,-23.180347441977073],[-46.05357864800593,-23.180094312983393],[-46.053608087998924,-23.17953459997827],[-46.05357287498627,-23.179370538007948],[-46.05351171797412,-23.179236801999124],[-46.05338913898623,-23.179094909978488],[-46.05327343297776,-23.17900642700362],[-46.053265042021124,-23.179002653911347],[-46.05308631200274,-23.17892228599229],[-46.05213406761939,-23.178745014618265],[-46.0518872679923,-23.1786990689823],[-46.05181675780243,-23.178671814195244],[-46.05177630179563,-23.178656176438313],[-46.051690233989895,-23.17862290799835],[-46.051563526995984,-23.17854871297917],[-46.051411560974984,-23.17841089200725],[-46.0513602076342,-23.17835186871675],[-46.05135834013291,-23.178349722302887],[-46.051331108991086,-23.178318423975554],[-46.051318323471875,-23.178297266811672],[-46.051269395000325,-23.178216300992563],[-46.05125326082391,-23.178165576040676],[-46.051252704003524,-23.178163825341574],[-46.05123791997502,-23.178117344987],[-46.051220952987464,-23.177971627996662],[-46.05123481897572,-23.177850770980047],[-46.05129227899259,-23.177696240984567],[-46.051359941997035,-23.1775725839971],[-46.05150777700177,-23.177336299980478],[-46.051601815978685,-23.17715792899407],[-46.05168095784555,-23.177033106392635],[-46.05168095786825,-23.17703310637622],[-46.05169430199999,-23.177012059999978],[-46.05178115299998,-23.176908570000023],[-46.051952068,-23.176748526999972],[-46.05211470400002,-23.17661456100001],[-46.05227705200002,-23.176496852],[-46.052459661,-23.176393905],[-46.05278882800002,-23.17623715799999],[-46.053034874,-23.176138783],[-46.05363823,-23.175950038999986],[-46.05389710700001,-23.175899741],[-46.05496030699999,-23.175735105],[-46.05505475000001,-23.175699488000024],[-46.055132776,-23.175652781999986],[-46.05513371824417,-23.175653012596257],[-46.055134447010154,-23.17565158182375],[-46.05519398879298,-23.175608817335057],[-46.05519562003776,-23.17560764575048],[-46.055308957005025,-23.175526244002675],[-46.055455174867895,-23.175391183658796],[-46.05546293899903,-23.175384011996428],[-46.055471413465,-23.17537329821111],[-46.05552791000762,-23.175301872986985],[-46.05557250799131,-23.175211294986042],[-46.05576343215559,-23.17480915325927],[-46.05577296097775,-23.174789082738958],[-46.0557897129858,-23.1747537979862],[-46.05581919327913,-23.17469818137915],[-46.055835457791375,-23.174667497260902],[-46.05620114798088,-23.173977592993715],[-46.05628108700049,-23.173822496976285],[-46.05635509806874,-23.173718465777252],[-46.056413362,-23.17363656899999],[-46.05655704100002,-23.173468883],[-46.056689415,-23.173332647],[-46.056961022,-23.173114489],[-46.05751414500003,-23.17267019000002],[-46.05772758799998,-23.172536080999983],[-46.057818423000015,-23.172483241999988],[-46.057917939,-23.17243685900002],[-46.05806612600003,-23.172401148],[-46.05838667,-23.172344545],[-46.05888539900002,-23.172268945999978],[-46.059049844000015,-23.172253355],[-46.05919444699998,-23.172254631999984],[-46.059299781,-23.172266158000017],[-46.059452667000016,-23.17229647099998],[-46.06014064200002,-23.172461336000026],[-46.06088062499998,-23.172669445999986],[-46.06167861199998,-23.172968774000033],[-46.061804946999985,-23.173008622999987],[-46.061943052,-23.173045939000016],[-46.06202305099998,-23.17305346799998],[-46.06210127000003,-23.173051032],[-46.062292491,-23.17301325400001],[-46.062470925000014,-23.172924689000013],[-46.062661416000026,-23.172817332000026],[-46.063485174,-23.172319264],[-46.063644695,-23.17225029000002],[-46.06378134800002,-23.17220355799998],[-46.06385388000001,-23.172191097],[-46.06393797700002,-23.172187845],[-46.06402096900001,-23.172191805000015],[-46.064104493,-23.172221069],[-46.064226459,-23.172287052],[-46.06444076499997,-23.17243664],[-46.06463061599999,-23.17258766700002],[-46.06471521999998,-23.172666639],[-46.06480037199998,-23.172770013999976],[-46.064882926999985,-23.17285437599997],[-46.06504901400001,-23.173134243],[-46.065079894,-23.173267518999975],[-46.06512920900002,-23.173408301],[-46.065137102999984,-23.173515029999972],[-46.065135903,-23.173638789],[-46.065121953000016,-23.173987324],[-46.065096230999984,-23.174449519],[-46.06509277499998,-23.174590410999986],[-46.065103035,-23.174784814000024],[-46.065138983,-23.174963339999973],[-46.06517217499999,-23.175020759],[-46.065211182,-23.175080975],[-46.065269457,-23.17515684],[-46.065466843000024,-23.17532424199998],[-46.066163259,-23.175788260999976],[-46.06628856499998,-23.175886817],[-46.066382783,-23.175974967],[-46.066457508999974,-23.176060114],[-46.066527716,-23.17612441300003],[-46.06672955200003,-23.176372290000014],[-46.066814121,-23.17650908399997],[-46.067395593000015,-23.177341796],[-46.06776959000001,-23.17780276899999],[-46.067963544,-23.177999027999974],[-46.06893945600001,-23.178909034000018],[-46.069699995,-23.17972996999998],[-46.069955387,-23.179989488],[-46.070071057,-23.180080668000013],[-46.070263925,-23.180172104],[-46.07043489300003,-23.180230685000026],[-46.07069247200002,-23.18025442700002],[-46.07118368699997,-23.18021843000002],[-46.072423102000016,-23.179925318000013],[-46.07274275999998,-23.179864156],[-46.073186723,-23.17990333699998],[-46.073573619,-23.180020263000014],[-46.07401845099998,-23.180232923],[-46.07466884023138,-23.180723321080713],[-46.074763606640815,-23.180796015781375],[-46.0748286029976,-23.18084587399076],[-46.074888801621206,-23.180731512805373],[-46.075103034942344,-23.180324525437396],[-46.07514097498589,-23.18025244899073],[-46.07532692799872,-23.17973482998879],[-46.075402102392,-23.179123281391245],[-46.07542836100683,-23.178909665003996],[-46.07540828200435,-23.178326619976204],[-46.07526339898654,-23.177560107007178],[-46.07504908797575,-23.177019326004142],[-46.074860464861736,-23.176694745674016],[-46.07479485698347,-23.176581847985886],[-46.074097244006715,-23.175905530999106],[-46.07398682012228,-23.175764401250323],[-46.07396976742604,-23.17574260659921],[-46.07387836400425,-23.175625785983605],[-46.073754391981694,-23.175339331981714],[-46.07366737930771,-23.17504405845431],[-46.07366716924985,-23.175043345705564],[-46.0736640029744,-23.175032601001888],[-46.073672755997876,-23.174756266985703],[-46.07416345398609,-23.173689380997445],[-46.07451142799848,-23.172848032988654],[-46.07489820898632,-23.172189767981855],[-46.075749252759366,-23.171191313198797],[-46.07599468297763,-23.170903367999525],[-46.07649434397861,-23.170327198984303],[-46.076888514977995,-23.169915690978915],[-46.077052822979375,-23.169740163985896],[-46.07715859115225,-23.169659891085526],[-46.07722910297482,-23.169606375978088],[-46.077405823008284,-23.169503313986617],[-46.07741686988561,-23.169498932478678],[-46.077748257990464,-23.169367494008224],[-46.07818903098864,-23.16925211799667],[-46.07885146797578,-23.169145477979555],[-46.07919485698442,-23.169122604987606],[-46.07943899297283,-23.169131675976107],[-46.079445337974136,-23.169131935447485],[-46.07946329673958,-23.1691326698304],[-46.07964795898408,-23.16914022097508],[-46.08005779000802,-23.16922946799556],[-46.080534538985994,-23.16934772198599],[-46.08104497500868,-23.169551404978545],[-46.08187315697401,-23.17002545698728],[-46.082492542147904,-23.17044283000614],[-46.084699158976036,-23.171929717989283],[-46.08562657597731,-23.172430527007588],[-46.08646455999469,-23.17273665298156],[-46.08687424800056,-23.172834914981],[-46.08716293657897,-23.17287683938943],[-46.08742887198587,-23.17291545899658],[-46.088012929986014,-23.172933196988684],[-46.08869000099941,-23.172884555979195],[-46.0894936479937,-23.172750159988997],[-46.0906248179988,-23.172494147000208],[-46.091684771980105,-23.172118711985938],[-46.09283566097489,-23.171571152981652],[-46.09373083200189,-23.170949313978483],[-46.094194824849765,-23.170421495081786],[-46.094225187000326,-23.170386956187514],[-46.094285109006606,-23.170318790978836],[-46.09431231474411,-23.170283245630976],[-46.09434057048637,-23.170246328435976],[-46.094551080008806,-23.169971289003822],[-46.09476109397462,-23.1695822989947],[-46.09516478198358,-23.16884473199893],[-46.09587443697371,-23.167144078990763],[-46.0962913145056,-23.166418321856252],[-46.096428632000034,-23.166179258999986],[-46.09706390399998,-23.165440606999987],[-46.09773394715676,-23.164726737338167],[-46.09778568498575,-23.164671614986318],[-46.098112500976946,-23.164138892006495]],[[-45.97466758739522,-23.091127461416242],[-45.96952669949197,-23.09052745338449],[-45.96952668608237,-23.090527449559193],[-45.97466758739522,-23.091127461416242]],[[-45.97860677564858,-23.096802914754328],[-45.9787714460914,-23.09712117091278],[-45.97834978118783,-23.096398400464313],[-45.97860677564858,-23.096802914754328]],[[-45.97908557596652,-23.09912968921015],[-45.979065435762394,-23.09916972593334],[-45.97928957897026,-23.09859407448704],[-45.97908557596652,-23.09912968921015]],[[-45.982787532010256,-23.10000438125324],[-45.983250091353305,-23.100087001581457],[-45.9819780740383,-23.099859805786863],[-45.982787532010256,-23.10000438125324]],[[-45.96813434169658,-22.91877373440664],[-45.96793816774698,-22.918833622116953],[-45.96766814961238,-22.918939321943075],[-45.967489606365504,-22.918975345030823],[-45.96728047202198,-22.918960889031055],[-45.96712691444442,-22.918871661974986],[-45.96706167749148,-22.918721159381988],[-45.96702875049136,-22.91864707227712],[-45.9668943566089,-22.91833311709817],[-45.966666000513975,-22.918008721221685],[-45.96656842757374,-22.917711357101293],[-45.96653293068061,-22.91739679140174],[-45.96645264101259,-22.91695705978515],[-45.966445095816,-22.91663906389811],[-45.966374470702554,-22.91646637965516],[-45.96620072794686,-22.916481803707953],[-45.96606775895208,-22.91660840741587],[-45.96579950716894,-22.916835064661186],[-45.96558109102098,-22.916928447673676],[-45.965237775128564,-22.916795444778675],[-45.96509713456763,-22.916679538667506],[-45.96499870201918,-22.91656746263962],[-45.96442332787588,-22.91585504191738],[-45.96434758804044,-22.91563929287634],[-45.96430075507887,-22.91551644190947],[-45.964239090859856,-22.915335141571447],[-45.964189750333354,-22.915177859582737],[-45.96401969935274,-22.914937280287212],[-45.96386364988476,-22.9147405877081],[-45.96366783793732,-22.91457538444993],[-45.96339860467651,-22.914503471857675],[-45.9631927534499,-22.91446562394136],[-45.96303176090339,-22.91449082906485],[-45.96296371414444,-22.91452749853221],[-45.962882924516585,-22.914625388361856],[-45.96296810418918,-22.914716511928983],[-45.963037997808556,-22.9148206361971],[-45.96303190929902,-22.914933019102058],[-45.96301620987258,-22.915068174643867],[-45.9629822533168,-22.91517193349516],[-45.962922943919615,-22.915287706061758],[-45.962848145185646,-22.915402132120594],[-45.9627150154334,-22.915523686947243],[-45.96242467568212,-22.915560707846687],[-45.96212520059048,-22.915547233304004],[-45.96195145998267,-22.915558369516013],[-45.96170976480798,-22.91556935633573],[-45.96145416997678,-22.915574001968384],[-45.96125535706493,-22.915511383335375],[-45.96113749482945,-22.915437865611576],[-45.96113219608524,-22.915353332148012],[-45.961130527009786,-22.91519043692171],[-45.961040310925654,-22.91507213126835],[-45.9609814735313,-22.914842181559617],[-45.96087721678708,-22.91470782698437],[-45.96066774889048,-22.914518323004618],[-45.96049069385884,-22.914376128363816],[-45.960375733135244,-22.914342756027537],[-45.96027977041285,-22.914351626619936],[-45.96021022654676,-22.914443745841464],[-45.96015372164843,-22.914517343599762],[-45.96007643142844,-22.914521695096017],[-45.959937508769166,-22.91449983086684],[-45.95983472806107,-22.91445754636806],[-45.95974237282544,-22.91442921628309],[-45.95952926933221,-22.914428377494218],[-45.959287811183515,-22.91439503167374],[-45.95912489437289,-22.91432452578495],[-45.95892061071433,-22.914173752489248],[-45.95858630878873,-22.914012372723242],[-45.95770545563891,-22.913457787114815],[-45.9571472974956,-22.91313464039635],[-45.95670648799642,-22.91286517307697],[-45.9566083857872,-22.912744561659608],[-45.956552785107135,-22.912604288706376],[-45.956535324341104,-22.912471587530643],[-45.95651569398204,-22.912372534954052],[-45.95645440107999,-22.91230149804976],[-45.95636282059298,-22.912254226420547],[-45.95623330925021,-22.912245828015628],[-45.95611106598431,-22.912278865110494],[-45.95596202017969,-22.912364478767664],[-45.955824302806,-22.912462586272646],[-45.95566685677674,-22.91254685882036],[-45.9556013879839,-22.912652098409815],[-45.95561310662316,-22.91276257084984],[-45.95569751750715,-22.91282688547797],[-45.95580922660629,-22.912909231900443],[-45.95582431485264,-22.913005106754113],[-45.955776009464394,-22.913091164915933],[-45.95564721002942,-22.913119180644102],[-45.9555053430553,-22.913109332258163],[-45.95536301156797,-22.913112529433448],[-45.95524597673196,-22.913106021267573],[-45.955185199321846,-22.913037599255585],[-45.95512811545339,-22.91300038760953],[-45.95498481375916,-22.912925853467627],[-45.95491121910728,-22.912867996986325],[-45.95489607067848,-22.91280798909871],[-45.95488258738836,-22.91274525453278],[-45.954848980532425,-22.9126838883786],[-45.95480886425496,-22.912577166960773],[-45.95481279180641,-22.912473570839545],[-45.95484924440285,-22.912354900616517],[-45.9548475017601,-22.912238524729467],[-45.95482340878842,-22.912130327397136],[-45.95476758662943,-22.91204394636039],[-45.954715154427184,-22.912002848608328],[-45.95464283522309,-22.911980464025337],[-45.954566911616325,-22.911863984009667],[-45.95448626855304,-22.91175646383207],[-45.95444411680807,-22.911673837006013],[-45.95444334807181,-22.911581870298434],[-45.95452029842237,-22.911492833258134],[-45.95451463921821,-22.91139938229811],[-45.954477372745174,-22.911306673703],[-45.95442856053472,-22.911197956725395],[-45.95432712078805,-22.911144857065],[-45.95418764277928,-22.911172315102572],[-45.95402819617153,-22.91117493077004],[-45.953889461485524,-22.910971490841323],[-45.95376288549484,-22.910708809117008],[-45.953752044630185,-22.910700889987282],[-45.95365401279285,-22.91062927893006],[-45.953634936157876,-22.91062094209971],[-45.95351691959507,-22.910569366736635],[-45.953514818227255,-22.91056844839285],[-45.9533813968685,-22.910538411643138],[-45.953259322751286,-22.910544283802114],[-45.95325436804775,-22.910547963898143],[-45.95312678992642,-22.910642722186417],[-45.95296658006568,-22.910751614743315],[-45.95288923096464,-22.91080347461937],[-45.95270437822108,-22.910840786301247],[-45.952543413644676,-22.910841751553445],[-45.95253204243817,-22.910839566599225],[-45.95238778149107,-22.91081184711491],[-45.95226541992978,-22.910776612556777],[-45.95220985052276,-22.910766666465847],[-45.95219293968187,-22.910769566247737],[-45.95218282698425,-22.91077130033136],[-45.95218282687291,-22.910771300366484],[-45.95205461321363,-22.910793285796025],[-45.95200137883598,-22.910818331590182],[-45.95193289763401,-22.91085055073049],[-45.95180050714492,-22.910969554588522],[-45.95169521430584,-22.911042596835404],[-45.95167345869667,-22.911057688810217],[-45.95154966706858,-22.9111784481849],[-45.95153562756444,-22.91119214383117],[-45.95152166222948,-22.91120197120856],[-45.95152166211838,-22.911201971278143],[-45.9514472439124,-22.9112543392796],[-45.95141296227371,-22.91129327493445],[-45.95134261128573,-22.911373176552438],[-45.9512380143018,-22.91149715310569],[-45.95104763188146,-22.911653320830023],[-45.950937056394615,-22.91171565789252],[-45.950804198165244,-22.91176784906479],[-45.95071564437214,-22.91180434720274],[-45.95059346144125,-22.9117948082418],[-45.95048226671091,-22.91176977562883],[-45.950436269804044,-22.911743259651324],[-45.950376378776994,-22.911708734059594],[-45.950220292500276,-22.911647344595952],[-45.95017042789902,-22.911627732583952],[-45.95010190244106,-22.911594767640487],[-45.95009874716904,-22.911593249767545],[-45.949969927408894,-22.911531279454152],[-45.949730626518644,-22.911410579491193],[-45.94964619676193,-22.911359668331176],[-45.949618922911526,-22.9113432222021],[-45.94944058846964,-22.911241496275665],[-45.949239910112446,-22.91111934530588],[-45.94907662774296,-22.911026285033184],[-45.94906456399443,-22.911019409485316],[-45.949061596454705,-22.911017718184727],[-45.94891114445555,-22.91093629309767],[-45.948485508754956,-22.910852635460028],[-45.94832608756069,-22.91080894274542],[-45.948219065813504,-22.910739742331984],[-45.94797825967293,-22.91067135238817],[-45.94771009401212,-22.910595191710676],[-45.947557744002445,-22.910547593015462],[-45.94739533069769,-22.91048219373102],[-45.947245953364344,-22.91042127954199],[-45.94703086551703,-22.910388232537642],[-45.94693103929998,-22.91041832977787],[-45.94682774849231,-22.910497867276693],[-45.94674094088003,-22.910593258565605],[-45.94671583607422,-22.91070349301327],[-45.9466901258241,-22.910814949574956],[-45.946656604328446,-22.91087911521282],[-45.94661057072486,-22.910903993873493],[-45.946557975342834,-22.910896995521142],[-45.94646286222388,-22.91084509297338],[-45.946391381024355,-22.910760943881783],[-45.94628283538157,-22.910640983460375],[-45.946142154583995,-22.910565469861616],[-45.94602438744402,-22.910545353161613],[-45.94581438505745,-22.910543685568246],[-45.94563652942456,-22.91048742816926],[-45.945485234040724,-22.910358081726695],[-45.94545005418885,-22.910263045449476],[-45.9454411631804,-22.9101797735218],[-45.94534541482303,-22.910100761629273],[-45.94518894109478,-22.909966640788394],[-45.945035370713406,-22.909929886751996],[-45.94494228041149,-22.909873385047263],[-45.9450097524709,-22.909586192614036],[-45.94518108590762,-22.90948754806247],[-45.945313656079826,-22.909399422197207],[-45.945418584304385,-22.909326861507786],[-45.94547912064302,-22.90925457394353],[-45.94551752739775,-22.90919268824021],[-45.94554506214309,-22.909161695781872],[-45.94558362112605,-22.90912036756264],[-45.94566065799583,-22.909027423349826],[-45.94569878925517,-22.90892444052437],[-45.9457258249472,-22.908821514678365],[-45.94574755266419,-22.908754597669915],[-45.94574651914576,-22.908605600588903],[-45.9457570444101,-22.908523331460916],[-45.945801079581074,-22.90847169138978],[-45.94590042355784,-22.90839403303662],[-45.94598323112672,-22.908331882864662],[-45.94611607509018,-22.908284853486997],[-45.94633748788434,-22.908206458852174],[-45.94655898157886,-22.908138351662483],[-45.94673958988958,-22.908082591649066],[-45.9470499632346,-22.908029363894673],[-45.947376979433336,-22.907976036298567],[-45.94767614970741,-22.907907455337696],[-45.94796965504599,-22.907823497851247],[-45.94811363864628,-22.907781539964013],[-45.94840148847952,-22.907682196679705],[-45.94853430489701,-22.907630025846835],[-45.94866704969473,-22.90756757620378],[-45.94882731833673,-22.90747414250723],[-45.94899843168979,-22.90734466671969],[-45.949169873941464,-22.90720956183194],[-45.954861083434075,-22.907409071335415],[-45.954855040340945,-22.907626261921408],[-45.95490598668831,-22.907769819103876],[-45.9549845013954,-22.9078875216215],[-45.95509067289945,-22.908025390372593],[-45.955180453531334,-22.908168713951152],[-45.95522301802019,-22.908237530864927],[-45.955382297675285,-22.90846549712464],[-45.955510932437114,-22.9086085868346],[-45.95564524947782,-22.908772191586372],[-45.95572401753764,-22.90892586027436],[-45.955829415854915,-22.909140971459095],[-45.95589235172402,-22.909192015780523],[-45.95595965478684,-22.909294366437386],[-45.956109803713076,-22.909515792969135],[-45.95628575290477,-22.90973585363495],[-45.9564485421889,-22.90992014264552],[-45.956575070167155,-22.910009969428497],[-45.95683680175263,-22.910141986359857],[-45.95706491273876,-22.910227958159908],[-45.95720932850688,-22.91024763735158],[-45.9573576475401,-22.910246915227013],[-45.95756281006586,-22.910225129387165],[-45.95771776669813,-22.910167682803397],[-45.95782806930576,-22.910069387883325],[-45.957910609791085,-22.909971274212463],[-45.95795391863085,-22.90981687063453],[-45.95799153533536,-22.909641961141908],[-45.958039365615264,-22.909520490484503],[-45.95849532258156,-22.909474500799174],[-45.958584674304255,-22.90955617699219],[-45.95870149528695,-22.90959657066675],[-45.958803544682425,-22.909587084737414],[-45.9588980347761,-22.909553644572956],[-45.95899514116554,-22.909533141380702],[-45.95909344383896,-22.90955794779222],[-45.95914714163417,-22.90961787147449],[-45.959213649161,-22.909814652907045],[-45.959285034648204,-22.909863522136018],[-45.959350155040184,-22.909863128898785],[-45.959485284538445,-22.909792219383863],[-45.9596234194046,-22.909709178774232],[-45.95967292493966,-22.909647222783033],[-45.959793909955835,-22.909492358574273],[-45.959903772714576,-22.90933241286752],[-45.95997517961434,-22.90922922585353],[-45.960002132171965,-22.909116028270653],[-45.960036211022214,-22.908922351750046],[-45.96007146017968,-22.90888380412889],[-45.960117323356,-22.90885734928933],[-45.96014224791532,-22.908842972312716],[-45.96025326998259,-22.908607570479393],[-45.9603080426231,-22.908504447719796],[-45.96032400353796,-22.90847331962886],[-45.960384699741205,-22.908354945437],[-45.96048904214828,-22.90819498754562],[-45.96054926326957,-22.908076413043258],[-45.96058952713398,-22.90800098172109],[-45.960639087263296,-22.90794415567389],[-45.960738306240145,-22.907845903607306],[-45.9608042919644,-22.90775813163711],[-45.960859254658004,-22.90768070547967],[-45.96090865991365,-22.90760331291668],[-45.96100229462749,-22.907499963909363],[-45.96106258746033,-22.907391667961967],[-45.96111747741163,-22.90730396298762],[-45.96113913437748,-22.907226738215673],[-45.96118840420994,-22.90712879707254],[-45.96313620782457,-22.907506950085775],[-45.963165625759906,-22.907743183470547],[-45.96321944144088,-22.908106728733376],[-45.96327826527895,-22.908458512272375],[-45.9633055451417,-22.908621653120566],[-45.96335247144949,-22.908715594540496],[-45.96345837165356,-22.908927594797962],[-45.96354811847526,-22.909060679580577],[-45.96362629776608,-22.909127019968178],[-45.96375468052561,-22.909229032773794],[-45.963805455897344,-22.909274530201404],[-45.96386161650756,-22.90936670204613],[-45.963863496390026,-22.9093783375102],[-45.96387323040368,-22.909438585796813],[-45.96386274282442,-22.90952602239739],[-45.96364769002034,-22.909727761835416],[-45.96303755236003,-22.910098440764216],[-45.962202403342836,-22.910524938380348],[-45.96162757900686,-22.91087276230795],[-45.961544928836894,-22.911029681300413],[-45.96153538212804,-22.911250741367915],[-45.9615750338126,-22.91136356326158],[-45.96167592228695,-22.911501721416997],[-45.961794008111745,-22.911716869191427],[-45.96178940293613,-22.911850517310988],[-45.96172509425095,-22.912234243985516],[-45.96170659119163,-22.91275858484209],[-45.96173618948551,-22.913020515535663],[-45.96177025781273,-22.913128240586946],[-45.96184883770363,-22.91325111487023],[-45.961954876819895,-22.913332697101158],[-45.9623721178436,-22.913463799048607],[-45.96247210155386,-22.913473472440486],[-45.962767572451185,-22.913509508921596],[-45.9628057479858,-22.9135896358482],[-45.963020051530336,-22.913767454563907],[-45.96308717804921,-22.913864338894772],[-45.96323160322174,-22.91420247234546],[-45.96367947637307,-22.914406707047817],[-45.96415427004545,-22.914860979612328],[-45.964467994238255,-22.915005086979942],[-45.96488656155122,-22.915143275857268],[-45.96515149987198,-22.915241652537436],[-45.965314510324646,-22.915320939257885],[-45.965374788373474,-22.915490066589182],[-45.96551091967766,-22.91552638880492],[-45.96568673710935,-22.915437181856436],[-45.9657218211756,-22.915354305346646],[-45.96570305517486,-22.9152742826016],[-45.965703449231206,-22.915134837212097],[-45.96568941312951,-22.91501136398104],[-45.9657475135343,-22.91495834657615],[-45.96582783786209,-22.91491887342314],[-45.96619279664112,-22.91493956102629],[-45.966314938960444,-22.91488066675379],[-45.96642060034011,-22.914856810124995],[-45.966620407326616,-22.914835437861527],[-45.966708913643785,-22.914703572744653],[-45.96671940628231,-22.914627423923005],[-45.96674252354466,-22.91448942907712],[-45.96668716933745,-22.91426527208436],[-45.966631683453436,-22.914067737260403],[-45.96647167593433,-22.913926957571828],[-45.96641427752082,-22.913830628986258],[-45.96646351537183,-22.913727907998197],[-45.9663903969634,-22.913577295660872],[-45.966413464958954,-22.91341125534863],[-45.96656986738168,-22.913189400590426],[-45.96662713245968,-22.913149269094017],[-45.96660479668092,-22.912988158061932],[-45.96671938206178,-22.91289406928563],[-45.96681658083828,-22.912731226404965],[-45.96688751893608,-22.912715685014923],[-45.966974521027744,-22.912707644204524],[-45.967070014632455,-22.91268491001106],[-45.96715124938128,-22.912653711287298],[-45.96723228551054,-22.912616345646185],[-45.96727914937725,-22.912578408537357],[-45.96729508155473,-22.912568285958006],[-45.96733433407583,-22.912574031349504],[-45.96735276884456,-22.91261478068522],[-45.96735594999654,-22.912718956487563],[-45.96738994707568,-22.912785014441564],[-45.96744293475997,-22.912791370668124],[-45.96750782360468,-22.912753705967265],[-45.96758186304187,-22.912684504985528],[-45.96764321815244,-22.912525897781276],[-45.96769187569614,-22.91227706104613],[-45.96775620039172,-22.912170877089167],[-45.96812001102858,-22.912025996815025],[-45.96822984435209,-22.911947796359357],[-45.96827782233672,-22.911952882624302],[-45.9684286439996,-22.912012010837937],[-45.96855856542516,-22.912067637118305],[-45.96863764965545,-22.91209955284965],[-45.96872246886031,-22.912115079680795],[-45.968841732207366,-22.91221323802218],[-45.968880778745316,-22.912493945648254],[-45.96879454412582,-22.91263475085113],[-45.968663992820716,-22.912822119663655],[-45.96846951052015,-22.912991655653492],[-45.968398605318505,-22.913052820466454],[-45.96838980646404,-22.913140217755082],[-45.968392637540035,-22.913183579543052],[-45.96840001237126,-22.913222069227974],[-45.968421337130415,-22.913265583436075],[-45.968451016986656,-22.91329590092042],[-45.96848216063852,-22.913320447703253],[-45.968511013170705,-22.913335853744154],[-45.968548124114534,-22.913346188226406],[-45.968585754780214,-22.913349371944506],[-45.96862539276973,-22.91334688715376],[-45.968668063097695,-22.913340014623042],[-45.96877861055144,-22.913321515450217],[-45.96881291109547,-22.913325135510334],[-45.968843719188804,-22.913335416928447],[-45.96887145190437,-22.913352661782998],[-45.968924551525184,-22.91340587412825],[-45.96902580797917,-22.913545598670005],[-45.96906036051849,-22.913582654390282],[-45.96910570741282,-22.913612170904607],[-45.96914933003198,-22.913632506788392],[-45.96921059831469,-22.91364985353131],[-45.969267839027076,-22.913654928695042],[-45.96938741117417,-22.913653394391968],[-45.9694758757431,-22.91363680606112],[-45.96947358293963,-22.91359731705386],[-45.96952266950622,-22.91359220212289],[-45.96960056636892,-22.913643347705413],[-45.96961951304646,-22.91366747292886],[-45.96962024185896,-22.913678988783914],[-45.96960724172943,-22.913739242871337],[-45.96954125591814,-22.913937841290767],[-45.96950415676078,-22.914045689490614],[-45.969503313504106,-22.91406921608151],[-45.96950614825488,-22.914100390298213],[-45.96952639400364,-22.91417966685061],[-45.969479779189115,-22.91418186176706],[-45.96947811434404,-22.91422539316851],[-45.96943125629074,-22.914227303127255],[-45.969426780687364,-22.91426079524406],[-45.96931583482009,-22.914298879282587],[-45.96925336386727,-22.914343701748894],[-45.96918357054663,-22.914398572606242],[-45.96909010599689,-22.914551133553264],[-45.96905461828484,-22.914606751095114],[-45.96898279318765,-22.91465706314177],[-45.96891076479218,-22.91468565735489],[-45.96868820590371,-22.914709084400318],[-45.96853057831681,-22.914708015768376],[-45.96840631016416,-22.91473588198984],[-45.9683552999264,-22.914814501678155],[-45.96840089350506,-22.914907810865948],[-45.96849050688133,-22.914948968030146],[-45.96861194367318,-22.914961661876163],[-45.96881706109529,-22.91493080876191],[-45.968924633441944,-22.91491875501038],[-45.968993101833085,-22.91491084086622],[-45.96911190997181,-22.914895642703254],[-45.96924133926622,-22.914852520218698],[-45.969321057136455,-22.914809532466244],[-45.969407977008395,-22.914753227799714],[-45.96957821413221,-22.91475510509888],[-45.96964961947694,-22.914736427143012],[-45.969726912786584,-22.914733027491955],[-45.96981467888192,-22.91473743166679],[-45.97027585499547,-22.91477813897597],[-45.97030138941802,-22.914769049303665],[-45.97032922409043,-22.91475800745172],[-45.97042825280505,-22.91470028144297],[-45.97055403782051,-22.914556341906582],[-45.970587478654885,-22.914308748574488],[-45.970568532611935,-22.913965291604878],[-45.970668257552134,-22.913869316443282],[-45.970741612495154,-22.91383255307231],[-45.97083589225086,-22.913795269492553],[-45.97089776008657,-22.913761834732348],[-45.97105853667237,-22.913728795783562],[-45.97122594869394,-22.91374991824873],[-45.97136024323769,-22.913770280726585],[-45.971421883354495,-22.913795181894443],[-45.971583835126076,-22.91389334940793],[-45.97162038115106,-22.91397174138068],[-45.971454840236916,-22.914335857694105],[-45.97141715279489,-22.914419825209183],[-45.9713515174645,-22.91462743965843],[-45.971249755573425,-22.915336238566955],[-45.97123949977483,-22.915606979711082],[-45.97118423607439,-22.91595685077938],[-45.971170274812856,-22.91617971647928],[-45.97110486134231,-22.916405964577088],[-45.971099224998284,-22.916574903239336],[-45.971115588104574,-22.916621594179123],[-45.97110232268537,-22.916665982002762],[-45.97116229028293,-22.916803090104068],[-45.97119922196586,-22.916873839107016],[-45.971214454344384,-22.917014416902614],[-45.97116535621072,-22.917092994696027],[-45.97108213133607,-22.917168474256695],[-45.97100510953715,-22.917206433204377],[-45.97087991299388,-22.91731782225072],[-45.970807928793015,-22.917466578945522],[-45.97069221000291,-22.917634387061458],[-45.97046946056974,-22.917715214079042],[-45.97046259660764,-22.917759112944047],[-45.970398499520634,-22.9178092357965],[-45.97004925608236,-22.918005877921047],[-45.96996499751041,-22.918062892814085],[-45.969678631416755,-22.918128270465086],[-45.96931771476702,-22.918123592436007],[-45.9692268669451,-22.91825531000514],[-45.96914649279577,-22.918497279013287],[-45.96909412721688,-22.91866992880472],[-45.96900928973999,-22.918906476268294],[-45.96897683303568,-22.918986774071122],[-45.96890235642537,-22.918950758165003],[-45.96868571905609,-22.918897579259685],[-45.96813434169658,-22.91877373440664]]]}},{"type":"Feature","properties":{"id":9,"regiao":"Macrozona Rural","populacao":null},"geometry":{"type":"Polygon","coordinates":[[[-45.87827738072512,-23.299458871614284],[-45.87740519914881,-23.298694996724837],[-45.87712934102818,-23.298438394352676],[-45.87549316280511,-23.296872957125366],[-45.87498595146636,-23.296383493309797],[-45.87481837072499,-23.296222182285955],[-45.87432027884734,-23.295744553184907],[-45.87385031797842,-23.295276530509287],[-45.872663874020745,-23.294145741035425],[-45.871890251505356,-23.293396145305632],[-45.87040009881153,-23.29197069045321],[-45.86998274465909,-23.29161131223855],[-45.86922397946691,-23.290966197183874],[-45.868732705647176,-23.29052799276007],[-45.86813737442147,-23.289971893537032],[-45.867739131917304,-23.28962349499039],[-45.86753469536758,-23.289411316324873],[-45.86738708435288,-23.289272283772995],[-45.8671600458645,-23.289047105460458],[-45.86675151437465,-23.288591790247033],[-45.86579782311957,-23.28769934300881],[-45.86526672776231,-23.28724906265803],[-45.863020080568525,-23.285500874415245],[-45.86273576500906,-23.28528890261492],[-45.862375511112475,-23.285003263753893],[-45.86208665328027,-23.28481746454971],[-45.861490312236576,-23.284485185538923],[-45.861012345755775,-23.284226338573973],[-45.86062891736056,-23.284001836729967],[-45.86034089408188,-23.28379608599561],[-45.85981663078375,-23.2833782202697],[-45.859566089575694,-23.28312402041557],[-45.85936299630643,-23.282876858467823],[-45.85924384380199,-23.282778931066364],[-45.85909698482255,-23.28267385706772],[-45.85892627577264,-23.2825470098377],[-45.85875964383187,-23.28243838561206],[-45.85858482150314,-23.28228599871771],[-45.858414296058335,-23.28214645932654],[-45.858345474596725,-23.282090446338998],[-45.858263001499665,-23.28200662486859],[-45.85818332703188,-23.281904831565214],[-45.858067634963945,-23.28173021698409],[-45.8579957769642,-23.281613775381956],[-45.857872526508885,-23.281493965623994],[-45.85765008657018,-23.281308977944253],[-45.85715769219845,-23.280921006586773],[-45.85630002977408,-23.280253892652325],[-45.855791857043265,-23.279869661007726],[-45.85547822837909,-23.2796340527797],[-45.85504952090767,-23.279318745477884],[-45.85470036896242,-23.279086978280233],[-45.85440297265854,-23.278916999439318],[-45.853943266340764,-23.278696788741243],[-45.85364610453263,-23.278563316282156],[-45.85335309278173,-23.27846268071517],[-45.853028422363764,-23.278351260325945],[-45.852695982433175,-23.27826179418524],[-45.85235974588596,-23.27819790074556],[-45.85179821125995,-23.27811697506973],[-45.85156498991248,-23.278096328091085],[-45.85124089213191,-23.278076182773223],[-45.85083789325774,-23.278074719174608],[-45.850276916157874,-23.278081408808134],[-45.84977520670257,-23.278087775510038],[-45.84952876095249,-23.27809241571409],[-45.849316830142484,-23.27807566053537],[-45.84873216683098,-23.278086121949887],[-45.84814356324714,-23.278096602483583],[-45.84771296113792,-23.2781025872988],[-45.846792442598684,-23.2781075571708],[-45.84642116744882,-23.278124156605912],[-45.84622754385642,-23.278140519882037],[-45.846194313652994,-23.278142505562844],[-45.84576038977485,-23.278162882610452],[-45.845009718570424,-23.27818135138939],[-45.844356683375715,-23.278181262483905],[-45.8440398452698,-23.27816492910103],[-45.84376205001167,-23.278141168220372],[-45.84344139214788,-23.278139288037796],[-45.843116596335626,-23.278101344741284],[-45.84282682905749,-23.27803796690543],[-45.84234502238821,-23.277907072079643],[-45.84179609553768,-23.277671921790027],[-45.84099623150524,-23.277329887476547],[-45.84076866677533,-23.27720844591367],[-45.84042520021133,-23.27699924203541],[-45.8402192701387,-23.2768975281189],[-45.83992556952367,-23.27679721404577],[-45.83930753967279,-23.27652669217789],[-45.83878452056934,-23.27628486201466],[-45.837960298122994,-23.275891303317085],[-45.83745691880032,-23.2756311090961],[-45.837052521470774,-23.275403254495583],[-45.83616415847991,-23.274860332892295],[-45.835622399651065,-23.274523000962123],[-45.83460091706876,-23.273886281044405],[-45.834403262615105,-23.27377438078549],[-45.83305081741484,-23.272930867558497],[-45.83240035863865,-23.272521741693232],[-45.831095784789966,-23.271747326529127],[-45.83072291676838,-23.271504682489773],[-45.829830564403196,-23.27094713009107],[-45.82939833280879,-23.27068654192917],[-45.82891856141319,-23.270404290753053],[-45.82862722998733,-23.27023924264188],[-45.82834622816511,-23.270100252404603],[-45.82812152140022,-23.26998817957622],[-45.82789608122481,-23.2698839324259],[-45.827126341692974,-23.269550961254147],[-45.8123449755808,-23.264738078255355],[-45.81176368206876,-23.264558763356185],[-45.81146428650096,-23.264461106836997],[-45.81065310577935,-23.264162328276388],[-45.81015010974829,-23.263977237660654],[-45.80980981548255,-23.26383152814155],[-45.80895746289243,-23.263441796649833],[-45.808462810177225,-23.263194992393984],[-45.80743518728411,-23.262602380797034],[-45.80686285072236,-23.262234067680588],[-45.80655783511727,-23.262023099191932],[-45.806104749282056,-23.261704590192426],[-45.80565818810231,-23.261370121975578],[-45.80520354561156,-23.2610212237335],[-45.80491778417853,-23.260776019187038],[-45.80335114707747,-23.259301358974238],[-45.802386994516176,-23.258398707181176],[-45.79928625400537,-23.25550795845683],[-45.7968917945031,-23.253119021954603],[-45.796329879301396,-23.252556433469906],[-45.79588915432418,-23.25215346649639],[-45.79531634370131,-23.25159842637088],[-45.79443391476979,-23.250690692930185],[-45.793626412921576,-23.24980560866737],[-45.79349033958638,-23.249656716717933],[-45.79325679142478,-23.249366361008104],[-45.792969930358794,-23.248976852517664],[-45.79256242154713,-23.2483915117759],[-45.79222371978617,-23.247898189986845],[-45.79201095949229,-23.247556521711303],[-45.791478411069285,-23.246706900758028],[-45.79118211963609,-23.24626955443523],[-45.790326560791605,-23.245060451044605],[-45.790261962829575,-23.244958382646498],[-45.790212932699546,-23.2448905235987],[-45.79016002464286,-23.244799885798628],[-45.78940705261823,-23.243667263569762],[-45.788909464956056,-23.242922858374207],[-45.78659054873845,-23.239433371118146],[-45.785236597950856,-23.237378073239565],[-45.78440741687004,-23.236436230326046],[-45.784286482596016,-23.236299710011615],[-45.78392266988976,-23.23592282442403],[-45.78371991852882,-23.23571644713995],[-45.783623602184846,-23.2356259691351],[-45.78318267668912,-23.23522269357787],[-45.782952278039986,-23.235035060182163],[-45.78272697617995,-23.23484974952213],[-45.78227127276756,-23.234509411795255],[-45.78202579494075,-23.234333504090078],[-45.781608275975735,-23.234037324434013],[-45.781259048166376,-23.233791061584412],[-45.78098924139824,-23.23360275392821],[-45.78035758564989,-23.23316533503857],[-45.780168416367026,-23.2330238841191],[-45.77973533085278,-23.232728598495992],[-45.779558691016675,-23.23260023612884],[-45.779178198814975,-23.232314443242736],[-45.77859675135367,-23.231896730099596],[-45.77822480012979,-23.231635271509813],[-45.77791356522389,-23.23141072587951],[-45.77768330181241,-23.231244039362636],[-45.77741760793686,-23.23105196543547],[-45.777010172432476,-23.230771981827885],[-45.776696360141436,-23.230540491298047],[-45.77633883489026,-23.230306424946257],[-45.775976557009095,-23.230049727396707],[-45.77573653150162,-23.229875805795228],[-45.77540599309709,-23.229648125588543],[-45.77510259104004,-23.229432821025014],[-45.77479455430466,-23.229196700431245],[-45.77135263539402,-23.226646773994705],[-45.76619089623503,-23.223072986757245],[-45.76551192817636,-23.222635736042125],[-45.765178742105036,-23.22247754341638],[-45.76464199726299,-23.22218884294314],[-45.764393628657565,-23.222075724477296],[-45.763743933052176,-23.221762278546706],[-45.76339041009864,-23.22158811172729],[-45.76291581082167,-23.221373351795712],[-45.7624827251525,-23.221143991028],[-45.762205574620545,-23.22099583544204],[-45.761880541730214,-23.22080393140062],[-45.76141149287757,-23.220527799151235],[-45.76125444638299,-23.22044320102617],[-45.76067942699256,-23.220156306806814],[-45.7602616357672,-23.219951389382423],[-45.75989422523051,-23.219768709618553],[-45.75938108750136,-23.219539239134257],[-45.759146360261596,-23.219439712666144],[-45.75856235714384,-23.219152619001328],[-45.75784045057272,-23.218807050991856],[-45.75703646149584,-23.21842643061778],[-45.756109671982074,-23.217964777409957],[-45.755679594622386,-23.21772939419178],[-45.755006441695706,-23.217373543186508],[-45.75425717373805,-23.216990405325287],[-45.753581390453284,-23.21666259804566],[-45.75289147954613,-23.216324467847773],[-45.752476405001836,-23.21611183834628],[-45.751755712456266,-23.21575578496651],[-45.75132937410488,-23.2155380575679],[-45.75082461372844,-23.215294779650097],[-45.74949778590977,-23.21462102073685],[-45.74939014818699,-23.21457897172429],[-45.74813574247199,-23.21389657927219],[-45.7467068677306,-23.21301095629358],[-45.745787077841946,-23.212293452280978],[-45.74524148195669,-23.211779179235144],[-45.744284092069464,-23.210862378690216],[-45.74354263936347,-23.21005705342971],[-45.74255081304364,-23.208796647209606],[-45.74216159066203,-23.208218458770787],[-45.741911806466426,-23.207794892707135],[-45.74174207918739,-23.20753080032407],[-45.74161202447018,-23.207280223297257],[-45.74106166024821,-23.20619584033106],[-45.740775605788976,-23.20547558339673],[-45.7406296950262,-23.205042393716152],[-45.740322288170994,-23.204039070109598],[-45.73987045225963,-23.202705084189915],[-45.739744309,-23.202794714],[-45.739395801,-23.203213420999987],[-45.73890045600001,-23.203936816],[-45.738661003,-23.204621206],[-45.73864812,-23.20487487100002],[-45.73876064000001,-23.205408052],[-45.73888580099998,-23.20560173],[-45.73944339500002,-23.20616779599999],[-45.73961687299999,-23.206585463000014],[-45.73961762800002,-23.20674358999997],[-45.739479733,-23.20708999200002],[-45.739185422,-23.207437341999988],[-45.739069375999975,-23.207668468],[-45.73904959499998,-23.208316847999974],[-45.739011114,-23.208432744],[-45.738855675000025,-23.20867855799997],[-45.73819735500001,-23.209387425999978],[-45.737989062,-23.209734433999987],[-45.737760510999976,-23.210214813999983],[-45.737672707,-23.210695788],[-45.73765325900001,-23.211033367000027],[-45.737710128,-23.211465309],[-45.73795601799998,-23.212270912],[-45.73818741100001,-23.213264196000015],[-45.738203912000024,-23.21346595900002],[-45.738175425,-23.213668762],[-45.738105914000016,-23.213869961],[-45.73799037200001,-23.214173374999977],[-45.73782295500001,-23.214822848999972],[-45.737789594,-23.215220725999984],[-45.73774369400002,-23.216148744],[-45.73769083899998,-23.216494787999977],[-45.737575617,-23.216733154999982],[-45.73714141099998,-23.21708443799997],[-45.73608964800002,-23.21766732100002],[-45.7358198,-23.217865099999976],[-45.735355068,-23.21842276000001],[-45.73469619000002,-23.21900963],[-45.73446238899999,-23.219262233],[-45.73426981799997,-23.219652871],[-45.734244252,-23.220589367],[-45.734174935,-23.22087820799998],[-45.734052478000024,-23.22103784299997],[-45.73366372700002,-23.221363692000015],[-45.73343911500001,-23.221645362],[-45.733377861,-23.221775322999974],[-45.733270614,-23.222200848],[-45.733216922,-23.222294798000014],[-45.73266556200003,-23.22263684],[-45.73237766,-23.22295447099998],[-45.732371473,-23.223019417],[-45.732023729,-23.223640505],[-45.731785312,-23.224318573],[-45.731732422,-23.224665517],[-45.731787509000014,-23.225967501000014],[-45.731857717000025,-23.226220778000027],[-45.73192646799998,-23.226791158000022],[-45.731900196000026,-23.22702923399998],[-45.73183276999998,-23.227272025999977],[-45.73163976400002,-23.227634645000023],[-45.73114251200002,-23.228105],[-45.73095715599999,-23.228329513],[-45.730680066,-23.22893644599997],[-45.73054013400002,-23.229138244],[-45.730097818,-23.229501115],[-45.72976296799999,-23.229916419000013],[-45.729388298,-23.230123235999987],[-45.728523812,-23.230428285000016],[-45.727904846,-23.23048274400002],[-45.727454158,-23.230677413000016],[-45.72699881699998,-23.23100662299999],[-45.726762737,-23.23127363100002],[-45.726692948,-23.231389891],[-45.72657124800003,-23.231852205999978],[-45.726447740000026,-23.232112105999988],[-45.726245232,-23.232313733],[-45.725631498999974,-23.232691725999985],[-45.725367526000014,-23.232886877],[-45.725135206,-23.23311238600002],[-45.72425222499999,-23.234240183],[-45.724075046,-23.234543433],[-45.72350632500002,-23.236087703000013],[-45.723336089999975,-23.236434438999986],[-45.72302641700003,-23.23681131],[-45.72265460800003,-23.237166334],[-45.722639077,-23.237209436],[-45.72192371699998,-23.23768053999998],[-45.721305847999986,-23.237922017000013],[-45.72195351800002,-23.23867941700002],[-45.72224729599998,-23.238997064999978],[-45.722633985000016,-23.23916722899997],[-45.723286611,-23.239386223],[-45.724215680999976,-23.239374139],[-45.72671750400002,-23.238649925],[-45.727491601,-23.238515907000025],[-45.728626529,-23.238622969],[-45.730177551,-23.238994635999966],[-45.73138953,-23.239697497],[-45.73346249100001,-23.241398060999984],[-45.73420026000002,-23.242250007999985],[-45.734744165999984,-23.24306701900002],[-45.73552027900001,-23.24410483000002],[-45.735981908,-23.244440677],[-45.73692946199998,-23.244826373000016],[-45.737741868,-23.244978462999985],[-45.738757265,-23.245051792000023],[-45.739735872,-23.245204898999983],[-45.740906339,-23.245494082],[-45.74159912599998,-23.24581035800003],[-45.74231879400003,-23.24629875300002],[-45.742799887,-23.24664033200002],[-45.74341395800002,-23.24722721199998],[-45.74389798200002,-23.248305184],[-45.74406126399998,-23.248894328],[-45.74406368899997,-23.249361475],[-45.743841036,-23.25037773000003],[-45.74384661200003,-23.250539549999985],[-45.743909364,-23.250825217],[-45.744131058,-23.251378311999982],[-45.74444790899998,-23.251915859000015],[-45.74484296100002,-23.252307466],[-45.7452255,-23.252492862999983],[-45.746029194000016,-23.25274143600001],[-45.74631382500002,-23.252786028999985],[-45.74653798999998,-23.252773575999985],[-45.746785218000014,-23.252634123],[-45.747081940999976,-23.2524151],[-45.74735381900001,-23.252265223999988],[-45.74758902999997,-23.25228729000002],[-45.747826476,-23.2524919],[-45.747963992999985,-23.252755345000025],[-45.748253798,-23.253522814],[-45.74831766,-23.253900654],[-45.74829429,-23.254141489],[-45.748197774,-23.254520219000028],[-45.74811204100001,-23.254750055999978],[-45.748162547,-23.255012927],[-45.748312296999984,-23.255104012],[-45.74848559999998,-23.255092499999986],[-45.74863406700001,-23.254953173999983],[-45.748952486,-23.254184291],[-45.749334783999984,-23.25379234399997],[-45.74950798100002,-23.25368776900001],[-45.749669553,-23.253676056000018],[-45.749892649,-23.253766579],[-45.750067426,-23.25392675400002],[-45.750295678999976,-23.254446520999977],[-45.750756174,-23.254842838],[-45.75086216400001,-23.254872644999978],[-45.75099126499998,-23.254871222000013],[-45.751191247,-23.254845703],[-45.75145066800002,-23.254781439999988],[-45.752138527,-23.25456181599997],[-45.752378882000016,-23.254472834],[-45.752478273,-23.25444109],[-45.75262441199999,-23.254369483],[-45.75276015700001,-23.254279629],[-45.753168335,-23.25391340999999],[-45.753403460000015,-23.253743023000027],[-45.753594177000025,-23.253642355],[-45.75383427000003,-23.253615707],[-45.753933030999974,-23.253615573999976],[-45.75407522299997,-23.253644184999985],[-45.75421231299998,-23.253683551999973],[-45.75440842900002,-23.25380342699998],[-45.755067741,-23.25428260799998],[-45.75564883800001,-23.254564403000018],[-45.756790290000026,-23.255188170999986],[-45.757147687999975,-23.25536046500003],[-45.75729544400002,-23.255404527],[-45.75742736900003,-23.255408568],[-45.75768848299998,-23.255308184],[-45.75800988200001,-23.25507691000001],[-45.758152289000016,-23.254996199],[-45.758425435,-23.254880658],[-45.758802349,-23.254808432999983],[-45.759085298,-23.254740942000016],[-45.75938584900001,-23.254624056],[-45.759560528,-23.254542986999976],[-45.75973413000003,-23.254417628],[-45.75981580500002,-23.254342212999976],[-45.75990813200002,-23.254222707],[-45.75996253300003,-23.254092620999984],[-45.760026931000034,-23.253902170999986],[-45.76010842199997,-23.253737307],[-45.760322727000016,-23.253432842],[-45.76035760000002,-23.253400003000024],[-45.760417835,-23.253370303],[-45.760467317,-23.253340421000015],[-45.76073471900003,-23.253218455000027],[-45.760963557000025,-23.25306873099998],[-45.76121933600001,-23.252792973999984],[-45.76142582900002,-23.252537163],[-45.761912892,-23.251691599000033],[-45.762081803,-23.251506528999982],[-45.762201334,-23.251395613],[-45.76235446800001,-23.251315982999976],[-45.76250138,-23.251254318],[-45.76258380899998,-23.25123944799997],[-45.762725792000026,-23.251229199000022],[-45.76284308700002,-23.251231180999973],[-45.76310978700002,-23.25129260699998],[-45.763751593,-23.251619671000018],[-45.76429041199999,-23.252111234999973],[-45.764797326,-23.25268357200002],[-45.765275363,-23.25308466],[-45.76555598300001,-23.253332435999987],[-45.76574856000003,-23.253582338999983],[-45.765900363000014,-23.25406465399998],[-45.76601822300001,-23.254532843],[-45.76620224599998,-23.25506719999998],[-45.766266502,-23.255576044000012],[-45.76627664799997,-23.256398389000022],[-45.766259897,-23.256701679],[-45.766251502,-23.257175867999987],[-45.766260322,-23.257323284999988],[-45.76628437099998,-23.25749173999998],[-45.766373182999985,-23.257896194],[-45.76643062900001,-23.258254943999987],[-45.766551859,-23.25845394999999],[-45.766776086,-23.258636622999973],[-45.76690310599997,-23.25869116899997],[-45.767494925,-23.258778851999978],[-45.76783296100001,-23.258892972000012],[-45.76794773300003,-23.258973511000022],[-45.768119141,-23.259157099],[-45.76821839500002,-23.259280742999977],[-45.768256211,-23.259346431999976],[-45.768267902,-23.259398127999983],[-45.768338997,-23.25961074299999],[-45.76852747700002,-23.25992020299998],[-45.76875844199998,-23.260158100000012],[-45.769229962,-23.260494917000013],[-45.76952646199999,-23.26068241899997],[-45.77037252399998,-23.26101831800003],[-45.770613491,-23.261096464],[-45.77088728799998,-23.261146251000014],[-45.77111711600003,-23.26114470200002],[-45.771312928999976,-23.261082949],[-45.77149912599998,-23.261012903],[-45.771717231000025,-23.26086207999998],[-45.77231677999998,-23.260459282999978],[-45.772623463,-23.26037861600003],[-45.77298335400002,-23.260376543],[-45.773411297,-23.26044428],[-45.773730092,-23.260592396],[-45.77394853800001,-23.260771348],[-45.774126105,-23.260990268999986],[-45.77442356500001,-23.26142714000002],[-45.774682231999975,-23.26169892299998],[-45.774767809000025,-23.261772641],[-45.774982739,-23.261981348],[-45.775373908,-23.262327637],[-45.776153764000014,-23.262997585],[-45.77629788799999,-23.263177090999978],[-45.776528869,-23.263514359999988],[-45.776629464,-23.26381871799999],[-45.776669149999975,-23.264038028],[-45.776716048000026,-23.264536636],[-45.77671896099997,-23.264736355000025],[-45.77668820500003,-23.265255341],[-45.77668359799998,-23.26548926599997],[-45.77672079000002,-23.266182862999987],[-45.776688225999976,-23.266346750000025],[-45.776597520999985,-23.266582841],[-45.776454331000025,-23.266703307999983],[-45.776340593999976,-23.266768253],[-45.776236632,-23.266833362999986],[-45.77617157700002,-23.266909066],[-45.776096086999985,-23.26706771300001],[-45.776074827,-23.26720378099997],[-45.77609164,-23.267293509000012],[-45.77613026199998,-23.267368244],[-45.776223184,-23.267466479],[-45.776306206000015,-23.267521180000013],[-45.77643163800002,-23.267557620999977],[-45.776503837,-23.267566063],[-45.77661846299998,-23.267555341],[-45.776727419,-23.26753458500002],[-45.77681485099998,-23.267514372],[-45.776890961,-23.267473187],[-45.77708802400002,-23.267397895999977],[-45.77725771500002,-23.267371836999985],[-45.777416243,-23.26736637],[-45.777569599,-23.267375271],[-45.77773907599999,-23.267409741],[-45.777908748000016,-23.267483966999976],[-45.77828907999998,-23.26768641299997],[-45.77843079399998,-23.267789983],[-45.77856707,-23.26792147100002],[-45.77883644000002,-23.268395806],[-45.77885521000002,-23.268485565999978],[-45.778973979,-23.268860699000022],[-45.779074014,-23.269094574],[-45.77930510200002,-23.269526706000022],[-45.779414238000015,-23.269695683000013],[-45.779479099000014,-23.269928063],[-45.779512963,-23.270393925],[-45.77975630100002,-23.270949133999967],[-45.779810657999974,-23.27111899800002],[-45.779880016,-23.271222256],[-45.780082924,-23.272093004999984],[-45.780000883000014,-23.272883077],[-45.780002164999985,-23.273116195999982],[-45.78005092500001,-23.273421488],[-45.78028959599999,-23.273916084],[-45.78043286500002,-23.274090151],[-45.780543782999985,-23.27416880800001],[-45.780783288,-23.274422189],[-45.781022156,-23.274708083],[-45.78129215400003,-23.27530078],[-45.78155605500001,-23.275756043999984],[-45.781619105,-23.27583209099998],[-45.78196357899998,-23.276069161],[-45.782116502,-23.276150329000018],[-45.78247960099998,-23.276235926000027],[-45.783300091,-23.276187345999972],[-45.78374799599999,-23.27623731900002],[-45.784120432,-23.276395347],[-45.784500106,-23.276633001],[-45.78500650799998,-23.276991134],[-45.78584926899999,-23.277850909999987],[-45.786274924,-23.278187810000023],[-45.78660949800002,-23.278531314000023],[-45.78679999399998,-23.278741400999987],[-45.78714638399998,-23.279230562],[-45.78747517099998,-23.279620045],[-45.78841908499999,-23.280659485],[-45.78862213399998,-23.280828219],[-45.789001860999974,-23.281263724999974],[-45.78918926799997,-23.281432197000015],[-45.789403365,-23.281686042],[-45.790111234,-23.282644726],[-45.790651559000025,-23.283469600999975],[-45.79081341900002,-23.283744254],[-45.79105747699998,-23.284216335],[-45.79111240499998,-23.284407886],[-45.79141062000002,-23.284961281999983],[-45.79155153099998,-23.28530695799998],[-45.791666881000026,-23.285659434000017],[-45.79171838600002,-23.28647523],[-45.791825174,-23.287065176999988],[-45.791880658000025,-23.287278421],[-45.79193310895516,-23.287409521515595],[-45.792052581,-23.287688761000023],[-45.79220239099999,-23.28827942700002],[-45.792274581000015,-23.288438741],[-45.792521727,-23.288903643000026],[-45.793015637,-23.289703337999985],[-45.793429248999985,-23.29045832399999],[-45.79368544800002,-23.291060701999978],[-45.793760529999986,-23.291622109999985],[-45.79374478300002,-23.291976912],[-45.794356617,-23.291899492000024],[-45.79479006399998,-23.291891369999977],[-45.79533114100002,-23.29193112000002],[-45.795668232000025,-23.292048776999987],[-45.79584936499998,-23.29218912800002],[-45.796149964,-23.29247241299998],[-45.796468772000026,-23.292924952000025],[-45.79679780999999,-23.29315450199999],[-45.797159502,-23.293214744],[-45.79844524600003,-23.292986827],[-45.79892460100001,-23.292881884],[-45.799202033144354,-23.29278808808626],[-45.799476298180565,-23.29269145156925],[-45.799713345999976,-23.292610436],[-45.800360878,-23.29230772099998],[-45.800879163,-23.292212456],[-45.801245497000025,-23.29218512900001],[-45.801595967000026,-23.292218973],[-45.801875543999984,-23.29227693299999],[-45.80234893699998,-23.292477255],[-45.802739433,-23.292865924],[-45.802996673,-23.293066259],[-45.80337660999999,-23.293244242000018],[-45.80384937500003,-23.29337678799999],[-45.804182353,-23.293404915],[-45.804567964,-23.293392356000027],[-45.80493479400002,-23.29333973199999],[-45.805870476,-23.293056243000027],[-45.806214437,-23.292972518],[-45.80641020899998,-23.29291433600002],[-45.806714280999984,-23.29276941400002],[-45.80688874200001,-23.29265034500003],[-45.80750325399998,-23.29213383299998],[-45.807804112,-23.291852431999974],[-45.80793914499998,-23.291748969000025],[-45.808101491,-23.291598979],[-45.80823152900001,-23.291500853999985],[-45.808441491999986,-23.29131642],[-45.80879619000001,-23.290932011999985],[-45.809117406,-23.290609386000025],[-45.809475019,-23.289924168000034],[-45.809610752000026,-23.289784576999967],[-45.80992862,-23.289533268],[-45.81037403800002,-23.28936177499998],[-45.810600223999984,-23.289248078000014],[-45.81095269100001,-23.289178939],[-45.81126324899998,-23.28915247100002],[-45.81168433200003,-23.289075434999965],[-45.81213819599998,-23.28907302599998],[-45.81243062200002,-23.289123953999987],[-45.81303991599998,-23.289427687],[-45.813297345000024,-23.28956838],[-45.813529432999985,-23.289603849999985],[-45.814009036000016,-23.289585600000013],[-45.81427498199997,-23.289590008],[-45.814517247000026,-23.289655459],[-45.814728246000016,-23.28987036799998],[-45.814866515,-23.290204233999987],[-45.81494256000002,-23.290518997999982],[-45.81500099099998,-23.29118672800001],[-45.81506306799997,-23.29151571699999],[-45.81508926499998,-23.29162727800002],[-45.815135087999984,-23.291735549999988],[-45.81524996399998,-23.291863939],[-45.815370325,-23.291961700999988],[-45.815719838,-23.29219606999999],[-45.816030631,-23.292359325],[-45.816422102,-23.292598903999988],[-45.81710101300001,-23.29269326600001],[-45.817748784,-23.292678693000024],[-45.818234603,-23.292542178000016],[-45.81852679999997,-23.292504550999976],[-45.819045152,-23.292556494],[-45.81935277100001,-23.29273234],[-45.819637877,-23.29306049799999],[-45.819903211999986,-23.293197696999982],[-45.82042444000001,-23.293404177000017],[-45.820887341,-23.293491335999985],[-45.82133909100003,-23.293447307],[-45.82161048900003,-23.293524070999972],[-45.82183880600002,-23.293805209000027],[-45.821914833,-23.294121776999983],[-45.82211188000002,-23.29440149499998],[-45.822350762999974,-23.294642151],[-45.822571492,-23.29481023],[-45.82307765500002,-23.29523960900002],[-45.82326376399999,-23.29532670600003],[-45.82344501900002,-23.295361320999966],[-45.82367605600001,-23.295350681999988],[-45.823817539,-23.29531778299997],[-45.824030908,-23.29520927700002],[-45.82429243299998,-23.29508891699998],[-45.824537981,-23.29498545799998],[-45.824768878999976,-23.294880853999977],[-45.825309402000016,-23.294697338],[-45.82572653099999,-23.294622910999973],[-45.825974416,-23.294600801],[-45.82671318000001,-23.294635577],[-45.827358183,-23.294511600000014],[-45.82790483100002,-23.294415813],[-45.828787826999985,-23.29381962600002],[-45.82922153700002,-23.293595487],[-45.82941251400001,-23.29343059],[-45.829677765,-23.29321812900003],[-45.829792669000035,-23.293143226999977],[-45.829933711000024,-23.29308230800001],[-45.83007808899998,-23.293051258999984],[-45.83021815400002,-23.293040917999985],[-45.830289269,-23.293055642000013],[-45.830416222999986,-23.29311645899997],[-45.830483952,-23.293154617000024],[-45.830700584,-23.293281961],[-45.830963714,-23.293483251],[-45.83108497799998,-23.293585534],[-45.831235384000024,-23.293698233999972],[-45.831782480000015,-23.294136390999988],[-45.832346280000024,-23.294317332999984],[-45.83251802,-23.294338229000015],[-45.832788601,-23.294305641],[-45.833121688,-23.294227101],[-45.83355507800002,-23.294019208],[-45.833807895000014,-23.29384267400002],[-45.833999168,-23.293763604999974],[-45.83420243799998,-23.293721775999977],[-45.83439982599998,-23.293731348],[-45.834507611,-23.293771970000027],[-45.834609022999985,-23.293838688],[-45.834666541,-23.293899263000014],[-45.83468735500003,-23.293935744],[-45.834707751999986,-23.293993901000025],[-45.83467095499998,-23.294482072],[-45.834610419,-23.294781027999985],[-45.834479206000026,-23.295803401],[-45.834458359999985,-23.296174383],[-45.83449520900001,-23.29664750299997],[-45.834586924,-23.296862229999984],[-45.834659165,-23.296970930999976],[-45.83482419400002,-23.297137172000014],[-45.834927235,-23.29722108300001],[-45.83533945099999,-23.297300139000015],[-45.836886291999974,-23.29727678000001],[-45.837472049999974,-23.297334289999977],[-45.838068002,-23.297573560999975],[-45.83815327000002,-23.29766621200002],[-45.838279675000024,-23.297959203999987],[-45.83838562699998,-23.298400029],[-45.838445101,-23.299070474000022],[-45.838432606000026,-23.299363895],[-45.83845811100002,-23.299512482],[-45.83851616599998,-23.299697743000024],[-45.83865327299998,-23.29994302699998],[-45.83874441,-23.30003577399998],[-45.838925854000024,-23.300111933999975],[-45.839253354,-23.300120925999973],[-45.839614056000016,-23.30003108],[-45.84032306300003,-23.299682236000017],[-45.840520277,-23.299599643000022],[-45.84061645100002,-23.29958315200003],[-45.840723172000025,-23.299577676],[-45.84089761000001,-23.299611256],[-45.841895981,-23.299982698],[-45.842262269,-23.300212765000023],[-45.84253483200001,-23.30048466],[-45.842705204000026,-23.300678989],[-45.842842226000016,-23.300878190999978],[-45.842950944,-23.301074218999986],[-45.843004441,-23.301191643],[-45.843043045,-23.301320568],[-45.84306116699997,-23.301446446],[-45.84305995800003,-23.301560263],[-45.84299659599998,-23.301905251],[-45.842954867,-23.30224426900002],[-45.84295187599997,-23.302501708000012],[-45.842974991,-23.302927618000012],[-45.843050129,-23.303242352],[-45.84323013300002,-23.303495563],[-45.843349483,-23.303647494000014],[-45.843562728999984,-23.303850656000012],[-45.843736173000025,-23.30398721099999],[-45.844238743,-23.304201438],[-45.84458024999998,-23.30429647699998],[-45.84512445399997,-23.30453306599997],[-45.845514938,-23.30472648],[-45.845855831,-23.30490462500001],[-45.846051821,-23.305038836999987],[-45.846174271999985,-23.30523327999997],[-45.84641085099997,-23.30554613800001],[-45.846567591,-23.305941711],[-45.846772024000025,-23.306247718],[-45.846991199,-23.306448261],[-45.84733407099998,-23.306625531],[-45.84759172499997,-23.306655949],[-45.847980432999975,-23.306585515999984],[-45.848264288,-23.306320930000027],[-45.848735401,-23.305829926],[-45.84913551400002,-23.30557266099998],[-45.849544295999976,-23.305373358],[-45.84973294500003,-23.305329463000017],[-45.85011195599998,-23.305356440000025],[-45.85079003599998,-23.305498528999973],[-45.85084816199998,-23.305476892],[-45.85134079300002,-23.304985330000022],[-45.85185842300001,-23.304669445999984],[-45.852630275000024,-23.304460709000015],[-45.853056219,-23.30438635500002],[-45.85398745499998,-23.30443589499998],[-45.85460145299999,-23.304501932999987],[-45.85545394000002,-23.304475191],[-45.85591418400003,-23.30460195799998],[-45.856498342,-23.30500088000002],[-45.856987759,-23.305085658],[-45.857319683000014,-23.30522207299998],[-45.85774677500001,-23.305445867],[-45.857890157999975,-23.305467178000015],[-45.85807840799998,-23.30544404699998],[-45.858658831000014,-23.305271009000023],[-45.858928645,-23.30517692900002],[-45.85947967300001,-23.305057616999985],[-45.859668887,-23.304983904999972],[-45.860029703,-23.30478560099999],[-45.860320100000024,-23.304535554999973],[-45.86061019700003,-23.30435236099999],[-45.86084638199998,-23.30427760600002],[-45.86124101299998,-23.30420362400002],[-45.86146596200001,-23.304102484999984],[-45.86150650899998,-23.303823072],[-45.861537253,-23.303800986],[-45.86165378200002,-23.303486672000023],[-45.861841707,-23.303224114],[-45.86199174386499,-23.303099258949956],[-45.862210484,-23.302915712],[-45.86226370600002,-23.302638312],[-45.862255022,-23.30247825800001],[-45.862340244,-23.302317925000015],[-45.86247327799998,-23.302163791999984],[-45.86270985800002,-23.302016763999973],[-45.86283477500001,-23.301877855999976],[-45.86268141800002,-23.301354063000012],[-45.862735754000035,-23.301274539000023],[-45.86301901799999,-23.301038828],[-45.86308888299999,-23.300914383000013],[-45.86310255500002,-23.300710423],[-45.86306142400002,-23.300405286999986],[-45.863174432,-23.300070134],[-45.863316531,-23.300004687],[-45.863650553000014,-23.299979403],[-45.86379254000002,-23.30002236899998],[-45.864038083000025,-23.300174530999982],[-45.86422731200003,-23.3002535],[-45.864921863,-23.300197938999986],[-45.865253204,-23.300262052],[-45.865450119,-23.30034837199997],[-45.86557829399999,-23.30044893299998],[-45.865759685,-23.300528676],[-45.86615405499998,-23.300570322],[-45.86643844499997,-23.30063457199998],[-45.866672295,-23.30073323599998],[-45.866974653,-23.30067580999997],[-45.867163737,-23.300608411999978],[-45.86798079099998,-23.30018079500002],[-45.868122889,-23.30006384600001],[-45.86818547399997,-23.299961868000022],[-45.86821594100002,-23.299954231000015],[-45.86829318500003,-23.299647404999966],[-45.868220474,-23.29945920799997],[-45.86797421199998,-23.299190493000026],[-45.867950425,-23.299052781],[-45.86797320900001,-23.29898629500002],[-45.868139066000026,-23.298854372],[-45.868468560999986,-23.29870703799997],[-45.868609252,-23.29856115500002],[-45.86863286099998,-23.29845131600002],[-45.86879703599999,-23.298304910000013],[-45.869253561,-23.298112656999987],[-45.87012721299999,-23.297947953],[-45.87074292400001,-23.29792270899997],[-45.87112138499998,-23.298029133],[-45.87159726300001,-23.29836209899997],[-45.87181809200001,-23.298528304],[-45.87205480799997,-23.298527626000013],[-45.87251959600002,-23.298466500000025],[-45.872773139,-23.298661240999987],[-45.87298709100003,-23.29867464799997],[-45.873184284,-23.298643513],[-45.873389539000016,-23.298702854],[-45.87378649599998,-23.29907157600001],[-45.874039185000015,-23.299156982999985],[-45.87419114099998,-23.299447649999987],[-45.874348930999986,-23.299534228000024],[-45.874451653,-23.299636177000025],[-45.874564481,-23.29987561500002],[-45.87463563900002,-23.299940011],[-45.87501561900001,-23.30006994000001],[-45.875263146,-23.300118219],[-45.87564660800001,-23.30016779599998],[-45.87602531700003,-23.30015857],[-45.87651357599998,-23.300097812],[-45.87695406000001,-23.300080548999976],[-45.877395639999975,-23.300005481000024],[-45.87774247200002,-23.299871961],[-45.878024714,-23.299688608],[-45.87827738072512,-23.299458871614284]]]}}]}