{
"type": "FeatureCollection",
"name": "zona_urbana_rural",
"crs": { "type": "name", "properties": { "name": "urn:ogc:def:crs:OGC:1.3:CRS84" } },
"features": [
{ "type": "Feature", "properties": { "id": 12, "regiao": "Macrozona Rural", "populacao": null }, "geometry": { "type": "Polygon", "coordinates": [ [ [ -45.904870017983669, -22.819266811007289 ], [ -45.904651772982675, -22.819626544984484 ], [ -45.904615138977007, -22.820021726980293 ], [ -45.904802488007519, -22.820949106991364 ], [ -45.904875285993164, -22.821278278990384 ], [ -45.904940440002697, -22.821599194988121 ], [ -45.904952799003453, -22.821824387001747 ], [ -45.90482760998222, -22.822680782001033 ], [ -45.904698756989553, -22.823211826006634 ], [ -45.904711373992328, -22.823371059988251 ], [ -45.90478289399578, -22.823560155998774 ], [ -45.904941856992863, -22.823816617978817 ], [ -45.905212969974222, -22.824070364989055 ], [ -45.905695218975502, -22.824397079007706 ], [ -45.90620309299694, -22.824708843004441 ], [ -45.906503132996477, -22.824875403985242 ], [ -45.9066847819972, -22.824961450989768 ], [ -45.907096815977638, -22.825185832002241 ], [ -45.907255209007204, -22.825316684994132 ], [ -45.907429627998724, -22.825476708987775 ], [ -45.907534583982219, -22.825702482993201 ], [ -45.907575620975685, -22.826010361005082 ], [ -45.90768149697896, -22.826499997002934 ], [ -45.90777742598911, -22.826791587977436 ], [ -45.907882813996629, -22.827098691004093 ], [ -45.908017986001497, -22.827272541983987 ], [ -45.908488866998603, -22.827739120991499 ], [ -45.908636050991255, -22.827948404004207 ], [ -45.908799899006674, -22.828204940003491 ], [ -45.908968451998447, -22.828679316004177 ], [ -45.909025780984585, -22.828898000007211 ], [ -45.909082173984331, -22.829271181005769 ], [ -45.909060847001847, -22.829578057980672 ], [ -45.909006701006142, -22.829710919001819 ], [ -45.908920260986399, -22.829850490980572 ], [ -45.90871628098499, -22.830124618984161 ], [ -45.90845267797993, -22.830511639999536 ], [ -45.908177166986157, -22.830805401001033 ], [ -45.907762151008335, -22.831261373997393 ], [ -45.907391956006869, -22.831770474007339 ], [ -45.907200629988431, -22.832149618002482 ], [ -45.906991046986739, -22.832618827004232 ], [ -45.906741576983883, -22.833240100987215 ], [ -45.906550449990732, -22.833608403996912 ], [ -45.90638604900743, -22.833850634984454 ], [ -45.906074447992694, -22.834197123994656 ], [ -45.90590208599383, -22.834395853992568 ], [ -45.905422174008706, -22.83488059699026 ], [ -45.905220408988448, -22.835035482001388 ], [ -45.904811031990562, -22.835345158007577 ], [ -45.904556481975732, -22.835559733981857 ], [ -45.904410884978013, -22.835734495975451 ], [ -45.90433500499563, -22.835882367987637 ], [ -45.904102349999107, -22.836541857974282 ], [ -45.90403179198799, -22.836717825995315 ], [ -45.903900371986317, -22.836916309007862 ], [ -45.903750547989297, -22.837004258999038 ], [ -45.903552925977024, -22.837041742977171 ], [ -45.903386603001671, -22.836969492982174 ], [ -45.903189346980511, -22.836883190986935 ], [ -45.903022591003925, -22.836782018998374 ], [ -45.90216734199408, -22.836121296980863 ], [ -45.901945173002879, -22.836012002995854 ], [ -45.901771335972605, -22.83597667798259 ], [ -45.901282041983883, -22.835972418975679 ], [ -45.901045014987709, -22.836031855002108 ], [ -45.900856624007019, -22.836149000007339 ], [ -45.900095871982693, -22.836688843005831 ], [ -45.899671416998942, -22.836917844001835 ], [ -45.899550343997511, -22.836980048999344 ], [ -45.899144616980827, -22.837250010983549 ], [ -45.89889328397738, -22.837448365986525 ], [ -45.898658510007991, -22.837699395001028 ], [ -45.89808353198805, -22.838676844983269 ], [ -45.897807772988727, -22.839137746997849 ], [ -45.897636095974114, -22.839350936974959 ], [ -45.897266799007717, -22.839653108000078 ], [ -45.89667585497299, -22.839817973993828 ], [ -45.896242835999793, -22.839827256979365 ], [ -45.895918858985716, -22.83979221498744 ], [ -45.895492636985459, -22.839751004976051 ], [ -45.895096821996802, -22.83964793800558 ], [ -45.894620747998687, -22.839406228983336 ], [ -45.894251786007018, -22.839119262004001 ], [ -45.894165328978445, -22.839051001993056 ], [ -45.894091423976434, -22.838989268990272 ], [ -45.894019381989835, -22.838932083993097 ], [ -45.893955960009123, -22.838883170983667 ], [ -45.893908715005615, -22.838855300996812 ], [ -45.893868002979467, -22.83884289697901 ], [ -45.893824163996094, -22.83884128598352 ], [ -45.893776070972656, -22.838858582003922 ], [ -45.893728611982581, -22.838893958980069 ], [ -45.893698747001707, -22.83892691000791 ], [ -45.893674584001097, -22.839019588978108 ], [ -45.893666818979661, -22.8391215689999 ], [ -45.893658900981912, -22.839231677982188 ], [ -45.893676931003625, -22.839413588982694 ], [ -45.893773417002436, -22.83967447497567 ], [ -45.893902775004562, -22.840001852982681 ], [ -45.8941177009984, -22.840392958005712 ], [ -45.894266559979279, -22.840772155000856 ], [ -45.894337400990636, -22.841152803002391 ], [ -45.894374116990811, -22.841429891989375 ], [ -45.894367019999528, -22.841652058980895 ], [ -45.894308724997735, -22.84195291500054 ], [ -45.8940480389928, -22.842492664976163 ], [ -45.893688424002434, -22.84305702299315 ], [ -45.893522981006967, -22.843301031001509 ], [ -45.893294636002864, -22.843572034994562 ], [ -45.893107379987121, -22.843731656982278 ], [ -45.892800727977374, -22.843915554985422 ], [ -45.892400706991893, -22.844139509998936 ], [ -45.891949619978895, -22.844434926984352 ], [ -45.891797388973494, -22.844546318988421 ], [ -45.891524858977206, -22.844833774988267 ], [ -45.891389955974972, -22.845008698004193 ], [ -45.891296537974135, -22.845206880979362 ], [ -45.891187656000767, -22.845501496990941 ], [ -45.891181103981218, -22.845746262975066 ], [ -45.891216612994079, -22.845983574988239 ], [ -45.891415253984292, -22.846307554982175 ], [ -45.891759030979401, -22.846638397000515 ], [ -45.891929491991988, -22.846801987980317 ], [ -45.892196669995705, -22.847006898002483 ], [ -45.892462357987512, -22.84718738598902 ], [ -45.892771928981581, -22.84741918300837 ], [ -45.893853349007252, -22.848289619978456 ], [ -45.894104147987683, -22.848588233974347 ], [ -45.894236777973276, -22.848897591995989 ], [ -45.894261436000562, -22.849141956987904 ], [ -45.894223258978016, -22.849409705000312 ], [ -45.894139820984179, -22.849803223980715 ], [ -45.893986174002237, -22.850197416976428 ], [ -45.893775978980401, -22.850591600989993 ], [ -45.893574860004072, -22.850969665986394 ], [ -45.893267415972225, -22.851350533992488 ], [ -45.892672855973416, -22.851860494976993 ], [ -45.892546186981981, -22.852012059004633 ], [ -45.892430127007636, -22.852221622977122 ], [ -45.892370091972992, -22.852614614977082 ], [ -45.892381206976665, -22.853008756003099 ], [ -45.892434186006682, -22.853302372001941 ], [ -45.892685229979847, -22.853847669981295 ], [ -45.892831618996539, -22.854099421005817 ], [ -45.89302854800701, -22.854411624994778 ], [ -45.893264191986297, -22.854738909998055 ], [ -45.893488498997968, -22.85504703700499 ], [ -45.893763513984382, -22.855406581979317 ], [ -45.894126647003567, -22.856006093985084 ], [ -45.894266351987994, -22.856354419006799 ], [ -45.894345685999753, -22.85675056300078 ], [ -45.894346461983751, -22.856916834995761 ], [ -45.89431348999895, -22.857011179008325 ], [ -45.89423700300749, -22.857138252985166 ], [ -45.894083997008465, -22.857290295996542 ], [ -45.893811220989775, -22.857434081998932 ], [ -45.893283043988951, -22.85762705700057 ], [ -45.8931040850077, -22.857707297980756 ], [ -45.892686995988313, -22.857955374992347 ], [ -45.892482160975938, -22.858011704003111 ], [ -45.892353600979611, -22.858004206994543 ], [ -45.892192019972157, -22.857989851986879 ], [ -45.892011114976064, -22.857966147977134 ], [ -45.891669721989345, -22.857921781978391 ], [ -45.891191700986248, -22.857884242993844 ], [ -45.890857908982483, -22.857902343986247 ], [ -45.890627561003477, -22.857967294995447 ], [ -45.890406092998568, -22.858078470976235 ], [ -45.890226232002185, -22.858206583982533 ], [ -45.890092153002293, -22.858388747986449 ], [ -45.889982663996925, -22.858714978003672 ], [ -45.889514434989792, -22.860332951985228 ], [ -45.8894058439909, -22.86061130598193 ], [ -45.889321286975736, -22.860959625000167 ], [ -45.889240457997843, -22.861472454975843 ], [ -45.88923804898036, -22.861963059995574 ], [ -45.889365353979443, -22.862503650999979 ], [ -45.88954764298667, -22.862920436979952 ], [ -45.889668885991959, -22.863213348985454 ], [ -45.889670037008962, -22.863411250977443 ], [ -45.88949320599945, -22.863792414005335 ], [ -45.889367672996599, -22.864141878007434 ], [ -45.88930217699113, -22.864617004997669 ], [ -45.889288995994939, -22.865265561999077 ], [ -45.889264632006288, -22.865472086979842 ], [ -45.889189654985209, -22.865725684983303 ], [ -45.889062158983712, -22.865972108006119 ], [ -45.888881831004682, -22.866486942986331 ], [ -45.888781813996466, -22.866879287007198 ], [ -45.888689848978018, -22.867258206986776 ], [ -45.88857544699686, -22.867637666991619 ], [ -45.888503917994072, -22.868018723996194 ], [ -45.888428794980875, -22.86838345899881 ], [ -45.888286695004169, -22.868835660998414 ], [ -45.888223642992465, -22.869180711996606 ], [ -45.888179456983046, -22.869559499986178 ], [ -45.888172914985269, -22.869803361004788 ], [ -45.888142142997509, -22.870246520004716 ], [ -45.888083991006617, -22.870693753998925 ], [ -45.888068908982319, -22.870873321999873 ], [ -45.888002109977009, -22.871054764990223 ], [ -45.887831319991044, -22.871269764989204 ], [ -45.887619416002543, -22.871493135993205 ], [ -45.887459120998614, -22.871668548003445 ], [ -45.887349243002326, -22.871859232989209 ], [ -45.887307153987564, -22.872023002980061 ], [ -45.887342635978534, -22.872158210003807 ], [ -45.887454068978577, -22.872299163983609 ], [ -45.887754549990028, -22.87265370799577 ], [ -45.888153544999042, -22.873058636990912 ], [ -45.888238522982931, -22.873206390995495 ], [ -45.888308242999265, -22.873491240987711 ], [ -45.888302976004503, -22.873667354006532 ], [ -45.888243814992776, -22.874116378980823 ], [ -45.888280067999283, -22.874417855988693 ], [ -45.888374681983031, -22.87462359399494 ], [ -45.888694150990091, -22.8749540469795 ], [ -45.888952082974484, -22.875238324978291 ], [ -45.889021051992515, -22.87535600099309 ], [ -45.889047932974769, -22.875482033007735 ], [ -45.889042923004375, -22.875644595001567 ], [ -45.889002387987965, -22.875777669986338 ], [ -45.888917587987997, -22.875879306976305 ], [ -45.888787583007606, -22.8759476839783 ], [ -45.888551009985761, -22.875979098984846 ], [ -45.888244276993092, -22.875956068998697 ], [ -45.88661844199757, -22.875764417998276 ], [ -45.885663287983306, -22.875687518993519 ], [ -45.885161555977461, -22.875663133985178 ], [ -45.883868916988163, -22.875487691980307 ], [ -45.883406553000505, -22.875444060004437 ], [ -45.882145974993435, -22.875378456987583 ], [ -45.881752623001816, -22.87539828498549 ], [ -45.881092463995166, -22.875501433989157 ], [ -45.880522411972244, -22.875531948994571 ], [ -45.880068189008846, -22.875470366998943 ], [ -45.879792087978011, -22.875426132001035 ], [ -45.879476408976565, -22.875308966977098 ], [ -45.879119765978047, -22.875037529000686 ], [ -45.877785185998647, -22.874141205986096 ], [ -45.877272288990433, -22.873934091984172 ], [ -45.876729036001116, -22.873682207992182 ], [ -45.87657980098048, -22.873581294000651 ], [ -45.876313791985581, -22.873364633002318 ], [ -45.875453452986243, -22.872864530980657 ], [ -45.874973108979823, -22.872792572005071 ], [ -45.8742276180026, -22.872870812979613 ], [ -45.873879883982852, -22.872799198983948 ], [ -45.872994760990082, -22.87201224600647 ], [ -45.872678944002153, -22.871748685974232 ], [ -45.872384364990545, -22.87170232899501 ], [ -45.87208321899034, -22.87169381598541 ], [ -45.871310165984561, -22.871683044005863 ], [ -45.871161654976788, -22.871647195003845 ], [ -45.871003226998937, -22.871465707979109 ], [ -45.870980832993375, -22.871824063992321 ], [ -45.870990233005266, -22.872099809003029 ], [ -45.870999448000013, -22.872230977998864 ], [ -45.871004506982942, -22.872375632996281 ], [ -45.870969560007474, -22.872727460003723 ], [ -45.870982056007144, -22.872994218988275 ], [ -45.871026428978901, -22.87327685800474 ], [ -45.871063058984006, -22.873402147993694 ], [ -45.8712169879947, -22.873718194985223 ], [ -45.871337841002301, -22.874133097984377 ], [ -45.871374651993087, -22.874608978984014 ], [ -45.871358672972647, -22.874886118007879 ], [ -45.871349876004501, -22.875247405986347 ], [ -45.871308600989849, -22.875624429999501 ], [ -45.871262314990105, -22.875957096977945 ], [ -45.871172790974086, -22.876461643990961 ], [ -45.871097499979982, -22.876781188989177 ], [ -45.871035790987719, -22.876898553975177 ], [ -45.870911949002178, -22.877052856986442 ], [ -45.870702642976738, -22.877291608989218 ], [ -45.870449366001594, -22.877535066994984 ], [ -45.870374727977598, -22.877614269994961 ], [ -45.870316371985552, -22.877709099974854 ], [ -45.87025659497268, -22.877827398996747 ], [ -45.870187186992652, -22.878042223989993 ], [ -45.870080185975056, -22.878902494999725 ], [ -45.870044080998063, -22.879520858003549 ], [ -45.870024461008121, -22.880812655001925 ], [ -45.870055436004911, -22.881339040981999 ], [ -45.870031665975233, -22.881821165003004 ], [ -45.869995370000929, -22.881935327992984 ], [ -45.869873792974424, -22.882227010974393 ], [ -45.869555595984465, -22.882550731987067 ], [ -45.868982306007105, -22.882801625997558 ], [ -45.868289323987923, -22.883090326001469 ], [ -45.867463080987257, -22.883515097995218 ], [ -45.865944306001495, -22.884768902990938 ], [ -45.86573249797852, -22.885035617995619 ], [ -45.865482009999816, -22.885439047006351 ], [ -45.865178607991915, -22.886009676998679 ], [ -45.864901224983548, -22.886493987986682 ], [ -45.864762378992054, -22.886718520996521 ], [ -45.864670246994535, -22.886896828991571 ], [ -45.864599850977555, -22.887111635999887 ], [ -45.864547266992773, -22.887466786992601 ], [ -45.864549102982103, -22.887883366001351 ], [ -45.864535785994455, -22.88827620399368 ], [ -45.864530560971978, -22.888653813983964 ], [ -45.864532842984715, -22.889046907003191 ], [ -45.864527325004943, -22.889439872992291 ], [ -45.86450185899956, -22.889907509978929 ], [ -45.864445610979438, -22.89030145500325 ], [ -45.864366087995307, -22.89063719099326 ], [ -45.864300601995453, -22.890798766999737 ], [ -45.864215839980474, -22.890948281006075 ], [ -45.86407717400332, -22.891214379989545 ], [ -45.863898578978748, -22.891580124980049 ], [ -45.863861086993012, -22.891808118008345 ], [ -45.863829818974871, -22.892067837999011 ], [ -45.863840791003682, -22.892414085983685 ], [ -45.863933241975367, -22.892629741992607 ], [ -45.864108581004963, -22.89284584698898 ], [ -45.864228200008725, -22.892966166976386 ], [ -45.864416629991361, -22.893109294982938 ], [ -45.864711909996387, -22.893274948986928 ], [ -45.865086828988382, -22.893458165001473 ], [ -45.86540313398929, -22.893595244982642 ], [ -45.866136386984842, -22.893910801988309 ], [ -45.866415078982421, -22.894077085981632 ], [ -45.867154825992102, -22.894615927007369 ], [ -45.867793260988364, -22.894891981004676 ], [ -45.868320608975445, -22.895060504986962 ], [ -45.868486417988294, -22.89516259898712 ], [ -45.868717596983814, -22.895366054989037 ], [ -45.869010417985848, -22.895713278002365 ], [ -45.869258972005966, -22.896080562984661 ], [ -45.869313599001515, -22.896234156000702 ], [ -45.869389246003649, -22.896462184984617 ], [ -45.869484387982929, -22.896845042000407 ], [ -45.869580434979611, -22.897283032978198 ], [ -45.869781162975379, -22.897806759005185 ], [ -45.870046981971981, -22.898189683979421 ], [ -45.870632353972113, -22.898796473974997 ], [ -45.870847599984515, -22.899017737984639 ], [ -45.871108484997457, -22.899198179979326 ], [ -45.871255381989201, -22.899320746003713 ], [ -45.87165158599565, -22.899565734993118 ], [ -45.8719458449782, -22.89978647599014 ], [ -45.872224624000175, -22.90000063898243 ], [ -45.872419604990718, -22.900210729004531 ], [ -45.872742447993048, -22.900518675975015 ], [ -45.87298104898877, -22.900794530979358 ], [ -45.873262242980992, -22.901138845984427 ], [ -45.873458389006657, -22.901442021002261 ], [ -45.873868543990078, -22.902032397006291 ], [ -45.874008347979391, -22.902220804990531 ], [ -45.87412247600399, -22.902425963995341 ], [ -45.874252804986767, -22.902754270993089 ], [ -45.874370543006115, -22.902974849007432 ], [ -45.874517361986001, -22.903307943004833 ], [ -45.874659990988476, -22.903656328001645 ], [ -45.874847079002237, -22.904026217994211 ], [ -45.875023510979631, -22.904392320987704 ], [ -45.875166587981063, -22.90476872400059 ], [ -45.875310331978554, -22.905161401977431 ], [ -45.875461894993116, -22.905553303999174 ], [ -45.875617750996064, -22.905872988993753 ], [ -45.875827817989084, -22.906265839987825 ], [ -45.876002973989145, -22.90669968799039 ], [ -45.876071195998605, -22.906908617994599 ], [ -45.8761311759935, -22.907295416998355 ], [ -45.87610401697679, -22.907699775008719 ], [ -45.876006002987516, -22.908034311975015 ], [ -45.87601103399394, -22.908129268990951 ], [ -45.876066050986829, -22.908314489986818 ], [ -45.87620482300516, -22.908661003977642 ], [ -45.876348864981267, -22.909038324977079 ], [ -45.876516035976827, -22.909430478997258 ], [ -45.876863972994627, -22.909857191986632 ], [ -45.877253736979043, -22.910238501007218 ], [ -45.877750353006817, -22.910694731976513 ], [ -45.878021589005563, -22.911051525976884 ], [ -45.878196737984808, -22.91143477099002 ], [ -45.878278671994458, -22.91174421800352 ], [ -45.878308315973058, -22.912239854988876 ], [ -45.87828471999039, -22.912610839000518 ], [ -45.878220135975738, -22.912982966002762 ], [ -45.878128859987321, -22.91321912300192 ], [ -45.877915973007227, -22.913541857008472 ], [ -45.877666157002956, -22.914063679994182 ], [ -45.877362175989759, -22.914561130982467 ], [ -45.877077591976807, -22.915012813978315 ], [ -45.876227433990415, -22.916022754975394 ], [ -45.876074497973889, -22.916269656991613 ], [ -45.876045554980976, -22.91640743298889 ], [ -45.876098178988677, -22.916564604995763 ], [ -45.87652393997417, -22.917157933989511 ], [ -45.876681351978213, -22.917499327990026 ], [ -45.876862394984315, -22.918035372974721 ], [ -45.876908935983302, -22.918462613001715 ], [ -45.877023311992986, -22.91901655000585 ], [ -45.87721996298604, -22.91970735699179 ], [ -45.877265134972568, -22.920000845999045 ], [ -45.877372798983437, -22.920909775978135 ], [ -45.87747310899843, -22.921176148978006 ], [ -45.877651721987114, -22.921428432983056 ], [ -45.878982097972262, -22.922674351000129 ], [ -45.879349128004641, -22.922918845982132 ], [ -45.879771482995977, -22.923074783983921 ], [ -45.880166748975746, -22.923064024991014 ], [ -45.880778101993904, -22.922923039977448 ], [ -45.880875788999766, -22.922915587006742 ], [ -45.880948721989363, -22.922927612005875 ], [ -45.881068600991533, -22.92298467298739 ], [ -45.881152211976399, -22.923051085001692 ], [ -45.881223609990641, -22.92314440598027 ], [ -45.88126499800147, -22.923225493999315 ], [ -45.881270510994895, -22.92329515799225 ], [ -45.881256758977784, -22.923351859989364 ], [ -45.881205662985188, -22.923474819984438 ], [ -45.88114573897478, -22.923600347989165 ], [ -45.881244981353021, -22.923644055745832 ], [ -45.881320998038213, -22.92372744916446 ], [ -45.881518671619958, -22.923870497329869 ], [ -45.881738594596449, -22.923973722498882 ], [ -45.881980706398267, -22.924015735359028 ], [ -45.882281552744459, -22.924033728477927 ], [ -45.882375610962363, -22.924073483078196 ], [ -45.882467501208936, -22.924132326935425 ], [ -45.882536377758463, -22.924170098672125 ], [ -45.882614218546564, -22.924178147829931 ], [ -45.882738152999003, -22.924127146244167 ], [ -45.882823964110536, -22.924126669216481 ], [ -45.882902114707605, -22.924147913391206 ], [ -45.882980312159134, -22.924176383518741 ], [ -45.883050661772927, -22.924197671032136 ], [ -45.883304306241214, -22.9243398094467 ], [ -45.883401721055712, -22.924375290306745 ], [ -45.883510502739497, -22.924410220081807 ], [ -45.883613693838711, -22.92440409977096 ], [ -45.88375411226508, -22.924403318316642 ], [ -45.883785269492911, -22.924395918687367 ], [ -45.884030317521393, -22.924395801167311 ], [ -45.884327959188681, -22.924400674538369 ], [ -45.884393357421288, -22.924429802391643 ], [ -45.884600718404869, -22.924434654132384 ], [ -45.884697989206821, -22.924390836133394 ], [ -45.884806640383161, -22.924303515981681 ], [ -45.885023942315726, -22.924128875430988 ], [ -45.885179539926305, -22.924062972046386 ], [ -45.885241854048537, -22.924048172197008 ], [ -45.885429078056667, -22.92404712836041 ], [ -45.885576820639152, -22.924093022061768 ], [ -45.885796523762252, -22.924167924970561 ], [ -45.885983982859536, -22.924203010302499 ], [ -45.886085489953594, -22.924216896359692 ], [ -45.88616986412098, -22.924247371852658 ], [ -45.886234223513995, -22.924293648968963 ], [ -45.886344639288467, -22.924386305252018 ], [ -45.886400063045755, -22.924466550254937 ], [ -45.886482836151885, -22.924529688042981 ], [ -45.886555901473336, -22.924575582181152 ], [ -45.886618403759172, -22.924589685659353 ], [ -45.886742843986625, -22.924531180969545 ], [ -45.886805205163682, -22.924523606455899 ], [ -45.886904238877214, -22.92459940750372 ], [ -45.886950019519638, -22.924603388176092 ], [ -45.887050599243722, -22.924590108172676 ], [ -45.887096316728808, -22.92461883897063 ], [ -45.887206535677194, -22.924630227747603 ], [ -45.887297594068983, -22.924683753079464 ], [ -45.887368934661538, -22.924695358989286 ], [ -45.88748527667228, -22.924652688277259 ], [ -45.887624595168965, -22.924562385632981 ], [ -45.887710265191963, -22.924540228043259 ], [ -45.887846851763008, -22.924606857992774 ], [ -45.887920248014446, -22.924636120309149 ], [ -45.887999609563281, -22.92464700361737 ], [ -45.888217849934058, -22.924616878100739 ], [ -45.888317469039187, -22.924607342251687 ], [ -45.888592204976987, -22.924600331178986 ], [ -45.888857345583645, -22.924584394775238 ], [ -45.889106789713395, -22.924554093368283 ], [ -45.889231275932111, -22.924502812707555 ], [ -45.889379117913862, -22.924444174926819 ], [ -45.889480200903364, -22.924393025156462 ], [ -45.88967480152013, -22.924326898928431 ], [ -45.889791533472724, -22.924282887492581 ], [ -45.889978521596191, -22.92424570849365 ], [ -45.890223198632178, -22.924241139337902 ], [ -45.890378721614148, -22.924246274180444 ], [ -45.890571539425729, -22.924264062365026 ], [ -45.891195666811285, -22.924267787004815 ], [ -45.891414094861268, -22.924266560933177 ], [ -45.89155427645489, -22.924229642813074 ], [ -45.891663301236136, -22.924200125772689 ], [ -45.891694316051023, -22.924171046715617 ], [ -45.891834166357697, -22.924083546667624 ], [ -45.891919693436172, -22.924039708946506 ], [ -45.892036518982636, -22.924010147838139 ], [ -45.892168851806133, -22.923966047037197 ], [ -45.892299043396811, -22.923937476506794 ], [ -45.892511290312981, -22.923841276931871 ], [ -45.892595473876654, -22.923787420031612 ], [ -45.892728675959852, -22.923681078072715 ], [ -45.892868525077191, -22.923593577145176 ], [ -45.892954004104645, -22.923542512946032 ], [ -45.893147171662271, -22.923491782440355 ], [ -45.893398838718475, -22.923494612154759 ], [ -45.893527061024862, -22.923510845220584 ], [ -45.893609642031734, -22.923544298620801 ], [ -45.893825074452948, -22.923602440503068 ], [ -45.893928686955519, -22.923633986843836 ], [ -45.894015455505219, -22.923616028970095 ], [ -45.894280024083223, -22.923513372149763 ], [ -45.894373161170599, -22.923440585394477 ], [ -45.894544070379638, -22.923331229435725 ], [ -45.894645197908822, -22.923287302393057 ], [ -45.894754173778999, -22.923250557301802 ], [ -45.894847785012317, -22.923250029803675 ], [ -45.895003993558646, -22.92327805436037 ], [ -45.895136941788522, -22.923327888525133 ], [ -45.89520743509442, -22.923370848445707 ], [ -45.89531021768839, -22.923414096003764 ], [ -45.895557931129552, -22.923410377727002 ], [ -45.895722487217839, -22.923396848876123 ], [ -45.895847207235249, -22.923381692901899 ], [ -45.896096409625621, -22.923315250860909 ], [ -45.896228692811775, -22.9232639208374 ], [ -45.896353032367863, -22.923190956841001 ], [ -45.896461769938902, -22.923118080865063 ], [ -45.896601378217561, -22.922994446974787 ], [ -45.896717440860094, -22.92284926729463 ], [ -45.896786792974474, -22.922718803733709 ], [ -45.896903360391256, -22.922595561687181 ], [ -45.897019725846633, -22.922551285151968 ], [ -45.897377329429617, -22.922361383134565 ], [ -45.897587048763555, -22.922222899759532 ], [ -45.897734265544365, -22.922070317071213 ], [ -45.897935754616235, -22.921866843845596 ], [ -45.898129680375966, -22.921699544251016 ], [ -45.898316138316019, -22.921582870171001 ], [ -45.898565092248077, -22.92148979717733 ], [ -45.898782773675791, -22.921469253269617 ], [ -45.899025336784895, -22.921477689838479 ], [ -45.899376373898299, -22.921475702174209 ], [ -45.899423031774994, -22.921470885432939 ], [ -45.899521261408324, -22.921475902269115 ], [ -45.899612625123929, -22.921454184845775 ], [ -45.899704026584743, -22.921436712528322 ], [ -45.899886725852667, -22.921389041169036 ], [ -45.9000151822775, -22.921342011266248 ], [ -45.900201781255888, -22.92124701284737 ], [ -45.900232889016316, -22.921232384077982 ], [ -45.900450834150739, -22.921158886333899 ], [ -45.900513145076381, -22.921144080614827 ], [ -45.900778181267832, -22.921113672670131 ], [ -45.900866828580305, -22.921107415944331 ], [ -45.901035227605881, -22.921100453774685 ], [ -45.901207273027595, -22.921118464415429 ], [ -45.901456714279036, -22.9211363517291 ], [ -45.901691422349138, -22.92128703165011 ], [ -45.901909691240242, -22.921483555516669 ], [ -45.902038698228232, -22.921618485851468 ], [ -45.902108144061096, -22.921684220231668 ], [ -45.902194192439588, -22.921719862464538 ], [ -45.902365954276704, -22.921740565197418 ], [ -45.902545181969877, -22.921710641855132 ], [ -45.902708472816776, -22.921630225416717 ], [ -45.902832759377596, -22.921550030568486 ], [ -45.902910432417656, -22.921499005505122 ], [ -45.903011699412502, -22.921476751083329 ], [ -45.903066305112105, -22.921476440566167 ], [ -45.903151912393554, -22.921517612824264 ], [ -45.903253716273866, -22.921504279576684 ], [ -45.903487549155294, -22.921474044585437 ], [ -45.903690130705527, -22.921436760868808 ], [ -45.903965639834965, -22.921401979377922 ], [ -45.904212449472389, -22.921383204281163 ], [ -45.90446437229275, -22.921381128373493 ], [ -45.9047428292861, -22.921361530887285 ], [ -45.9049377805662, -22.921357394121085 ], [ -45.90507824306713, -22.921363819862147 ], [ -45.905273503228344, -22.921398837937108 ], [ -45.905417153033682, -22.921441737541706 ], [ -45.905616066239993, -22.921526053244961 ], [ -45.905827236734609, -22.921630839220459 ], [ -45.906052211809552, -22.921748264289455 ], [ -45.906306525778568, -22.921891553988594 ], [ -45.906419589978611, -22.921949675769909 ], [ -45.906516033638717, -22.922004234097688 ], [ -45.906572667539557, -22.922027332748552 ], [ -45.906644481446456, -22.922054382334633 ], [ -45.906708761733853, -22.922087924287233 ], [ -45.90681430547717, -22.92213395775779 ], [ -45.906915238089454, -22.922175781118643 ], [ -45.907066618604972, -22.922234270741608 ], [ -45.907112416708379, -22.922248262826848 ], [ -45.907190665783595, -22.922283946822702 ], [ -45.907360445369001, -22.922361155309758 ], [ -45.907589756063011, -22.922464462261324 ], [ -45.90765434748338, -22.92254464715878 ], [ -45.907668660300871, -22.922633592165603 ], [ -45.90767778446471, -22.922801449865791 ], [ -45.90765553708161, -22.922975005851217 ], [ -45.907644148063611, -22.923074657023019 ], [ -45.907654000655349, -22.923180591022689 ], [ -45.9076728683361, -22.923265273614199 ], [ -45.907703804074465, -22.923331731392643 ], [ -45.907711273291191, -22.923343377084009 ], [ -45.907762835776673, -22.923439452748802 ], [ -45.90782806240702, -22.923505118322325 ], [ -45.907925522413265, -22.923546581478529 ], [ -45.908055095754953, -22.923545840562848 ], [ -45.908189610034249, -22.923513917356164 ], [ -45.908319463354644, -22.92348203875418 ], [ -45.908433844326758, -22.923481384433348 ], [ -45.908511732529099, -22.923497893297053 ], [ -45.908626368011063, -22.923535400786804 ], [ -45.908869180505413, -22.923580647307052 ], [ -45.909126009803899, -22.923551916282442 ], [ -45.909404263215272, -22.923543665839876 ], [ -45.909597497097295, -22.923609049173823 ], [ -45.909747025558502, -22.923686235498639 ], [ -45.910006894091708, -22.923792805235635 ], [ -45.910188615871597, -22.923839790838489 ], [ -45.910358022773046, -22.923851926237791 ], [ -45.910499636643813, -22.923817196363959 ], [ -45.910568123741506, -22.923795612811727 ], [ -45.910640354158133, -22.923687763148994 ], [ -45.910686869923175, -22.923644139197691 ], [ -45.910702181971033, -22.923600694196235 ], [ -45.910665745071711, -22.923494867743596 ], [ -45.910607266982765, -22.923406131206896 ], [ -45.910591230517475, -22.923341187371392 ], [ -45.910590795913151, -22.923276154100549 ], [ -45.910621275103296, -22.923167586365945 ], [ -45.910698559593477, -22.923058750199996 ], [ -45.910729618256156, -22.923036893496672 ], [ -45.910960277433553, -22.922970895992535 ], [ -45.911109243916435, -22.922964034568409 ], [ -45.911170908417823, -22.922935751508522 ], [ -45.911196753385092, -22.922896915965651 ], [ -45.911196125203332, -22.92280297902176 ], [ -45.911211437002471, -22.922759533974947 ], [ -45.911498909093488, -22.922584455465362 ], [ -45.911638599397179, -22.922475260639089 ], [ -45.91166915152602, -22.922402516152594 ], [ -45.911655750519088, -22.922336554697075 ], [ -45.91158359652956, -22.922204901122395 ], [ -45.911553492971898, -22.922126055459149 ], [ -45.911589280444602, -22.922099781540403 ], [ -45.91163589206424, -22.922070609169577 ], [ -45.911729405310872, -22.922055619907145 ], [ -45.911846127653021, -22.922011592568332 ], [ -45.911962608064407, -22.921931435532183 ], [ -45.912032186728673, -22.921837095394512 ], [ -45.91204191196784, -22.921814249929632 ], [ -45.912054960422665, -22.921743024052965 ], [ -45.912054573483537, -22.921685216697984 ], [ -45.912030300488063, -22.921555284553531 ], [ -45.91199822673029, -22.921425397201638 ], [ -45.911949960070167, -22.920844417152605 ], [ -45.91196473418001, -22.920676982623821 ], [ -45.912045558185405, -22.920585965180738 ], [ -45.912075584529532, -22.920576073509508 ], [ -45.912171937226042, -22.920571708278445 ], [ -45.912336975572778, -22.920543662029434 ], [ -45.912446991688384, -22.920525018656654 ], [ -45.912509187150583, -22.920536918734584 ], [ -45.912654828813089, -22.920601867323132 ], [ -45.91275695630641, -22.92064148513882 ], [ -45.912904105057542, -22.920750874956752 ], [ -45.91298682097807, -22.920805508228888 ], [ -45.913032752612985, -22.920830680385798 ], [ -45.91312905596277, -22.920864044629887 ], [ -45.913197768373394, -22.920876367651452 ], [ -45.913344406200387, -22.920909442311157 ], [ -45.913495389928116, -22.920908573916751 ], [ -45.913601410962585, -22.92085253909357 ], [ -45.913818378426633, -22.92063450494808 ], [ -45.913888003608484, -22.920547389944481 ], [ -45.913965817145304, -22.920518037351183 ], [ -45.914060235921724, -22.920536480773769 ], [ -45.914101726881491, -22.92058287803447 ], [ -45.91414545162332, -22.920677343669006 ], [ -45.914267833314391, -22.92078966588879 ], [ -45.914365739639969, -22.920826461656457 ], [ -45.915085996163846, -22.920846023987007 ], [ -45.915326026151526, -22.920892667783896 ], [ -45.915494796336802, -22.920939713005517 ], [ -45.915611690314215, -22.9209810684346 ], [ -45.915644647659605, -22.921064919023664 ], [ -45.915691078834101, -22.921226743839753 ], [ -45.915724318736203, -22.921352622126378 ], [ -45.915758711329204, -22.921439616820468 ], [ -45.915862351183577, -22.921645986300891 ], [ -45.915901864279469, -22.921741812554977 ], [ -45.915833465075487, -22.922154849628186 ], [ -45.915802366807355, -22.922360722490193 ], [ -45.91582377774715, -22.922654759161105 ], [ -45.915883541791324, -22.922870531765 ], [ -45.916034323981577, -22.923133815413269 ], [ -45.916098034051053, -22.923215573538947 ], [ -45.916160658606564, -22.923305566704823 ], [ -45.916257563103372, -22.923427952164644 ], [ -45.91632600925778, -22.923474400987516 ], [ -45.916388708047528, -22.923517396301808 ], [ -45.916419960269486, -22.923524442148452 ], [ -45.916575978366595, -22.923523541658721 ], [ -45.91666973503321, -22.92354467903392 ], [ -45.916755836739171, -22.923587539097127 ], [ -45.916818681585376, -22.923652211976176 ], [ -45.916952269695607, -22.923795964385562 ], [ -45.91739263634269, -22.924159093028017 ], [ -45.917501487117235, -22.924262494116082 ], [ -45.917585840202975, -22.924359813119224 ], [ -45.917778034190611, -22.92471308358185 ], [ -45.917827452774183, -22.924860356641346 ], [ -45.917936575981336, -22.925156026558913 ], [ -45.918143200291972, -22.925718474328626 ], [ -45.918262751637918, -22.925972505977718 ], [ -45.918374218274046, -22.92616996712383 ], [ -45.918510266067294, -22.926374187009507 ], [ -45.918681188530918, -22.926614859765373 ], [ -45.918844902797183, -22.926791586204029 ], [ -45.918923202887733, -22.926855698997251 ], [ -45.91905630891079, -22.926927190434547 ], [ -45.919150214537638, -22.926970003930855 ], [ -45.919181613954024, -22.926998726883678 ], [ -45.91920350519959, -22.927125690616773 ], [ -45.919249588028499, -22.92723348233185 ], [ -45.919332760731699, -22.92743142266562 ], [ -45.919403995000543, -22.927582760012033 ], [ -45.919412332599521, -22.927662199709996 ], [ -45.919536711760195, -22.927596443783248 ], [ -45.91970799509879, -22.927544868428999 ], [ -45.919809263403238, -22.927522603253241 ], [ -45.920054941174072, -22.92752130626015 ], [ -45.920160167589565, -22.927498891468154 ], [ -45.920292640229576, -22.927476445137653 ], [ -45.920417018772852, -22.927410688539037 ], [ -45.920572406322876, -22.927315847334395 ], [ -45.920875477377237, -22.927140661560529 ], [ -45.921069967470238, -22.927060045443657 ], [ -45.921326670577209, -22.926950163413711 ], [ -45.921607118729753, -22.926890726387416 ], [ -45.921848707885523, -22.92685319301286 ], [ -45.92205168274814, -22.926873692986657 ], [ -45.922301659864985, -22.926922824351671 ], [ -45.922512484917966, -22.926950504256045 ], [ -45.92259049579561, -22.926950051008106 ], [ -45.922644907624509, -22.926920830115201 ], [ -45.922683521525514, -22.926862796301673 ], [ -45.922682885265104, -22.926768859707757 ], [ -45.922657818081873, -22.926523315368673 ], [ -45.922648499886527, -22.9262993580166 ], [ -45.92261602333101, -22.926111666100237 ], [ -45.922568140519232, -22.925952968401962 ], [ -45.922489347358784, -22.925837807344223 ], [ -45.922379643809371, -22.92576618288297 ], [ -45.922238687353712, -22.925687513674596 ], [ -45.92205887273812, -22.925630748551136 ], [ -45.921925962127716, -22.925588163247657 ], [ -45.921847560886128, -22.925530809009881 ], [ -45.921792464920699, -22.925458867075633 ], [ -45.921784028337783, -22.925364975694691 ], [ -45.921799141408229, -22.925292626190021 ], [ -45.92186905696154, -22.925248863203525 ], [ -45.921962473257437, -22.925219416093146 ], [ -45.922188653025756, -22.925210876501986 ], [ -45.922360225855662, -22.925202653773432 ], [ -45.922500545741805, -22.925187386241035 ], [ -45.922601713914268, -22.925150667559794 ], [ -45.922694787391407, -22.925070638779609 ], [ -45.922741005966763, -22.924983656080446 ], [ -45.922748121770674, -22.924882448219837 ], [ -45.922708236029628, -22.924752608776416 ], [ -45.922652748460486, -22.924622859976903 ], [ -45.922566252938736, -22.924522196035021 ], [ -45.922409304461517, -22.924385810442605 ], [ -45.922166252586408, -22.92420656763888 ], [ -45.921977758880047, -22.924019781505528 ], [ -45.921890970877982, -22.923875761774976 ], [ -45.921858838309433, -22.923738650895103 ], [ -45.921857958255202, -22.923608584736403 ], [ -45.921903590224638, -22.9234348914901 ], [ -45.921988568741021, -22.923311553034488 ], [ -45.922120156690447, -22.923159039152871 ], [ -45.922236289390796, -22.923028293490081 ], [ -45.922305763473894, -22.922919497281271 ], [ -45.922344034043547, -22.922810882288591 ], [ -45.922520762783243, -22.922412415748763 ], [ -45.922652349327109, -22.922259901456645 ], [ -45.922854534377578, -22.922164786282192 ], [ -45.923080317352756, -22.922098438377066 ], [ -45.923384499855828, -22.922089443780159 ], [ -45.923517211552998, -22.922103124394631 ], [ -45.923650021202128, -22.922131256722881 ], [ -45.923845580306057, -22.922209607135581 ], [ -45.924096284449014, -22.922367124361536 ], [ -45.924300135162333, -22.922517687735247 ], [ -45.924558543138566, -22.922660706996911 ], [ -45.924683748854456, -22.922717787389264 ], [ -45.924769509038526, -22.922710061814854 ], [ -45.924886276368213, -22.922673250887765 ], [ -45.925033756433045, -22.922563999223463 ], [ -45.925204442448525, -22.922425707477306 ], [ -45.925406036913941, -22.922243878404636 ], [ -45.925599486453258, -22.922011513300401 ], [ -45.925823991183876, -22.921757288404297 ], [ -45.926009884078553, -22.921561097784121 ], [ -45.926157312880719, -22.921444619222097 ], [ -45.926242875712909, -22.921407989281722 ], [ -45.926390893666927, -22.92137822119993 ], [ -45.926531307348142, -22.921377402022074 ], [ -45.926734372786839, -22.921412348046996 ], [ -45.927023541656219, -22.921490148218538 ], [ -45.927383163676375, -22.92160366732638 ], [ -45.927469119690755, -22.921624843873307 ], [ -45.927648488228442, -22.921616570024909 ], [ -45.928061830618901, -22.921599702609168 ], [ -45.928311012125512, -22.921533210641673 ], [ -45.928458734268482, -22.921460085291166 ], [ -45.928645164569112, -22.921343376445478 ], [ -45.928846703509791, -22.921154317314528 ], [ -45.929040244039633, -22.920936400001672 ], [ -45.929225638366113, -22.920667946931591 ], [ -45.929294809946647, -22.920515792543252 ], [ -45.929356082100725, -22.920349232006725 ], [ -45.929401457077752, -22.920139407440008 ], [ -45.929400471412876, -22.919994889763629 ], [ -45.929399485792928, -22.919850372049922 ], [ -45.929475521034817, -22.919560880122997 ], [ -45.929513355541296, -22.919453639063882 ], [ -45.929544149636556, -22.9193292409051 ], [ -45.929543361013842, -22.919213626729555 ], [ -45.929495768696604, -22.919098286486911 ], [ -45.929456075628337, -22.918997352380778 ], [ -45.929385229454532, -22.918903826694933 ], [ -45.929283033130162, -22.918788805907354 ], [ -45.929228873199989, -22.918742739803221 ], [ -45.929152738295372, -22.918618605952634 ], [ -45.92910342819625, -22.91848436111508 ], [ -45.929091654054623, -22.918334938495192 ], [ -45.92911224694533, -22.918200275677712 ], [ -45.9291692921757, -22.918124663266479 ], [ -45.929293460712806, -22.918029996542032 ], [ -45.929402422189227, -22.917993228086718 ], [ -45.929495930339023, -22.91797822850873 ], [ -45.92962073923934, -22.917977498018985 ], [ -45.929745350986082, -22.917947863918439 ], [ -45.929924270702621, -22.917874554698173 ], [ -45.930180751857364, -22.917735755450646 ], [ -45.930270238864793, -22.917680258221683 ], [ -45.930452784178833, -22.91758963857308 ], [ -45.930670656343977, -22.917508874135812 ], [ -45.930888774983373, -22.917464238849092 ], [ -45.931044588047982, -22.917434420868883 ], [ -45.931168902726469, -22.917361430335085 ], [ -45.931331775417412, -22.917223178099963 ], [ -45.931416593397849, -22.917078157241527 ], [ -45.931461093776321, -22.917003484756695 ], [ -45.931511029392553, -22.916930821789567 ], [ -45.931591431307709, -22.916830249678497 ], [ -45.931655891602198, -22.916769813040133 ], [ -45.931768836213081, -22.916684062327196 ], [ -45.931887089612474, -22.916583267977408 ], [ -45.932070203746804, -22.916482092962841 ], [ -45.932242650834318, -22.916400996855103 ], [ -45.932388230611274, -22.9163450879423 ], [ -45.932577063772399, -22.916288924940751 ], [ -45.932739073681908, -22.916262943957427 ], [ -45.932857908341738, -22.916247233709463 ], [ -45.9330472208012, -22.916261134081765 ], [ -45.933182466421627, -22.916275351932558 ], [ -45.933268758080757, -22.916244820168309 ], [ -45.933327781199729, -22.916179401704838 ], [ -45.933354295670632, -22.916104175001863 ], [ -45.933358987523157, -22.915999042759609 ], [ -45.93334728305252, -22.915868977250224 ], [ -45.933340877640504, -22.915723868190103 ], [ -45.93334508961653, -22.915548662959935 ], [ -45.933349566133145, -22.915413507261309 ], [ -45.933386276803255, -22.9152481193364 ], [ -45.933423432963131, -22.915147800430873 ], [ -45.933498396429606, -22.915042255233672 ], [ -45.933562855033379, -22.914981817863737 ], [ -45.933702619508793, -22.914865874416741 ], [ -45.933837084902223, -22.914764983373697 ], [ -45.933906817517986, -22.914684489370266 ], [ -45.934044581193149, -22.914559822749119 ], [ -45.934265061840655, -22.914388349760028 ], [ -45.934383370254707, -22.914297561587112 ], [ -45.934534083857059, -22.914201578553822 ], [ -45.934658009330484, -22.91414079087567 ], [ -45.934830623512866, -22.914084720722297 ], [ -45.935051950936511, -22.914038371881361 ], [ -45.935273287980543, -22.913992022679111 ], [ -45.935381228599738, -22.913966357434642 ], [ -45.935564930272079, -22.913950263221246 ], [ -45.935775625581329, -22.913929005650044 ], [ -45.935851239383467, -22.913918551928347 ], [ -45.935932323642788, -22.913918074219072 ], [ -45.936062131017266, -22.913927317561711 ], [ -45.936170562460212, -22.913971724671413 ], [ -45.936268249490574, -22.914026203282177 ], [ -45.936344310254654, -22.914080809314832 ], [ -45.936387622020014, -22.914090562239164 ], [ -45.936447124073482, -22.91409521561468 ], [ -45.936501111523732, -22.914084889078683 ], [ -45.936576450261434, -22.914034394624547 ], [ -45.936656777980708, -22.913923812253362 ], [ -45.93674765331869, -22.913773125633295 ], [ -45.936827808734492, -22.913637514521216 ], [ -45.936891989964863, -22.913537035509979 ], [ -45.936966743410068, -22.913401456227486 ], [ -45.936993324159964, -22.913336236814867 ], [ -45.937063965463466, -22.913132990605202 ], [ -45.937164232523038, -22.912777043214433 ], [ -45.937227759326767, -22.912581471547444 ], [ -45.937264808796492, -22.912466140102541 ], [ -45.937280207384667, -22.912345923213707 ], [ -45.937306546892984, -22.912245667285177 ], [ -45.937343733843186, -22.912150351502063 ], [ -45.937397341888364, -22.912084972540669 ], [ -45.937478080840705, -22.91203444585307 ], [ -45.937591327623622, -22.911993735470652 ], [ -45.937677787623798, -22.911988221015097 ], [ -45.937794701684091, -22.911978859469347 ], [ -45.937836415268443, -22.911974656886837 ], [ -45.937930572161193, -22.911948411966179 ], [ -45.937980477590301, -22.911942986717765 ], [ -45.938041514119377, -22.911942626303702 ], [ -45.938202502774864, -22.911951945791778 ], [ -45.938319063287558, -22.911956396972609 ], [ -45.938413361515963, -22.91195070033374 ], [ -45.938552194070496, -22.911965298984875 ], [ -45.938630051119311, -22.911990527968552 ], [ -45.938696847816132, -22.912020961912734 ], [ -45.938791429047207, -22.912056362207302 ], [ -45.938852677923023, -22.912086828870425 ], [ -45.938925032347186, -22.912117229868105 ], [ -45.939025374002107, -22.912183433642817 ], [ -45.939092135472322, -22.912208728017163 ], [ -45.939214456431671, -22.912243964059584 ], [ -45.939253443107965, -22.912264291968519 ], [ -45.939402449054356, -22.912313289499423 ], [ -45.93944818963773, -22.912340207461167 ], [ -45.939481654089839, -22.912365698548445 ], [ -45.939559839948977, -22.912437163582076 ], [ -45.93958594209014, -22.912458040329728 ], [ -45.939727032639944, -22.912463742427654 ], [ -45.939846593375925, -22.912293735091026 ], [ -45.939858650512562, -22.912121961036249 ], [ -45.939764904591726, -22.911963079352088 ], [ -45.939529875452969, -22.911858416538315 ], [ -45.939207701266, -22.911770139105819 ], [ -45.93914241280676, -22.911643001325661 ], [ -45.939233690550488, -22.911494722692876 ], [ -45.939467067981262, -22.911267859235092 ], [ -45.939541457894229, -22.911104125968755 ], [ -45.939765206530083, -22.910698480452407 ], [ -45.939741782405143, -22.910528253093194 ], [ -45.939756282267801, -22.910309115090008 ], [ -45.939983368838938, -22.910346865189652 ], [ -45.94029674836154, -22.9104850989232 ], [ -45.940407800650071, -22.910512461032774 ], [ -45.940559739812045, -22.910623630323474 ], [ -45.940681121884623, -22.910688290385202 ], [ -45.94079288325873, -22.910818376964386 ], [ -45.940934557877327, -22.910901596263429 ], [ -45.940995028355751, -22.910901238079834 ], [ -45.941034755320047, -22.910816944404502 ], [ -45.941043934525716, -22.910686141627853 ], [ -45.94104290311882, -22.910536719681126 ], [ -45.941092582674884, -22.910433687382021 ], [ -45.941138970854894, -22.91036377946817 ], [ -45.941264503302079, -22.910316381789542 ], [ -45.941353898227746, -22.910329410197761 ], [ -45.941596672376427, -22.910458719887597 ], [ -45.941728652431266, -22.910598025794034 ], [ -45.941930400807607, -22.910624849152651 ], [ -45.942040872703366, -22.910568164242267 ], [ -45.942221563906358, -22.910464354696344 ], [ -45.94232124387878, -22.910304995623438 ], [ -45.942511564213895, -22.910135758952958 ], [ -45.942762473503969, -22.909984833135688 ], [ -45.942914487616427, -22.90988672101151 ], [ -45.942983480019926, -22.909880792527431 ], [ -45.94312412118925, -22.909814578972199 ], [ -45.943163911197402, -22.909739633257459 ], [ -45.943203258563216, -22.909599302421206 ], [ -45.943253065400832, -22.909514957407634 ], [ -45.943444278448489, -22.909476462758882 ], [ -45.943605395528529, -22.909456826255212 ], [ -45.94377724056276, -22.909530524014514 ], [ -45.943888098657858, -22.909529865399811 ], [ -45.944069110378805, -22.909472750969051 ], [ -45.944330551001599, -22.90938713885981 ], [ -45.944643091226375, -22.90940396040315 ], [ -45.94483502531974, -22.909468197747511 ], [ -45.945009752470902, -22.909586192614036 ], [ -45.945009752444335, -22.90958619260476 ], [ -45.94518108590762, -22.909487548062469 ], [ -45.945313656079826, -22.909399422197207 ], [ -45.945418584304385, -22.909326861507786 ], [ -45.945479120643022, -22.909254573943532 ], [ -45.945517527397747, -22.909192688240211 ], [ -45.94554506214309, -22.909161695781872 ], [ -45.945583621126048, -22.90912036756264 ], [ -45.94566065799583, -22.909027423349826 ], [ -45.945698789255168, -22.90892444052437 ], [ -45.945725824947203, -22.908821514678365 ], [ -45.945747552664187, -22.908754597669915 ], [ -45.945746519145757, -22.908605600588903 ], [ -45.945757044410101, -22.908523331460916 ], [ -45.945801079581074, -22.908471691389781 ], [ -45.945900423557838, -22.908394033036618 ], [ -45.945983231126718, -22.908331882864662 ], [ -45.946116075090181, -22.908284853486997 ], [ -45.946337487884342, -22.908206458852174 ], [ -45.94655898157886, -22.908138351662483 ], [ -45.946739589889582, -22.908082591649066 ], [ -45.947049963234598, -22.908029363894673 ], [ -45.947376979433336, -22.907976036298567 ], [ -45.947676149707412, -22.907907455337696 ], [ -45.947969655045988, -22.907823497851247 ], [ -45.948113638646277, -22.907781539964013 ], [ -45.948401488479519, -22.907682196679705 ], [ -45.948534304897009, -22.907630025846835 ], [ -45.948667049694727, -22.907567576203778 ], [ -45.948827318336733, -22.90747414250723 ], [ -45.948998431689787, -22.907344666719691 ], [ -45.949169873941464, -22.907209561831941 ], [ -45.954861083434075, -22.907409071335415 ], [ -45.954855040340945, -22.907626261921408 ], [ -45.95490598668831, -22.907769819103876 ], [ -45.954984501395401, -22.9078875216215 ], [ -45.955090672899452, -22.908025390372593 ], [ -45.955180453531334, -22.908168713951152 ], [ -45.955223018020192, -22.908237530864927 ], [ -45.955382297675285, -22.908465497124642 ], [ -45.955510932437114, -22.9086085868346 ], [ -45.955645249477818, -22.908772191586372 ], [ -45.955724017537641, -22.908925860274358 ], [ -45.955829415854915, -22.909140971459095 ], [ -45.955892351724017, -22.909192015780523 ], [ -45.955959654786838, -22.909294366437386 ], [ -45.956109803713076, -22.909515792969135 ], [ -45.956285752904769, -22.909735853634949 ], [ -45.956448542188902, -22.909920142645522 ], [ -45.956575070167155, -22.910009969428497 ], [ -45.95683680175263, -22.910141986359857 ], [ -45.957064912738758, -22.910227958159908 ], [ -45.957209328506877, -22.910247637351581 ], [ -45.9573576475401, -22.910246915227013 ], [ -45.957562810065859, -22.910225129387165 ], [ -45.957717766698131, -22.910167682803397 ], [ -45.957828069305762, -22.910069387883325 ], [ -45.957910609791085, -22.909971274212463 ], [ -45.957953918630849, -22.909816870634529 ], [ -45.95799153533536, -22.909641961141908 ], [ -45.958039365615264, -22.909520490484503 ], [ -45.958495322581562, -22.909474500799174 ], [ -45.958584674304255, -22.90955617699219 ], [ -45.958701495286952, -22.90959657066675 ], [ -45.958803544682425, -22.909587084737414 ], [ -45.958898034776098, -22.909553644572956 ], [ -45.958995141165538, -22.909533141380702 ], [ -45.95909344383896, -22.909557947792219 ], [ -45.959147141634169, -22.909617871474492 ], [ -45.959213649161001, -22.909814652907045 ], [ -45.959285034648204, -22.909863522136018 ], [ -45.959350155040184, -22.909863128898785 ], [ -45.959485284538445, -22.909792219383863 ], [ -45.9596234194046, -22.909709178774232 ], [ -45.95967292493966, -22.909647222783033 ], [ -45.959793909955835, -22.909492358574273 ], [ -45.959903772714576, -22.909332412867521 ], [ -45.959975179614339, -22.909229225853529 ], [ -45.960002132171965, -22.909116028270653 ], [ -45.960036211022214, -22.908922351750046 ], [ -45.960071460179677, -22.908883804128891 ], [ -45.960117323356002, -22.908857349289331 ], [ -45.960142247915321, -22.908842972312716 ], [ -45.960253269982587, -22.908607570479393 ], [ -45.960308042623097, -22.908504447719796 ], [ -45.960324003537963, -22.908473319628861 ], [ -45.960384699741205, -22.908354945437001 ], [ -45.960489042148282, -22.90819498754562 ], [ -45.96054926326957, -22.908076413043258 ], [ -45.960589527133983, -22.908000981721091 ], [ -45.960639087263296, -22.907944155673889 ], [ -45.960738306240145, -22.907845903607306 ], [ -45.960804291964401, -22.907758131637109 ], [ -45.960859254658004, -22.90768070547967 ], [ -45.960908659913649, -22.907603312916681 ], [ -45.961002294627491, -22.907499963909363 ], [ -45.961062587460333, -22.907391667961967 ], [ -45.961117477411626, -22.907303962987619 ], [ -45.961139134377483, -22.907226738215673 ], [ -45.961188404209942, -22.907128797072541 ], [ -45.963136207824569, -22.907506950085775 ], [ -45.963165625759906, -22.907743183470547 ], [ -45.963219441440877, -22.908106728733376 ], [ -45.963278265278952, -22.908458512272375 ], [ -45.963305545141701, -22.908621653120566 ], [ -45.96335247144949, -22.908715594540496 ], [ -45.963458371653559, -22.908927594797962 ], [ -45.963548118475259, -22.909060679580577 ], [ -45.963626297766083, -22.909127019968178 ], [ -45.963754680525611, -22.909229032773794 ], [ -45.963805455897344, -22.909274530201404 ], [ -45.963861616507558, -22.909366702046128 ], [ -45.963863496390026, -22.909378337510201 ], [ -45.963873230403678, -22.909438585796813 ], [ -45.963862742824418, -22.90952602239739 ], [ -45.963647690020338, -22.909727761835416 ], [ -45.963037552360028, -22.910098440764216 ], [ -45.962202403342836, -22.910524938380348 ], [ -45.961627579006858, -22.91087276230795 ], [ -45.961544928836894, -22.911029681300413 ], [ -45.961535382128041, -22.911250741367915 ], [ -45.961575033812601, -22.911363563261581 ], [ -45.96167592228695, -22.911501721416997 ], [ -45.961794008111745, -22.911716869191427 ], [ -45.961789402936127, -22.911850517310988 ], [ -45.961725094250951, -22.912234243985516 ], [ -45.961706591191628, -22.912758584842091 ], [ -45.961736189485507, -22.913020515535663 ], [ -45.961770257812731, -22.913128240586946 ], [ -45.961848837703627, -22.913251114870231 ], [ -45.961954876819895, -22.913332697101158 ], [ -45.9623721178436, -22.913463799048607 ], [ -45.962472101553857, -22.913473472440486 ], [ -45.962767572451185, -22.913509508921596 ], [ -45.962805747985797, -22.913589635848201 ], [ -45.963020051530336, -22.913767454563907 ], [ -45.963087178049207, -22.913864338894772 ], [ -45.963231603221743, -22.914202472345458 ], [ -45.963679476373073, -22.914406707047817 ], [ -45.964154270045448, -22.914860979612328 ], [ -45.964467994238255, -22.915005086979942 ], [ -45.964886561551218, -22.915143275857268 ], [ -45.965151499871979, -22.915241652537436 ], [ -45.965314510324646, -22.915320939257885 ], [ -45.965374788373474, -22.915490066589182 ], [ -45.965510919677662, -22.915526388804921 ], [ -45.965686737109351, -22.915437181856436 ], [ -45.965721821175599, -22.915354305346646 ], [ -45.965703055174863, -22.915274282601601 ], [ -45.965703449231206, -22.915134837212097 ], [ -45.96568941312951, -22.915011363981041 ], [ -45.965747513534303, -22.914958346576149 ], [ -45.965827837862093, -22.91491887342314 ], [ -45.966192796641117, -22.914939561026291 ], [ -45.966314938960444, -22.914880666753788 ], [ -45.966420600340108, -22.914856810124995 ], [ -45.966620407326616, -22.914835437861527 ], [ -45.966708913643785, -22.914703572744653 ], [ -45.966719406282309, -22.914627423923005 ], [ -45.96674252354466, -22.914489429077118 ], [ -45.966687169337447, -22.914265272084361 ], [ -45.966631683453436, -22.914067737260403 ], [ -45.966471675934329, -22.913926957571828 ], [ -45.966414277520819, -22.913830628986258 ], [ -45.966463515371828, -22.913727907998197 ], [ -45.966390396963398, -22.913577295660872 ], [ -45.966413464958954, -22.913411255348631 ], [ -45.966569867381679, -22.913189400590426 ], [ -45.966627132459678, -22.913149269094017 ], [ -45.966604796680919, -22.912988158061932 ], [ -45.966719382061783, -22.912894069285631 ], [ -45.966816580838277, -22.912731226404965 ], [ -45.966887518936083, -22.912715685014923 ], [ -45.966974521027744, -22.912707644204524 ], [ -45.967070014632455, -22.912684910011059 ], [ -45.967151249381281, -22.912653711287298 ], [ -45.967232285510541, -22.912616345646185 ], [ -45.967279149377248, -22.912578408537357 ], [ -45.967295081554731, -22.912568285958006 ], [ -45.967334334075829, -22.912574031349504 ], [ -45.967352768844563, -22.912614780685221 ], [ -45.967355949996538, -22.912718956487563 ], [ -45.967389947075681, -22.912785014441564 ], [ -45.967442934759973, -22.912791370668124 ], [ -45.967507823604677, -22.912753705967265 ], [ -45.967581863041872, -22.912684504985528 ], [ -45.967643218152439, -22.912525897781276 ], [ -45.96769187569614, -22.912277061046129 ], [ -45.967756200391719, -22.912170877089167 ], [ -45.968120011028581, -22.912025996815025 ], [ -45.968229844352088, -22.911947796359357 ], [ -45.968277822336717, -22.911952882624302 ], [ -45.968428643999601, -22.912012010837937 ], [ -45.968558565425162, -22.912067637118305 ], [ -45.968637649655449, -22.91209955284965 ], [ -45.968722468860307, -22.912115079680795 ], [ -45.968841732207366, -22.912213238022179 ], [ -45.968880778745316, -22.912493945648254 ], [ -45.968794544125821, -22.912634750851129 ], [ -45.968663992820716, -22.912822119663655 ], [ -45.968469510520151, -22.912991655653492 ], [ -45.968398605318505, -22.913052820466454 ], [ -45.968389806464039, -22.913140217755082 ], [ -45.968392637540035, -22.913183579543052 ], [ -45.968400012371262, -22.913222069227974 ], [ -45.968421337130415, -22.913265583436075 ], [ -45.968451016986656, -22.913295900920421 ], [ -45.968482160638523, -22.913320447703253 ], [ -45.968511013170705, -22.913335853744154 ], [ -45.968548124114534, -22.913346188226406 ], [ -45.968585754780214, -22.913349371944506 ], [ -45.968625392769731, -22.913346887153761 ], [ -45.968668063097695, -22.913340014623042 ], [ -45.968778610551439, -22.913321515450217 ], [ -45.968812911095469, -22.913325135510334 ], [ -45.968843719188804, -22.913335416928447 ], [ -45.96887145190437, -22.913352661782998 ], [ -45.968924551525184, -22.913405874128252 ], [ -45.969025807979172, -22.913545598670005 ], [ -45.96906036051849, -22.913582654390282 ], [ -45.969105707412822, -22.913612170904607 ], [ -45.969149330031982, -22.913632506788392 ], [ -45.969210598314689, -22.913649853531311 ], [ -45.969267839027076, -22.913654928695042 ], [ -45.969387411174168, -22.913653394391968 ], [ -45.9694758757431, -22.91363680606112 ], [ -45.969473582939628, -22.91359731705386 ], [ -45.969522669506219, -22.913592202122889 ], [ -45.969600566368918, -22.913643347705413 ], [ -45.96961951304646, -22.913667472928861 ], [ -45.969620241858962, -22.913678988783914 ], [ -45.969607241729427, -22.913739242871337 ], [ -45.969541255918138, -22.913937841290767 ], [ -45.969504156760777, -22.914045689490614 ], [ -45.969503313504106, -22.914069216081511 ], [ -45.969506148254879, -22.914100390298213 ], [ -45.969526394003637, -22.914179666850611 ], [ -45.969479779189115, -22.914181861767059 ], [ -45.969478114344042, -22.914225393168511 ], [ -45.96943125629074, -22.914227303127255 ], [ -45.969426780687364, -22.914260795244061 ], [ -45.969315834820087, -22.914298879282587 ], [ -45.969253363867267, -22.914343701748894 ], [ -45.969183570546633, -22.914398572606242 ], [ -45.969090105996891, -22.914551133553264 ], [ -45.969054618284837, -22.914606751095114 ], [ -45.968982793187649, -22.914657063141771 ], [ -45.968910764792177, -22.914685657354891 ], [ -45.96868820590371, -22.914709084400318 ], [ -45.968530578316809, -22.914708015768376 ], [ -45.968406310164163, -22.914735881989841 ], [ -45.968355299926401, -22.914814501678155 ], [ -45.968400893505063, -22.914907810865948 ], [ -45.968490506881331, -22.914948968030146 ], [ -45.968611943673181, -22.914961661876163 ], [ -45.968817061095287, -22.914930808761909 ], [ -45.968924633441944, -22.91491875501038 ], [ -45.968993101833085, -22.91491084086622 ], [ -45.969111909971808, -22.914895642703254 ], [ -45.969241339266219, -22.914852520218698 ], [ -45.969321057136455, -22.914809532466244 ], [ -45.969407977008395, -22.914753227799714 ], [ -45.969578214132213, -22.91475510509888 ], [ -45.96964961947694, -22.914736427143012 ], [ -45.969726912786584, -22.914733027491955 ], [ -45.969814678881917, -22.91473743166679 ], [ -45.970275854995471, -22.914778138975969 ], [ -45.970301389418019, -22.914769049303665 ], [ -45.970329224090428, -22.91475800745172 ], [ -45.97042825280505, -22.914700281442968 ], [ -45.970554037820513, -22.914556341906582 ], [ -45.970587478654885, -22.914308748574488 ], [ -45.970568532611935, -22.913965291604878 ], [ -45.970668257552134, -22.913869316443282 ], [ -45.970741612495154, -22.913832553072311 ], [ -45.970835892250861, -22.913795269492553 ], [ -45.970897760086572, -22.913761834732348 ], [ -45.971058536672373, -22.913728795783562 ], [ -45.971225948693942, -22.91374991824873 ], [ -45.97136024323769, -22.913770280726585 ], [ -45.971421883354495, -22.913795181894443 ], [ -45.971583835126076, -22.913893349407932 ], [ -45.971620381151062, -22.913971741380681 ], [ -45.971454840236916, -22.914335857694105 ], [ -45.971417152794892, -22.914419825209183 ], [ -45.971351517464498, -22.914627439658432 ], [ -45.971249755573425, -22.915336238566955 ], [ -45.971239499774832, -22.915606979711082 ], [ -45.971184236074393, -22.915956850779381 ], [ -45.971170274812856, -22.916179716479281 ], [ -45.971104861342312, -22.916405964577088 ], [ -45.971099224998284, -22.916574903239336 ], [ -45.971115588104574, -22.916621594179123 ], [ -45.971102322685368, -22.916665982002762 ], [ -45.971162290282933, -22.916803090104068 ], [ -45.971199221965861, -22.916873839107016 ], [ -45.971214454344384, -22.917014416902614 ], [ -45.971165356210719, -22.917092994696027 ], [ -45.971082131336068, -22.917168474256695 ], [ -45.971005109537153, -22.917206433204377 ], [ -45.97087991299388, -22.91731782225072 ], [ -45.970807928793015, -22.917466578945522 ], [ -45.970692210002909, -22.917634387061458 ], [ -45.970469460569738, -22.917715214079042 ], [ -45.970462596607639, -22.917759112944047 ], [ -45.970398499520634, -22.917809235796501 ], [ -45.970049256082362, -22.918005877921047 ], [ -45.969964997510409, -22.918062892814085 ], [ -45.969678631416755, -22.918128270465086 ], [ -45.969317714767023, -22.918123592436007 ], [ -45.9692268669451, -22.91825531000514 ], [ -45.969146492795772, -22.918497279013287 ], [ -45.969094127216877, -22.918669928804722 ], [ -45.969009289739986, -22.918906476268294 ], [ -45.968976833035683, -22.918986774071122 ], [ -45.969043484439005, -22.919030762932646 ], [ -45.969319756067875, -22.919204048337377 ], [ -45.969451594411957, -22.919271711041095 ], [ -45.969879012856083, -22.91934137159744 ], [ -45.97010488843965, -22.919355212028311 ], [ -45.970601849235081, -22.919390212096257 ], [ -45.971045471795293, -22.919429339458453 ], [ -45.971185358655163, -22.919474135049153 ], [ -45.971313482450334, -22.919595075364889 ], [ -45.971458667601809, -22.919807195033876 ], [ -45.971524182352724, -22.919864451031316 ], [ -45.971674330814729, -22.919955889745001 ], [ -45.971810707794724, -22.919973310270194 ], [ -45.971888662026629, -22.919965607091605 ], [ -45.971997509301914, -22.919914358161055 ], [ -45.972199344707668, -22.919775826629458 ], [ -45.972510129607826, -22.919600497175569 ], [ -45.972751224661394, -22.919497855083929 ], [ -45.973077764053357, -22.919344106365529 ], [ -45.973287914113484, -22.919277783617339 ], [ -45.973615123467226, -22.919217969160226 ], [ -45.97388803868742, -22.919201843614331 ], [ -45.97406745080508, -22.919200743305819 ], [ -45.974184716973802, -22.919236154581558 ], [ -45.974316431224437, -22.919277953546942 ], [ -45.974427101667452, -22.919314154779165 ], [ -45.974529458894672, -22.919391252251376 ], [ -45.9746059057168, -22.919446162517353 ], [ -45.974701515710997, -22.919507575749236 ], [ -45.974772289146983, -22.919586628565252 ], [ -45.974827564942665, -22.919680228657192 ], [ -45.974883357757975, -22.919846086660467 ], [ -45.974915232056262, -22.919939830367081 ], [ -45.975016582948214, -22.920068961935147 ], [ -45.975141712237068, -22.920159260668211 ], [ -45.975253606424886, -22.920231430755209 ], [ -45.975338996805604, -22.920291307575944 ], [ -45.975456884928782, -22.920413427322867 ], [ -45.97554346740052, -22.920521287042074 ], [ -45.975662080198063, -22.920744567611283 ], [ -45.975740707185501, -22.920830797786582 ], [ -45.975827083166415, -22.920909754215234 ], [ -45.975889953888498, -22.920974402831639 ], [ -45.975921777376762, -22.921060920486418 ], [ -45.975899203527447, -22.921176676886173 ], [ -45.975868570194223, -22.921256352269562 ], [ -45.975822646060081, -22.921379478235956 ], [ -45.975791857438566, -22.92143747626309 ], [ -45.975776670101219, -22.921495378420751 ], [ -45.975784884707615, -22.921553136780137 ], [ -45.975800951749136, -22.92161807297385 ], [ -45.975840369035275, -22.921675639590088 ], [ -45.975918841431316, -22.921740192303961 ], [ -45.975989254496106, -22.921768663973022 ], [ -45.976075165370176, -22.921782588144236 ], [ -45.976173308172299, -22.921803852881482 ], [ -45.976231282280978, -22.921796080720668 ], [ -45.976301333014099, -22.921773971734705 ], [ -45.976394475034368, -22.92170836415524 ], [ -45.976487461612656, -22.921621079186348 ], [ -45.976541237668833, -22.921505130847095 ], [ -45.976617483339439, -22.92125897447934 ], [ -45.976679266937978, -22.921171881297887 ], [ -45.976749006495275, -22.921106417452084 ], [ -45.976865756915757, -22.921069568813042 ], [ -45.976967268710673, -22.921083396543793 ], [ -45.977069194956243, -22.921155030481906 ], [ -45.977257705679285, -22.921334523093229 ], [ -45.977320940053758, -22.921449751575029 ], [ -45.977376062880175, -22.921521673339551 ], [ -45.977438986403492, -22.921593547068362 ], [ -45.977556877520037, -22.921715665132325 ], [ -45.977627861138842, -22.921823619651537 ], [ -45.977683191673876, -22.921924444423428 ], [ -45.977723128333338, -22.922054268358053 ], [ -45.977778459038106, -22.922155093088179 ], [ -45.977904618376797, -22.922342194839548 ], [ -45.977913145114577, -22.92244330770173 ], [ -45.977890832052708, -22.92259519320201 ], [ -45.977828841208954, -22.922653383745434 ], [ -45.977712297106144, -22.922719136248574 ], [ -45.977642816474443, -22.922820729406236 ], [ -45.977627681647974, -22.92288585750763 ], [ -45.97765165415607, -22.92296519700356 ], [ -45.977706985206119, -22.923066021736222 ], [ -45.9778805203266, -22.923332318835918 ], [ -45.97803013510584, -22.923526502093956 ], [ -45.978179905953532, -22.923742362512225 ], [ -45.978250579878562, -22.923806961997755 ], [ -45.978336596040506, -22.923835336481318 ], [ -45.978406854957051, -22.923842129662688 ], [ -45.97849261165458, -22.923834375150012 ], [ -45.978671562478944, -22.923768237477585 ], [ -45.978889361261501, -22.92368018181477 ], [ -45.979138570538211, -22.923620836567782 ], [ -45.979520548371788, -22.923582350293263 ], [ -45.979746718583066, -22.923573728881777 ], [ -45.979949590425377, -22.923579703126222 ], [ -45.980098560001188, -22.923624109414551 ], [ -45.98015955370974, -22.923634779838771 ], [ -45.980192245819971, -22.923693822991691 ], [ -45.980185068852997, -22.923780580410167 ], [ -45.980139355844642, -22.923932610580412 ], [ -45.980070292323212, -22.924092010977315 ], [ -45.979985575064731, -22.924244281809944 ], [ -45.979938102100114, -22.924322499220207 ], [ -45.979907243994461, -22.924485918091104 ], [ -45.979925715290435, -22.924598729906801 ], [ -45.979989057422863, -22.924728408697785 ], [ -45.980048342857927, -22.924806545249726 ], [ -45.980139797724938, -22.924904906007754 ], [ -45.980284701162248, -22.925012827416428 ], [ -45.980434734808433, -22.925091035839284 ], [ -45.980616745814807, -22.925164105820286 ], [ -45.980796132062366, -22.925222026015216 ], [ -45.980866443838032, -22.925236043866992 ], [ -45.980998902290011, -22.92521354728698 ], [ -45.981115654909736, -22.925176695459342 ], [ -45.981185174639393, -22.925168750745069 ], [ -45.981310520065911, -22.925153812995347 ], [ -45.981388372420284, -22.925131653565778 ], [ -45.981496959617914, -22.925044269299026 ], [ -45.981597902044328, -22.924978610482199 ], [ -45.981714498077231, -22.92492008089674 ], [ -45.981878055241118, -22.924882939165585 ], [ -45.982041508173467, -22.924831345694336 ], [ -45.982244121350149, -22.924801188106915 ], [ -45.982368778299332, -22.924778738661587 ], [ -45.982563694729883, -22.924763080437064 ], [ -45.982618144142421, -22.924741065233167 ], [ -45.98269583966259, -22.924697227888199 ], [ -45.982827880246106, -22.924616923661748 ], [ -45.982921281518635, -22.92458744114224 ], [ -45.98307729777941, -22.924586475311298 ], [ -45.983186561329461, -22.92459302489906 ], [ -45.983329919540246, -22.924623037735017 ], [ -45.983431554056509, -22.92465208044883 ], [ -45.983546024739056, -22.924677511815759 ], [ -45.983640312747625, -22.924770866892466 ], [ -45.984082012858394, -22.92544015627 ], [ -45.984246927226913, -22.925590881911596 ], [ -45.984451002942549, -22.925763042880277 ], [ -45.984577179233739, -22.925853607287692 ], [ -45.984615813657911, -22.925899316577979 ], [ -45.984764500576453, -22.925963429262431 ], [ -45.984912978663701, -22.925998638751821 ], [ -45.985029992011228, -22.925997912891813 ], [ -45.985232710613083, -22.925982202946685 ], [ -45.985505166712841, -22.92590102518658 ], [ -45.985653278967, -22.925885653668626 ], [ -45.985887409996607, -22.925898652230359 ], [ -45.986269653192664, -22.925896278388922 ], [ -45.986503574996782, -22.925880373036158 ], [ -45.986900844015835, -22.925798417379045 ], [ -45.987306018179346, -22.925730863751699 ], [ -45.987500673263277, -22.92567907067048 ], [ -45.987648837324706, -22.925670923046599 ], [ -45.987812655487879, -22.925669903995878 ], [ -45.987929825653055, -22.925690853260683 ], [ -45.988070503288448, -22.925726108317352 ], [ -45.988179767817968, -22.925732654427577 ], [ -45.988242001754003, -22.925719169830199 ], [ -45.988265472548925, -22.925717668842587 ], [ -45.988351019952432, -22.925681005963252 ], [ -45.988473140156401, -22.925561656735372 ], [ -45.988529727198475, -22.925436537155029 ], [ -45.988551220799842, -22.925318455628645 ], [ -45.988597186898325, -22.925202552132983 ], [ -45.98864325779671, -22.925101100170128 ], [ -45.988668542828584, -22.925064740050345 ], [ -45.988735714081855, -22.92494155067007 ], [ -45.988825051964753, -22.92482262212188 ], [ -45.988960102053731, -22.924687240442815 ], [ -45.989146324615, -22.924548784975052 ], [ -45.989286161811712, -22.924468426918512 ], [ -45.989418503147157, -22.924431471938348 ], [ -45.989519755962228, -22.924409162753371 ], [ -45.989613312946133, -22.92440135363039 ], [ -45.989940998519486, -22.924406537149256 ], [ -45.99009107194572, -22.924398348267022 ], [ -45.990174969602315, -22.924397852224072 ], [ -45.990307267857929, -22.924353670717426 ], [ -45.9904700336647, -22.924208133938798 ], [ -45.990655623526351, -22.923982967745857 ], [ -45.990772319655925, -22.923938883170184 ], [ -45.990897079250978, -22.923930878605788 ], [ -45.991256544929996, -22.924015347965497 ], [ -45.991358270332988, -22.924058069398423 ], [ -45.991381830348324, -22.924079600521758 ], [ -45.991397799945581, -22.92413008334681 ], [ -45.991390367221577, -22.924180712319846 ], [ -45.991343930637079, -22.924231584775054 ], [ -45.991258647831259, -22.924304377948129 ], [ -45.991204357821033, -22.924348073330066 ], [ -45.991204673248163, -22.924391427832145 ], [ -45.991220642784583, -22.924441910674332 ], [ -45.991306714308202, -22.924477503753316 ], [ -45.991400534102667, -22.924505822311115 ], [ -45.99150974516693, -22.924505140426568 ], [ -45.99158764788357, -22.924490201796811 ], [ -45.991625783554909, -22.924461772924143 ], [ -45.991696385551393, -22.924424488024094 ], [ -45.991765908784799, -22.924330114805812 ], [ -45.991819883016177, -22.92424306477799 ], [ -45.991873909786115, -22.924163240465145 ], [ -45.991959192126906, -22.924090446940721 ], [ -45.992036831477371, -22.92403937937291 ], [ -45.99216117008131, -22.923973567825652 ], [ -45.992348177748127, -22.923943494946126 ], [ -45.992551102642942, -22.923956678814584 ], [ -45.992785283246349, -22.923976893064278 ], [ -45.993066215818061, -22.9239895885236 ], [ -45.993331494187423, -22.923995155321041 ], [ -45.993799381386438, -22.923970549503895 ], [ -45.994524798587321, -22.923958781690274 ], [ -45.994696256854006, -22.923936029505345 ], [ -45.994945458658869, -22.923876659673233 ], [ -45.995093514519453, -22.923854053699255 ], [ -45.995327484015348, -22.923845361259428 ], [ -45.9954446007334, -22.923859079238522 ], [ -45.995655484819927, -22.923893887435558 ], [ -45.995843019560191, -22.923936067876802 ], [ -45.995952494129611, -22.923971511637308 ], [ -45.996097739754063, -22.924032699617189 ], [ -45.996273328710103, -22.924106794321158 ], [ -45.996515733455844, -22.924184760006401 ], [ -45.996695468081569, -22.924226988371881 ], [ -45.996921848771422, -22.92424724544632 ], [ -45.997093729920834, -22.924282296575015 ], [ -45.997226871793409, -22.924353721145636 ], [ -45.997328863611976, -22.924432567343661 ], [ -45.99738431538529, -22.924547836142505 ], [ -45.997416576487346, -22.92469215486944 ], [ -45.997448414473084, -22.924778667660416 ], [ -45.997519097743691, -22.924843258255603 ], [ -45.997605329766621, -22.924900525041334 ], [ -45.997738154992568, -22.924928594768406 ], [ -45.997948882415685, -22.924941722612957 ], [ -45.998050292793422, -22.924941085246274 ], [ -45.998221857433897, -22.924932780702576 ], [ -45.998455934304658, -22.92493853502851 ], [ -45.998620015878608, -22.924973633510028 ], [ -45.998752894323601, -22.92500892809392 ], [ -45.998862370441337, -22.925044369785972 ], [ -45.998932948533692, -22.925094508255587 ], [ -45.998964020048582, -22.925120236272384 ], [ -45.999066463012888, -22.925216511323494 ], [ -45.999176151357354, -22.925280855717556 ], [ -45.999331915705056, -22.925358522124373 ], [ -45.999723852129449, -22.925501416227426 ], [ -45.999848824466909, -22.925522307519227 ], [ -46.000177042760768, -22.925599727062284 ], [ -46.000321939817361, -22.925696628077432 ], [ -46.000369413937108, -22.925896346403267 ], [ -46.000409428222184, -22.926001775452953 ], [ -46.000470855969859, -22.926107069560761 ], [ -46.000557295059636, -22.926218808858046 ], [ -46.000729868044417, -22.926399357349723 ], [ -46.000837502568999, -22.926481236677667 ], [ -46.000962816703506, -22.926543196015487 ], [ -46.001069966143611, -22.926559032022656 ], [ -46.001141581952247, -22.926594909499553 ], [ -46.001189341037318, -22.926602395583959 ], [ -46.001352909189542, -22.926709157697157 ], [ -46.001460690008905, -22.926810853103696 ], [ -46.001539368833278, -22.926924022749176 ], [ -46.001619547714107, -22.927067442025649 ], [ -46.001677529377297, -22.92718926890133 ], [ -46.001749437067375, -22.927264770137725 ], [ -46.001835392227285, -22.927310465528919 ], [ -46.002046113822594, -22.927342158859908 ], [ -46.002153264028031, -22.927357994107322 ], [ -46.002328145934186, -22.927366798903076 ], [ -46.00237461970228, -22.927379720147698 ], [ -46.002489238211773, -22.927441736727385 ], [ -46.002582842005893, -22.927556735517843 ], [ -46.002626208668836, -22.927632416561874 ], [ -46.002683267793053, -22.927628759319145 ], [ -46.002740156738426, -22.92760197976618 ], [ -46.002803517328758, -22.927485989772485 ], [ -46.002841905086619, -22.927370157494995 ], [ -46.002855500088636, -22.927277605212037 ], [ -46.002872119319477, -22.92711237578818 ], [ -46.002889273457228, -22.927019800984976 ], [ -46.002927758314769, -22.926917182719148 ], [ -46.00299515910865, -22.92686391641578 ], [ -46.003123435443463, -22.926843288573334 ], [ -46.003334083627621, -22.926865080946829 ], [ -46.003519720348073, -22.926880419307992 ], [ -46.003637421245827, -22.926876369403217 ], [ -46.003744293799947, -22.926855876359472 ], [ -46.003890730966624, -22.926878073917432 ], [ -46.004037581926468, -22.92695640613848 ], [ -46.004109393348685, -22.927018692239063 ], [ -46.004216543443142, -22.927034526095177 ], [ -46.004334147110342, -22.927017270705282 ], [ -46.004419177600049, -22.926937472034666 ], [ -46.004468562820399, -22.926861204726837 ], [ -46.004518069739426, -22.926801448175102 ], [ -46.004644857957416, -22.926803870600938 ], [ -46.004767990552146, -22.926826287063086 ], [ -46.00496085284184, -22.926854792649671 ], [ -46.005103648070012, -22.926867094392499 ], [ -46.005128328316346, -22.926827312286047 ], [ -46.00512021585461, -22.926695262308076 ], [ -46.005155422396506, -22.926632290204296 ], [ -46.005251719419931, -22.926628383639695 ], [ -46.005412822038984, -22.926703318450663 ], [ -46.005547147842663, -22.926814029023745 ], [ -46.005593700400723, -22.926821764160316 ], [ -46.005617380695888, -22.926867147323094 ], [ -46.005671650565908, -22.926969178723514 ], [ -46.005668471734907, -22.927022039357347 ], [ -46.005656899594577, -22.927106982640005 ], [ -46.005637409525654, -22.927164237072336 ], [ -46.005588439335462, -22.927296648519455 ], [ -46.005567937520361, -22.927418970935111 ], [ -46.005565450955395, -22.927564293570562 ], [ -46.005602339669913, -22.927729184271072 ], [ -46.005696555697305, -22.927926734896801 ], [ -46.005812249068242, -22.928134058136873 ], [ -46.005917148142132, -22.92832823499965 ], [ -46.005967825557718, -22.928426992087477 ], [ -46.005986660450674, -22.928562270887586 ], [ -46.005962297221096, -22.928644982886407 ], [ -46.00586990927718, -22.928695111882153 ], [ -46.005806014324968, -22.92873844846654 ], [ -46.005785024839746, -22.928794718823671 ], [ -46.005831865121962, -22.928857171303065 ], [ -46.005957388392595, -22.928945536437809 ], [ -46.006104062266488, -22.929000753432629 ], [ -46.006218717961829, -22.929066072905201 ], [ -46.006318756381759, -22.929085256281333 ], [ -46.006454952945646, -22.929170256488103 ], [ -46.006516377017768, -22.929275548060282 ], [ -46.006549732552358, -22.929443757720598 ], [ -46.006589874733478, -22.929565695712899 ], [ -46.006594444280722, -22.929701064848111 ], [ -46.006610430812273, -22.929756938285006 ], [ -46.006715345021014, -22.929830132269917 ], [ -46.006815481676711, -22.929862520327173 ], [ -46.006904691720131, -22.929865260459366 ], [ -46.006993633219281, -22.929831673270513 ], [ -46.00705003374194, -22.92973884018047 ], [ -46.007112878796654, -22.929553508881238 ], [ -46.007211623426613, -22.929397666896747 ], [ -46.007292728089602, -22.929268357045292 ], [ -46.007381131707859, -22.929162115184631 ], [ -46.007501646128659, -22.929055669467736 ], [ -46.007611844376335, -22.929002129636572 ], [ -46.007725855839723, -22.928981597603848 ], [ -46.007773266989446, -22.928980050158472 ], [ -46.007886253902534, -22.928960761983792 ], [ -46.007989851656447, -22.928979921705601 ], [ -46.008111098595165, -22.928972540032117 ], [ -46.008324781761466, -22.928921648482881 ], [ -46.008424282411788, -22.928868176042069 ], [ -46.008538049045946, -22.928814612915652 ], [ -46.008651678655717, -22.928741242198345 ], [ -46.008758405006311, -22.928700929246887 ], [ -46.008912799944063, -22.928685956708293 ], [ -46.009061467940562, -22.928675889010112 ], [ -46.009311392738553, -22.928700720587031 ], [ -46.009558115816333, -22.928775106683315 ], [ -46.00978706779879, -22.928859514123022 ], [ -46.009973089668506, -22.928927682818504 ], [ -46.010051675457682, -22.928940397521465 ], [ -46.010187369523088, -22.928956045674422 ], [ -46.010376299249479, -22.928935025999976 ], [ -46.010561708999113, -22.928920640349926 ], [ -46.010797456604536, -22.928958765399884 ], [ -46.011047431173225, -22.928990196713841 ], [ -46.011143940397076, -22.928979221718613 ], [ -46.01126853002954, -22.929084542631919 ], [ -46.011377808144381, -22.929189662867085 ], [ -46.011482315205548, -22.929421802095444 ], [ -46.011526581602325, -22.929493148207644 ], [ -46.011746626207803, -22.929642336747261 ], [ -46.012012399168491, -22.92975896018897 ], [ -46.012194114966533, -22.929848389202789 ], [ -46.012424450367085, -22.929896744028095 ], [ -46.012655098730683, -22.929985860398652 ], [ -46.012817234606942, -22.930075413570091 ], [ -46.012920499297017, -22.930142697567479 ], [ -46.013127480134365, -22.930268437670126 ], [ -46.01324481544404, -22.930326337175728 ], [ -46.013440871519215, -22.930370374917121 ], [ -46.013582874169195, -22.930383062346259 ], [ -46.0137883739297, -22.930381750193064 ], [ -46.013998542517868, -22.930348694675125 ], [ -46.01416493407374, -22.930352166149667 ], [ -46.014351412281556, -22.930423442895606 ], [ -46.014489059610952, -22.930508625446528 ], [ -46.014601937281881, -22.930553193258234 ], [ -46.014743997938332, -22.930574938884028 ], [ -46.014910500768508, -22.930591993834632 ], [ -46.01514546334397, -22.930604076496053 ], [ -46.01537054402047, -22.930602637036849 ], [ -46.015521925992566, -22.930578391893619 ], [ -46.015566027026203, -22.930569682400954 ], [ -46.015746867872132, -22.930541346541006 ], [ -46.015905141344149, -22.930507563729229 ], [ -46.016084107284833, -22.930489364939291 ], [ -46.01617221513267, -22.930493326274632 ], [ -46.016279927807183, -22.93050169644653 ], [ -46.016383262051598, -22.930578037328477 ], [ -46.016404016003662, -22.930736434572182 ], [ -46.016458644992625, -22.930844791458025 ], [ -46.016542577598052, -22.930943900998361 ], [ -46.016630990119694, -22.930988633056053 ], [ -46.016763169360274, -22.930996846165815 ], [ -46.016885456770986, -22.930991528564309 ], [ -46.017036868789319, -22.930954320055289 ], [ -46.017227896376056, -22.930980275073985 ], [ -46.017301896921957, -22.931051257297053 ], [ -46.017410801237659, -22.93122822037337 ], [ -46.017500330834118, -22.931422415196973 ], [ -46.017604546315724, -22.931616515817542 ], [ -46.017747589937599, -22.931769594569623 ], [ -46.01782645961719, -22.931846091293885 ], [ -46.017993056016955, -22.931876727247783 ], [ -46.018066759799893, -22.931917018440213 ], [ -46.018238183802318, -22.931938563529805 ], [ -46.018473047205084, -22.931937056889883 ], [ -46.018737035029069, -22.931903658822002 ], [ -46.018908197829262, -22.931888975362092 ], [ -46.019147719054722, -22.931855733620978 ], [ -46.01932958457845, -22.931879504802787 ], [ -46.019456862754922, -22.931971514840146 ], [ -46.019502198947798, -22.932027478303379 ], [ -46.019507548744897, -22.932206712647133 ], [ -46.019538232758634, -22.932383164835915 ], [ -46.019587877731411, -22.932477967578944 ], [ -46.019711217547403, -22.932613051732734 ], [ -46.019767896510828, -22.932674343719995 ], [ -46.019825657868111, -22.932683529069902 ], [ -46.019921834715312, -22.932663102790627 ], [ -46.020042490280922, -22.932576455278497 ], [ -46.020059784182706, -22.932558721665778 ], [ -46.02010601114619, -22.932483581046338 ], [ -46.020204742552451, -22.932327731527341 ], [ -46.020246537174387, -22.93219206524946 ], [ -46.020302484155479, -22.932039796559422 ], [ -46.020315859779934, -22.931920815367096 ], [ -46.020364569528503, -22.931755378549102 ], [ -46.020377326667194, -22.931553853016339 ], [ -46.020372530337788, -22.931388760108121 ], [ -46.02035719044963, -22.93124684920469 ], [ -46.02032366898618, -22.931058826677525 ], [ -46.020283934714541, -22.930993036154632 ], [ -46.020261664632379, -22.930877589959344 ], [ -46.020242617308384, -22.930715894530334 ], [ -46.020260081465423, -22.93066624786255 ], [ -46.020359528897274, -22.930606165627797 ], [ -46.020462931342813, -22.930598898216289 ], [ -46.02062337832686, -22.930584652176638 ], [ -46.020940817230986, -22.930572702369716 ], [ -46.021126202784771, -22.930554998589034 ], [ -46.021343872758607, -22.930560201126116 ], [ -46.021411827648663, -22.930582887211774 ], [ -46.021490464681662, -22.930602189593039 ], [ -46.021565845028199, -22.930664453537666 ], [ -46.021665812062494, -22.930673718921433 ], [ -46.021744077587591, -22.930643489151628 ], [ -46.021829099765682, -22.930563690502705 ], [ -46.021938609060896, -22.930417670241049 ], [ -46.022040945737835, -22.930268408228457 ], [ -46.022129298318802, -22.930155556017095 ], [ -46.022238921215347, -22.930026055327058 ], [ -46.022323630169701, -22.929903317801401 ], [ -46.022358606311393, -22.929810626535904 ], [ -46.02238236469519, -22.929648646717297 ], [ -46.022420612263964, -22.929516308666294 ], [ -46.02251948761436, -22.92938026522177 ], [ -46.022640064366456, -22.929283725689473 ], [ -46.02279987982471, -22.929186924250928 ], [ -46.022934831082196, -22.929103488425643 ], [ -46.023115901249334, -22.928986741407467 ], [ -46.023254312108698, -22.928890077467397 ], [ -46.023342786892812, -22.928793735265035 ], [ -46.023402437109951, -22.928661250046378 ], [ -46.023437025000064, -22.928515720777952 ], [ -46.023475469703143, -22.928409792338936 ], [ -46.023609640836128, -22.928223995331109 ], [ -46.023644575767605, -22.928124692278654 ], [ -46.023753997066294, -22.927968771758675 ], [ -46.023835804697406, -22.927935221282699 ], [ -46.02394274891131, -22.927924622915427 ], [ -46.024117582346932, -22.927926801187724 ], [ -46.02418561074802, -22.927959385288872 ], [ -46.02431079684866, -22.92800150927372 ], [ -46.024432488617371, -22.928053564410892 ], [ -46.024596888617552, -22.928092129253141 ], [ -46.024707128619859, -22.928045189318905 ], [ -46.024793687458001, -22.927987328254726 ], [ -46.024788563322467, -22.927962097340476 ], [ -46.024819431564993, -22.927796774474665 ], [ -46.024825466479797, -22.927651429244019 ], [ -46.024860524674715, -22.927568645611341 ], [ -46.024941675992558, -22.927449235643344 ], [ -46.025048057953008, -22.927362685639817 ], [ -46.025096016434567, -22.927327736274144 ], [ -46.025232692789174, -22.92724590422808 ], [ -46.025456674807756, -22.927142083094505 ], [ -46.025648620832513, -22.927048377279498 ], [ -46.025787152220587, -22.926968221905181 ], [ -46.025907898490409, -22.926894784094493 ], [ -46.026046280370537, -22.926794821155781 ], [ -46.026198639025885, -22.926655133017388 ], [ -46.026308379612146, -22.926542140362553 ], [ -46.026375561867042, -22.926462445648497 ], [ -46.026382027811231, -22.926373234748329 ], [ -46.026391664584196, -22.926231172111112 ], [ -46.026465601378433, -22.92610189934199 ], [ -46.026553997422688, -22.925995647277801 ], [ -46.026674045579171, -22.925829747477245 ], [ -46.02677280481209, -22.925680496691925 ], [ -46.026864794087395, -22.925577527172862 ], [ -46.026953354046277, -22.92549439712252 ], [ -46.027077492935618, -22.925397822302326 ], [ -46.027262148266857, -22.925284344410795 ], [ -46.027439615800311, -22.925164310065025 ], [ -46.027663144234189, -22.925001036764964 ], [ -46.027819581560614, -22.924930681532206 ], [ -46.028004818444565, -22.924893153551764 ], [ -46.0282187608233, -22.924878553689279 ], [ -46.028432753017469, -22.924870565070812 ], [ -46.028703727201751, -22.924848992391816 ], [ -46.028917544766905, -22.92481789000529 ], [ -46.029046038907033, -22.924826965998641 ], [ -46.029225135536876, -22.924921577041406 ], [ -46.029404072927484, -22.924996371576654 ], [ -46.029597086166724, -22.925044654477666 ], [ -46.029779128236257, -22.925056679513641 ], [ -46.029914385849196, -22.925016176571326 ], [ -46.030074315749467, -22.924935878771016 ], [ -46.030173729516505, -22.92487248487371 ], [ -46.030226693109874, -22.924799492706839 ], [ -46.030257803871081, -22.924667190235237 ], [ -46.030285660729476, -22.924577849466562 ], [ -46.030356058775453, -22.924451894804442 ], [ -46.030455222297348, -22.92435547949534 ], [ -46.030558329245672, -22.92430858191716 ], [ -46.030658142054108, -22.92429802540568 ], [ -46.030840048454507, -22.924293538682566 ], [ -46.031011458093666, -22.924315540021336 ], [ -46.031240014606546, -22.924347087759536 ], [ -46.031464762061155, -22.924345627984362 ], [ -46.031652206196426, -22.924352593698099 ], [ -46.031771328045629, -22.924313910242372 ], [ -46.031902850098184, -22.924250306653182 ], [ -46.032034362310512, -22.924186712084147 ], [ -46.03213729337395, -22.924116691381439 ], [ -46.032243458094399, -22.924003718040392 ], [ -46.032371185568543, -22.923910412765917 ], [ -46.032498812861263, -22.92380391153295 ], [ -46.032739816575166, -22.923594289277432 ], [ -46.032800081309219, -22.923544362973622 ], [ -46.032895673608962, -22.923447969428963 ], [ -46.032984003046735, -22.923335111632465 ], [ -46.032993933222855, -22.923232672488595 ], [ -46.033010615631085, -22.923080646052558 ], [ -46.033071285118368, -22.922996691554221 ], [ -46.033198012544965, -22.92293244974832 ], [ -46.033305616753346, -22.922927224289289 ], [ -46.033359715722895, -22.922963110692145 ], [ -46.0334511439357, -22.923085330847929 ], [ -46.033507730535533, -22.923125202412795 ], [ -46.033596039884728, -22.923156331756253 ], [ -46.03366467645241, -22.923174004213291 ], [ -46.033819536676155, -22.923193373419814 ], [ -46.033905418502187, -22.923224554502255 ], [ -46.033978843648924, -22.923307843955342 ], [ -46.034037759312504, -22.923334639165535 ], [ -46.034165174129399, -22.923360979216632 ], [ -46.034278189236346, -22.923423660427591 ], [ -46.034434929434916, -22.923445283929549 ], [ -46.034600830647882, -22.92338532015021 ], [ -46.034791412550078, -22.923352374185136 ], [ -46.035129038158729, -22.923354698907403 ], [ -46.035260969576051, -22.923331194326483 ], [ -46.03540289718763, -22.923334794245196 ], [ -46.035564635604715, -22.923369977993815 ], [ -46.035760894232361, -22.92344116580972 ], [ -46.035864154673654, -22.923508434772192 ], [ -46.036270703029835, -22.923564665072139 ], [ -46.03643712029281, -22.923572638571262 ], [ -46.036583416471629, -22.923508275396088 ], [ -46.036758830751033, -22.923412008863043 ], [ -46.036929635410111, -22.923352010631337 ], [ -46.037081274124056, -22.923346495044946 ], [ -46.037228431691098, -22.923395357203379 ], [ -46.037453843780057, -22.923439173656959 ], [ -46.03763049911511, -22.923505961896542 ], [ -46.037757949201449, -22.923536833143643 ], [ -46.03795414015525, -22.923598968062453 ], [ -46.038096694771518, -22.923642593504784 ], [ -46.038161784180083, -22.923669428074476 ], [ -46.038295029155883, -22.923699330641199 ], [ -46.03852810304808, -22.923738850124401 ], [ -46.038744160822539, -22.923727175981266 ], [ -46.038965874325214, -22.923730855927417 ], [ -46.039209722012323, -22.923729260241032 ], [ -46.039459186406816, -22.923737888336358 ], [ -46.039691751679669, -22.923710713456408 ], [ -46.039935795070278, -22.923734767683083 ], [ -46.040091164873388, -22.923759402356414 ], [ -46.04027416811104, -22.923773594952166 ], [ -46.040490539093099, -22.923802960071136 ], [ -46.040717791146591, -22.923806601271796 ], [ -46.041601441189435, -22.923785370531164 ], [ -46.041799599379182, -22.923777090983599 ], [ -46.041749745008111, -22.923680160994408 ], [ -46.041642326995273, -22.923301746005531 ], [ -46.041482843001475, -22.922393961979413 ], [ -46.041288329980461, -22.92071130200765 ], [ -46.041100516000832, -22.919146204005884 ], [ -46.041172721979983, -22.917934735981895 ], [ -46.041163189986584, -22.917592144990671 ], [ -46.041083080977884, -22.91682923198427 ], [ -46.041061629990153, -22.916333758995027 ], [ -46.041025200000881, -22.915417905975662 ], [ -46.041080984007081, -22.914307386006673 ], [ -46.041202205006996, -22.913796915997356 ], [ -46.041459263003603, -22.913491812979334 ], [ -46.041778279001278, -22.913212950999124 ], [ -46.042288847989745, -22.912912606003484 ], [ -46.043206086975744, -22.912450382994454 ], [ -46.043650217992649, -22.911990902005734 ], [ -46.043910357972628, -22.911346106007148 ], [ -46.043983148002901, -22.91076080597507 ], [ -46.044006242978988, -22.91000759398948 ], [ -46.043927580989369, -22.908997128984534 ], [ -46.043722010008686, -22.907387486003106 ], [ -46.043803047999788, -22.906777011981813 ], [ -46.044010764973038, -22.906062747993193 ], [ -46.044153449003609, -22.905716144989363 ], [ -46.044325528994598, -22.90530673897533 ], [ -46.044516035992189, -22.905068386007116 ], [ -46.044829831009011, -22.904862626003894 ], [ -46.045081762996311, -22.904790556008635 ], [ -46.045956484007029, -22.904743306007539 ], [ -46.046460267983228, -22.904658793983316 ], [ -46.046899120992315, -22.904550706993547 ], [ -46.047396349975365, -22.904395615991604 ], [ -46.047868624985334, -22.904272672002829 ], [ -46.048783460981987, -22.904162766989486 ], [ -46.049082784006707, -22.904057977977853 ], [ -46.049343136000772, -22.903950790005766 ], [ -46.049512119987348, -22.903825951991777 ], [ -46.04971356699226, -22.903630224975988 ], [ -46.050237579996136, -22.903007491004747 ], [ -46.05070169400269, -22.902297104981628 ], [ -46.050999505991832, -22.901670035003352 ], [ -46.051103470002033, -22.901305671004103 ], [ -46.051139799991027, -22.900794810003408 ], [ -46.051092553007955, -22.899935716992331 ], [ -46.051022342986606, -22.898775392002197 ], [ -46.050931125997209, -22.897921053000175 ], [ -46.050843599996995, -22.897465237997114 ], [ -46.050700608984876, -22.896947139975946 ], [ -46.050422522999781, -22.896844436994357 ], [ -46.050225521987613, -22.896733926003328 ], [ -46.049833296989938, -22.896577987994768 ], [ -46.047634525975894, -22.895891356986183 ], [ -46.047311721981472, -22.895725623000573 ], [ -46.046319532003949, -22.8949741590035 ], [ -46.045558917988643, -22.894198196985325 ], [ -46.044635158993223, -22.893163140996613 ], [ -46.044215946979854, -22.892439344990496 ], [ -46.043620126987285, -22.891720993982748 ], [ -46.042868333001969, -22.891109599987665 ], [ -46.042021682989507, -22.890623256003934 ], [ -46.041272352972882, -22.890313680004887 ], [ -46.039571924998171, -22.889909200006759 ], [ -46.038916278981674, -22.889596521986014 ], [ -46.037141300002958, -22.888338824979016 ], [ -46.036583104001629, -22.888140566981601 ], [ -46.036024087973374, -22.888043493004144 ], [ -46.034992504991713, -22.888088293993821 ], [ -46.034421131994499, -22.888028072002299 ], [ -46.033193904974461, -22.887394014004247 ], [ -46.032798355976965, -22.88720816497602 ], [ -46.031806110001227, -22.886796345002733 ], [ -46.031466466972596, -22.886647489990157 ], [ -46.030966878982753, -22.886444685999606 ], [ -46.030599939983446, -22.886295411976445 ], [ -46.029882936973976, -22.886035067985461 ], [ -46.02863286498183, -22.885371709996519 ], [ -46.027653906980653, -22.884981753975335 ], [ -46.027153283002896, -22.884837653000456 ], [ -46.026043211997752, -22.884910110007375 ], [ -46.024667178985823, -22.885186302998623 ], [ -46.023535681007296, -22.885693930006077 ], [ -46.022193975981168, -22.8865588459762 ], [ -46.02087246299633, -22.887384303980188 ], [ -46.019700605006584, -22.888074707976191 ], [ -46.019124655990893, -22.888325185993349 ], [ -46.01875997500516, -22.888431626995942 ], [ -46.018257688983766, -22.888434753994726 ], [ -46.017480968006019, -22.888187893974454 ], [ -46.015611491004229, -22.886990850991477 ], [ -46.014588452993813, -22.886504358986553 ], [ -46.014008666999011, -22.886261415984542 ], [ -46.013652943997748, -22.886140285976769 ], [ -46.013130538985948, -22.885960567982849 ], [ -46.012818435986567, -22.885962990976946 ], [ -46.012357028992504, -22.886079674994082 ], [ -46.009845617997932, -22.887997192983256 ], [ -46.008835811984248, -22.889163482988238 ], [ -46.008728310992936, -22.889284709999558 ], [ -46.00863075498448, -22.889395246982005 ], [ -46.008549430007179, -22.889470796008556 ], [ -46.008445144988436, -22.889521593996456 ], [ -46.008266047991924, -22.889556780982947 ], [ -46.00814456998323, -22.889533221976858 ], [ -46.007979932984803, -22.889469239983534 ], [ -46.007759626999373, -22.889355606989238 ], [ -46.007636391998062, -22.889266963995915 ], [ -46.007530787009301, -22.889119862005423 ], [ -46.006939425002848, -22.888110493998738 ], [ -46.006228039003226, -22.886617672997879 ], [ -46.005684727996886, -22.885757224986257 ], [ -46.003632372984313, -22.883729552982622 ], [ -46.003151917983985, -22.883116740976696 ], [ -46.003000229989453, -22.882713213981052 ], [ -46.002945880995256, -22.881723875980548 ], [ -46.002755816989598, -22.881339634002995 ], [ -46.001476981980936, -22.880008788001202 ], [ -46.000856292999423, -22.879549212005866 ], [ -46.000574105972831, -22.879353289997844 ], [ -46.000305681972385, -22.87915125599778 ], [ -46.000131835977797, -22.879003995978636 ], [ -45.999809743983157, -22.878858054995568 ], [ -45.999522648989739, -22.87877228999621 ], [ -45.999144712987544, -22.87869505799631 ], [ -45.998583710982722, -22.878657457989544 ], [ -45.997840990000121, -22.878692940001699 ], [ -45.99745362499884, -22.87870591499335 ], [ -45.997044112988632, -22.878757397977054 ], [ -45.996624459981973, -22.878830408976537 ], [ -45.996151789002809, -22.878923378993807 ], [ -45.995817613985928, -22.879014879996131 ], [ -45.995452389004981, -22.879097767977125 ], [ -45.995086614006354, -22.879157152977314 ], [ -45.994721261975904, -22.879193050988683 ], [ -45.994406231978438, -22.879196296990145 ], [ -45.99409510599633, -22.879145388998126 ], [ -45.993836950005793, -22.879077230999165 ], [ -45.993598410006065, -22.878948838006863 ], [ -45.993326674002276, -22.878660902002732 ], [ -45.992524384984812, -22.877837951982499 ], [ -45.991655935985328, -22.877115170995069 ], [ -45.99113556497845, -22.87671855599611 ], [ -45.990811359974309, -22.876420764979205 ], [ -45.990409539997685, -22.87599346099319 ], [ -45.990298893983983, -22.875695371986538 ], [ -45.990307996008347, -22.875515703990082 ], [ -45.990414495003066, -22.875234542998857 ], [ -45.990519131994525, -22.874894620001093 ], [ -45.990603613005554, -22.874644740983744 ], [ -45.990824853987974, -22.874165673975074 ], [ -45.991036480993685, -22.873625014003213 ], [ -45.991248362995414, -22.873124115002888 ], [ -45.991473884990604, -22.872677640982861 ], [ -45.99176369998041, -22.872180661981254 ], [ -45.992000764977021, -22.871796712978561 ], [ -45.992210991003475, -22.871387046974586 ], [ -45.992475685999942, -22.871038764985336 ], [ -45.992881083995847, -22.870620381005335 ], [ -45.992966304985472, -22.870544900995242 ], [ -45.993100679990576, -22.870393379984623 ], [ -45.993225371003376, -22.870238094006655 ], [ -45.993273390974323, -22.870116858007751 ], [ -45.993283877993647, -22.87002214599228 ], [ -45.993244116999463, -22.869902257998028 ], [ -45.993117565004006, -22.869782829975204 ], [ -45.992978804972132, -22.869745437978779 ], [ -45.992739394980035, -22.869720035992135 ], [ -45.992384696999423, -22.869707300988416 ], [ -45.992082671990779, -22.869693577 ], [ -45.991721329985488, -22.869670797991411 ], [ -45.991153613992189, -22.869575239000699 ], [ -45.990748118975198, -22.869513822985155 ], [ -45.990261198000603, -22.869425839990878 ], [ -45.989897805001114, -22.869300922990487 ], [ -45.989489230005518, -22.869194276979769 ], [ -45.989040006977419, -22.869070734008485 ], [ -45.988714561992353, -22.869004231996566 ], [ -45.98841467399776, -22.868926379975299 ], [ -45.988093979987902, -22.868812965978421 ], [ -45.987454214006384, -22.868604229997121 ], [ -45.987189543985259, -22.868573909990769 ], [ -45.986689032976308, -22.868590518993315 ], [ -45.98591710300424, -22.868626394977813 ], [ -45.985471915974635, -22.868603200980886 ], [ -45.985193255999199, -22.868591633990565 ], [ -45.984784595979178, -22.868543706994618 ], [ -45.984545984998135, -22.868528244995758 ], [ -45.984373413007212, -22.868527364997 ], [ -45.984100077978063, -22.868544793008589 ], [ -45.983887228995712, -22.868560452974453 ], [ -45.983742762000716, -22.868569044980486 ], [ -45.983646258001031, -22.868567541974173 ], [ -45.983552530000168, -22.868574213005587 ], [ -45.983415510006928, -22.868548586004515 ], [ -45.983269897994184, -22.868512884977097 ], [ -45.982962035999222, -22.868444837978785 ], [ -45.982753898005491, -22.868362080984383 ], [ -45.982258919999104, -22.868127569980597 ], [ -45.981791482988299, -22.867879934007547 ], [ -45.981589901001421, -22.867758423977499 ], [ -45.98133993300744, -22.867562969997302 ], [ -45.981140809999111, -22.867413486981832 ], [ -45.98076468199681, -22.867077817978501 ], [ -45.980623774994847, -22.866997913985042 ], [ -45.980428067008937, -22.866928899975246 ], [ -45.98007504798349, -22.866931524986899 ], [ -45.979817146999231, -22.866958223003241 ], [ -45.97953475199008, -22.867045076975931 ], [ -45.97922731400552, -22.867168586005494 ], [ -45.97843882600894, -22.867418313994662 ], [ -45.977606233998593, -22.867626688975278 ], [ -45.976857806007004, -22.86754994299557 ], [ -45.976536028009029, -22.867550336994867 ], [ -45.97623084300831, -22.867603397996533 ], [ -45.97596053597519, -22.867668748981888 ], [ -45.97563566699516, -22.867838963979356 ], [ -45.975163969983512, -22.868040315987049 ], [ -45.974971925001171, -22.868091527994128 ], [ -45.974768539006497, -22.868069373990345 ], [ -45.974575307998485, -22.86797147799037 ], [ -45.974392128985571, -22.86774994998644 ], [ -45.974306795997066, -22.867563384007038 ], [ -45.974299152990426, -22.867447607980509 ], [ -45.974325475985736, -22.86728718399516 ], [ -45.974486640974796, -22.866629195002805 ], [ -45.97451656397844, -22.86605679897761 ], [ -45.974514972990917, -22.865608603977698 ], [ -45.974474991985929, -22.865019754999651 ], [ -45.974310604009041, -22.864409080981261 ], [ -45.974018835001544, -22.863779247980993 ], [ -45.973752249000889, -22.863372989982171 ], [ -45.973486350998385, -22.863089627983641 ], [ -45.973270869004196, -22.862929035999624 ], [ -45.973019174009117, -22.862776009005103 ], [ -45.972837730998897, -22.862673776996356 ], [ -45.972468156974642, -22.862515291001866 ], [ -45.972140860992724, -22.862337586979848 ], [ -45.971898714986963, -22.862142239997745 ], [ -45.971535584988715, -22.861683867001194 ], [ -45.971147283007589, -22.861269374004944 ], [ -45.970840687993579, -22.861026030003416 ], [ -45.970722079978891, -22.860953693983987 ], [ -45.970283622976481, -22.860830267000729 ], [ -45.969950325972924, -22.860768120983352 ], [ -45.969616797993446, -22.860718622005859 ], [ -45.969219594988786, -22.860578669992137 ], [ -45.968829660991183, -22.860414433991529 ], [ -45.968417950007293, -22.860161306982295 ], [ -45.968102111981466, -22.859944017007152 ], [ -45.967825923989459, -22.859691204998853 ], [ -45.967548745992218, -22.859439280007553 ], [ -45.967280488974907, -22.859179362993348 ], [ -45.966939819984077, -22.858773737999567 ], [ -45.966687091988668, -22.858411055986739 ], [ -45.966226314990315, -22.857748738006052 ], [ -45.966064754993788, -22.857519406994754 ], [ -45.965841819975495, -22.857180683996223 ], [ -45.965542063979825, -22.856777504994241 ], [ -45.965122880977518, -22.85618721799678 ], [ -45.964913563979451, -22.85595713600388 ], [ -45.964758913980049, -22.855776704990831 ], [ -45.96454479199727, -22.855596242985314 ], [ -45.964216992977391, -22.855394117997953 ], [ -45.964053937005858, -22.855353608006276 ], [ -45.963906707988876, -22.855354007002802 ], [ -45.963695545986575, -22.855385026997538 ], [ -45.963455125974249, -22.855469800987368 ], [ -45.963173272008063, -22.85563434298702 ], [ -45.962838998988822, -22.855892934993488 ], [ -45.962559456988878, -22.856090943995827 ], [ -45.962093595978935, -22.856454089007041 ], [ -45.961962950999492, -22.856560464981612 ], [ -45.961768966008144, -22.85677156400217 ], [ -45.961617354981648, -22.856958027975121 ], [ -45.96151390199087, -22.85712356300666 ], [ -45.961350775998078, -22.857353216993857 ], [ -45.961165425992128, -22.857731611003054 ], [ -45.961010243999631, -22.858006568980294 ], [ -45.960925441998022, -22.858111856983804 ], [ -45.960825490985712, -22.858192510975545 ], [ -45.960713975007209, -22.858265754988103 ], [ -45.960492334006702, -22.858283051985318 ], [ -45.960431224003067, -22.858265826981864 ], [ -45.960357080002453, -22.858214963979808 ], [ -45.960263045979318, -22.858132163987303 ], [ -45.960210330979564, -22.858029232005634 ], [ -45.960191583002427, -22.857881653978041 ], [ -45.960162300979349, -22.85745741797939 ], [ -45.960118677978052, -22.857070906008612 ], [ -45.960067441008881, -22.856621025005616 ], [ -45.960010880980441, -22.856355387999979 ], [ -45.959905044996482, -22.855905551979937 ], [ -45.95974996000777, -22.855536261993894 ], [ -45.95949582099491, -22.855145534995263 ], [ -45.959211980982573, -22.854726328975065 ], [ -45.959033271008565, -22.854529249995466 ], [ -45.958534636980474, -22.854126542007968 ], [ -45.958118936003316, -22.853773930976903 ], [ -45.957974589001729, -22.853617147983378 ], [ -45.957871017006269, -22.853363420981548 ], [ -45.957772969005667, -22.852967918989112 ], [ -45.957716838995218, -22.852838728006798 ], [ -45.957404388002587, -22.852225703990662 ], [ -45.957211351008681, -22.851853102989125 ], [ -45.957064862992368, -22.851600505991335 ], [ -45.956981974001231, -22.851441979001649 ], [ -45.956829574979331, -22.851139592996237 ], [ -45.956716707978046, -22.850861320977483 ], [ -45.956684042977585, -22.850622263004048 ], [ -45.956657565983051, -22.850151986996572 ], [ -45.956635368981715, -22.850033270001994 ], [ -45.956620092006844, -22.84996254997537 ], [ -45.956597016981057, -22.849891708001387 ], [ -45.956554581973208, -22.849813331976549 ], [ -45.956487909979444, -22.84978065697646 ], [ -45.956366640996038, -22.849748026002224 ], [ -45.956161995998237, -22.849742994986869 ], [ -45.955888262994002, -22.849783861978281 ], [ -45.955642466988465, -22.849789928982659 ], [ -45.955389256990962, -22.849721785981927 ], [ -45.955176937009, -22.849603686994897 ], [ -45.954605472001965, -22.849080546995097 ], [ -45.954295926004185, -22.848841641981796 ], [ -45.95408557400188, -22.848722667993833 ], [ -45.953982543006937, -22.848705683008092 ], [ -45.953787645983034, -22.848700803008423 ], [ -45.953598854975056, -22.84878818398521 ], [ -45.953299132003465, -22.848917187005174 ], [ -45.952916383989468, -22.849001508996537 ], [ -45.952588814002901, -22.849054171000425 ], [ -45.952258008005913, -22.849070638996068 ], [ -45.952144932001097, -22.849069758995508 ], [ -45.95187016698295, -22.849007594980556 ], [ -45.951692373994575, -22.84892075698729 ], [ -45.951493922984255, -22.848737814004178 ], [ -45.951306541975086, -22.848536069992047 ], [ -45.950899187996718, -22.847784190984971 ], [ -45.950810257976045, -22.847477378994331 ], [ -45.95079671897858, -22.847206092001432 ], [ -45.950827655983005, -22.847061104984718 ], [ -45.950935549002168, -22.846813420999567 ], [ -45.951165831996001, -22.846377917005281 ], [ -45.951258693975902, -22.846099273993829 ], [ -45.95124383898446, -22.845952660007502 ], [ -45.951170634979242, -22.845851207997608 ], [ -45.951068087005666, -22.845808025008445 ], [ -45.950886058979705, -22.845845812988706 ], [ -45.95065017199579, -22.845949614983159 ], [ -45.950170806986378, -22.846251974003753 ], [ -45.949973610005252, -22.846319338999937 ], [ -45.949761500005934, -22.846349421990791 ], [ -45.949517476003791, -22.846365446987726 ], [ -45.949273391005526, -22.846331774002493 ], [ -45.948838803979427, -22.846319488984065 ], [ -45.948593778001666, -22.846283992981384 ], [ -45.948372807978444, -22.846212732985567 ], [ -45.948166030993363, -22.846111879989841 ], [ -45.947572554973242, -22.845727516976112 ], [ -45.947168661008433, -22.845583788995523 ], [ -45.946869305972868, -22.845533877992825 ], [ -45.946538374976015, -22.845557560002586 ], [ -45.9460416109726, -22.845692469996045 ], [ -45.945623904972024, -22.845716585986029 ], [ -45.945338753995621, -22.845689485979122 ], [ -45.944591759991333, -22.845542131001885 ], [ -45.944266950005527, -22.845498137994777 ], [ -45.94385878100384, -22.845480834987494 ], [ -45.943480475984018, -22.845482978984375 ], [ -45.943056479006103, -22.845478073980754 ], [ -45.942845509988388, -22.845499129984784 ], [ -45.942412809991929, -22.845596189002372 ], [ -45.942200532973686, -22.845635294996924 ], [ -45.941948603998206, -22.845709915997602 ], [ -45.941633748975825, -22.84581335798012 ], [ -45.941123159974182, -22.846116100004085 ], [ -45.940824238003565, -22.846359846982928 ], [ -45.940549806982993, -22.846544344981087 ], [ -45.940290919983255, -22.84662608198062 ], [ -45.939825435994244, -22.846650328995537 ], [ -45.939470869003365, -22.846633865002435 ], [ -45.939337160975015, -22.846641683999355 ], [ -45.939241121988793, -22.846615764996937 ], [ -45.939058990996301, -22.846553241003033 ], [ -45.938837750976909, -22.846444013993949 ], [ -45.938631089993805, -22.84628441699725 ], [ -45.938241623000728, -22.845782175995083 ], [ -45.937994900002309, -22.845469237993289 ], [ -45.93789016200077, -22.845228129001885 ], [ -45.937752920980166, -22.844688321984759 ], [ -45.937671818974458, -22.844381625985257 ], [ -45.937623424008272, -22.844257068000466 ], [ -45.937463478993664, -22.843943698998999 ], [ -45.937320166972434, -22.843732698977171 ], [ -45.937153753987026, -22.843558377988355 ], [ -45.936954495990186, -22.843420582975909 ], [ -45.936843934000862, -22.843336601992313 ], [ -45.936491071988129, -22.843175586002587 ], [ -45.936242393989978, -22.843021643994529 ], [ -45.936093649972783, -22.842893684991402 ], [ -45.935561029006173, -22.842331334982681 ], [ -45.935306715988837, -22.842113147985629 ], [ -45.934934027002193, -22.841917476990236 ], [ -45.934515120989886, -22.84179606900501 ], [ -45.934160326997386, -22.841739831001298 ], [ -45.933874936007314, -22.841726260975879 ], [ -45.933062664998566, -22.841789252978568 ], [ -45.932872362008212, -22.841747373990145 ], [ -45.93271495698496, -22.84166625997489 ], [ -45.932517370977934, -22.841543846992405 ], [ -45.932326163006081, -22.841340211975751 ], [ -45.932190406993655, -22.841142879998536 ], [ -45.932150065987592, -22.841004894986515 ], [ -45.932093649006205, -22.840734730981705 ], [ -45.932052156994828, -22.84050094800374 ], [ -45.932003329009206, -22.840347466004335 ], [ -45.931892647003799, -22.840164989996225 ], [ -45.931827845999891, -22.840084445007452 ], [ -45.931669547009072, -22.839946389982476 ], [ -45.931533948973602, -22.839793335988567 ], [ -45.931463262992324, -22.839662096003135 ], [ -45.93139560197703, -22.839525482994098 ], [ -45.931243952985611, -22.839133627994617 ], [ -45.931037444994772, -22.838756261003709 ], [ -45.930768129990383, -22.838401386974862 ], [ -45.930350462996351, -22.838055899004384 ], [ -45.930011194987912, -22.837846290998044 ], [ -45.929687921973617, -22.837615250991199 ], [ -45.929404303005946, -22.837348698998913 ], [ -45.929285009988625, -22.837210358976986 ], [ -45.929181828007025, -22.837044264985206 ], [ -45.929035526004775, -22.836574784001641 ], [ -45.928939256987412, -22.836246154989983 ], [ -45.928842455978788, -22.835998839999402 ], [ -45.928675028994107, -22.835669981994908 ], [ -45.928523368974986, -22.835437154004879 ], [ -45.928333165988903, -22.835232625986901 ], [ -45.928126400008232, -22.835080242007226 ], [ -45.92788006298165, -22.834906446002904 ], [ -45.927722518004728, -22.834833457004308 ], [ -45.927533199986819, -22.834791586984391 ], [ -45.927296769992559, -22.834767037977546 ], [ -45.927082753988351, -22.834742845999003 ], [ -45.926885791993548, -22.834692722005013 ], [ -45.926688809997358, -22.834591093007273 ], [ -45.926481778003364, -22.834453159997672 ], [ -45.926156263993974, -22.834133524986701 ], [ -45.925443440999445, -22.833514955976771 ], [ -45.925275491998171, -22.833319815000145 ], [ -45.925148104003391, -22.833092791987166 ], [ -45.925083371004298, -22.832851406986727 ], [ -45.9250025720062, -22.832530250983066 ], [ -45.924898744999545, -22.83239938298123 ], [ -45.924709546980203, -22.832298778975584 ], [ -45.92442447699019, -22.832216523991676 ], [ -45.924257830008393, -22.832161457993728 ], [ -45.924060013001956, -22.832052584005744 ], [ -45.923937202004268, -22.831946713007703 ], [ -45.923866931984662, -22.831846197983232 ], [ -45.923829322972168, -22.831666687981684 ], [ -45.923812782976249, -22.831454985987943 ], [ -45.923848488995532, -22.831001957997064 ], [ -45.923830309987125, -22.830511021986037 ], [ -45.923805723997965, -22.830365152990705 ], [ -45.923725438998616, -22.83022652800738 ], [ -45.923558316990352, -22.829934714988166 ], [ -45.92350936897703, -22.829788457005833 ], [ -45.923493821976102, -22.829628275006165 ], [ -45.923482709002585, -22.829386840976472 ], [ -45.923491138982584, -22.829247823978989 ], [ -45.92351248798677, -22.829043051002348 ], [ -45.923511253972848, -22.828794547007554 ], [ -45.92347102299577, -22.828546322997916 ], [ -45.92337497697627, -22.82831166597925 ], [ -45.923207304005217, -22.828049661994015 ], [ -45.923024058997264, -22.827838913990938 ], [ -45.922889188005705, -22.827700319983919 ], [ -45.922789649995039, -22.827548736989282 ], [ -45.922746531994505, -22.827351068000404 ], [ -45.922776803974898, -22.827138304988878 ], [ -45.922870567981263, -22.826918423998897 ], [ -45.923003664975717, -22.826732602985903 ], [ -45.923481940994776, -22.826226096001502 ], [ -45.923612952984236, -22.825995061988429 ], [ -45.923684485990712, -22.825764886004386 ], [ -45.923674803974755, -22.825603892986354 ], [ -45.923436900993117, -22.825239567990856 ], [ -45.923221617007876, -22.824969575006275 ], [ -45.922911016978716, -22.824635713980943 ], [ -45.922713596988267, -22.82445365300482 ], [ -45.922490957993091, -22.824264864997296 ], [ -45.921967841982607, -22.823879718989762 ], [ -45.921452390991455, -22.823501923001189 ], [ -45.921237399007829, -22.823268979002567 ], [ -45.921133968999015, -22.82311733197486 ], [ -45.920778549973953, -22.82246830399086 ], [ -45.920600489982462, -22.822241370006267 ], [ -45.920202839984256, -22.821819369008008 ], [ -45.919593684997089, -22.821187064996899 ], [ -45.919195754981573, -22.820780416978902 ], [ -45.919013969976248, -22.820649202996613 ], [ -45.918729110984749, -22.820504592974398 ], [ -45.918392758977397, -22.820403435988226 ], [ -45.917644938980494, -22.820204436008297 ], [ -45.916851208979246, -22.819801390994105 ], [ -45.916634228990944, -22.819675934991196 ], [ -45.915761528991411, -22.819117107981402 ], [ -45.915603285999197, -22.819030541984826 ], [ -45.91544507499416, -22.818994577007821 ], [ -45.915224211993895, -22.819025378002351 ], [ -45.914917328004861, -22.819121665990981 ], [ -45.914594869000958, -22.819216800974356 ], [ -45.914397762989921, -22.819228102988511 ], [ -45.914192475993424, -22.81920764698415 ], [ -45.913954583996208, -22.819053841976814 ], [ -45.913748247988046, -22.818828255006078 ], [ -45.91357959900396, -22.818515623994909 ], [ -45.913476483988262, -22.818347712005075 ], [ -45.913435277987261, -22.818205189001237 ], [ -45.913419067979092, -22.818133546005424 ], [ -45.91331175800611, -22.817092703007155 ], [ -45.913270653989251, -22.816944759989692 ], [ -45.913190535995462, -22.816850406999841 ], [ -45.91296820897243, -22.816646248975438 ], [ -45.912692454983215, -22.816484605999843 ], [ -45.912327490989455, -22.816350447982934 ], [ -45.912081838992002, -22.816299524995973 ], [ -45.911854397975532, -22.816265156986088 ], [ -45.911459607002939, -22.816266961005837 ], [ -45.910773494991801, -22.816314693008035 ], [ -45.910347787976114, -22.816353947977621 ], [ -45.909733137974662, -22.816489565979975 ], [ -45.909092772986668, -22.816749463995613 ], [ -45.908743121977949, -22.81699595400152 ], [ -45.907787493002516, -22.817852575999041 ], [ -45.90723000300671, -22.818214998989649 ], [ -45.905631747983008, -22.818720634987098 ], [ -45.905239096991799, -22.818920343 ], [ -45.904870017983669, -22.819266811007289 ] ] ] } },
{ "type": "Feature", "properties": { "id": 1, "regiao": "Centro", "populacao": 72115 }, "geometry": { "type": "Polygon", "coordinates": [ [ [ -45.9125691, -23.1991957 ], [ -45.9121428, -23.1996612 ], [ -45.9103485, -23.2011937 ], [ -45.9100906, -23.2014938 ], [ -45.9080179, -23.2032729 ], [ -45.9070144, -23.2043007 ], [ -45.9059154, -23.2051947 ], [ -45.905923, -23.2052413 ], [ -45.9056034, -23.2057158 ], [ -45.9039697, -23.2078002 ], [ -45.9034829, -23.2081897 ], [ -45.9023194, -23.2089265 ], [ -45.901272, -23.209374 ], [ -45.8994393, -23.2097769 ], [ -45.8983293, -23.2099842 ], [ -45.8959855, -23.2106287 ], [ -45.8930756, -23.2112477 ], [ -45.8917428, -23.2120881 ], [ -45.8907065, -23.2110477 ], [ -45.885058, -23.2057764 ], [ -45.883642, -23.2044676 ], [ -45.8806804, -23.2016443 ], [ -45.878981, -23.2001213 ], [ -45.8773586, -23.1987469 ], [ -45.8751409, -23.1971632 ], [ -45.8726384, -23.1957774 ], [ -45.8685701, -23.1937266 ], [ -45.8684901, -23.193686 ], [ -45.8640192, -23.1914779 ], [ -45.8642546, -23.1911165 ], [ -45.8641826, -23.1909014 ], [ -45.8633543, -23.1903287 ], [ -45.8631862, -23.1901766 ], [ -45.8630848, -23.1899916 ], [ -45.8630888, -23.1897047 ], [ -45.8632643, -23.1894345 ], [ -45.863245, -23.1893923 ], [ -45.8633062, -23.1892274 ], [ -45.8634576, -23.1888292 ], [ -45.8636534, -23.1885184 ], [ -45.8638504, -23.1880728 ], [ -45.8639633, -23.1877354 ], [ -45.8641673, -23.1874241 ], [ -45.8647907, -23.1867436 ], [ -45.8652074, -23.1863448 ], [ -45.8658766, -23.1854658 ], [ -45.8666591, -23.1841514 ], [ -45.866802, -23.182657 ], [ -45.8669795, -23.181378 ], [ -45.8669846, -23.1807618 ], [ -45.8670363, -23.1800886 ], [ -45.8669957, -23.1794163 ], [ -45.8668388, -23.1791666 ], [ -45.8669236, -23.178696 ], [ -45.8671276, -23.1780047 ], [ -45.867473, -23.1773126 ], [ -45.8679915, -23.176525 ], [ -45.8689413, -23.176404 ], [ -45.8689157, -23.1757406 ], [ -45.874693, -23.1747536 ], [ -45.8751939, -23.1746624 ], [ -45.8756073, -23.1745791 ], [ -45.8755505, -23.1744101 ], [ -45.8754991, -23.1738509 ], [ -45.8771406, -23.1728847 ], [ -45.8773855, -23.1726035 ], [ -45.8780713, -23.1727838 ], [ -45.8784954, -23.1729758 ], [ -45.8808669, -23.1713596 ], [ -45.881155, -23.1715065 ], [ -45.8810757, -23.1733488 ], [ -45.8816126, -23.1733598 ], [ -45.8857176, -23.1736457 ], [ -45.8884539, -23.1738284 ], [ -45.8895239, -23.1739173 ], [ -45.8902971, -23.1739793 ], [ -45.8943515, -23.1743143 ], [ -45.8953233, -23.1744093 ], [ -45.9061056, -23.1751402 ], [ -45.9079128, -23.1752295 ], [ -45.9088791, -23.1752121 ], [ -45.9104194, -23.1750799 ], [ -45.9115054, -23.1749012 ], [ -45.9134196, -23.1745262 ], [ -45.913955, -23.1757412 ], [ -45.9140879, -23.176633 ], [ -45.9151157, -23.1783184 ], [ -45.9159261, -23.1798605 ], [ -45.915917, -23.1806541 ], [ -45.9151368, -23.1814253 ], [ -45.9138919, -23.1822934 ], [ -45.9125008, -23.1830547 ], [ -45.9115575, -23.1833561 ], [ -45.9110385, -23.1840451 ], [ -45.9108073, -23.1848473 ], [ -45.910785, -23.1854985 ], [ -45.9111712, -23.1860559 ], [ -45.9116141, -23.186398 ], [ -45.9123067, -23.1864433 ], [ -45.913081, -23.186403 ], [ -45.9139123, -23.1854759 ], [ -45.9144852, -23.1835922 ], [ -45.9149421, -23.1831463 ], [ -45.9154679, -23.1828657 ], [ -45.9169901, -23.1824629 ], [ -45.9176697, -23.1827275 ], [ -45.9182069, -23.1834228 ], [ -45.9184992, -23.1837089 ], [ -45.9177234, -23.1843242 ], [ -45.9172813, -23.1846996 ], [ -45.9168803, -23.1850365 ], [ -45.9166863, -23.1853913 ], [ -45.916555, -23.1858605 ], [ -45.9164971, -23.1864631 ], [ -45.9163868, -23.1869704 ], [ -45.9160525, -23.1879856 ], [ -45.9156463, -23.1905977 ], [ -45.9152299, -23.1932289 ], [ -45.9148045, -23.1960514 ], [ -45.9147756, -23.196367 ], [ -45.9147769, -23.1965582 ], [ -45.9147466, -23.1966635 ], [ -45.914562, -23.196894 ], [ -45.9139988, -23.1977098 ], [ -45.9138146, -23.1979977 ], [ -45.9134858, -23.1983055 ], [ -45.9131673, -23.1986228 ], [ -45.9129102, -23.198825 ], [ -45.9125691, -23.1991957 ] ] ] } },
{ "type": "Feature", "properties": { "id": 2, "regiao": "Sudeste", "populacao": 46803 }, "geometry": { "type": "Polygon", "coordinates": [ [ [ -45.7928021, -23.2487253 ], [ -45.7931917, -23.2485179 ], [ -45.7934569, -23.2484719 ], [ -45.7936622, -23.2484932 ], [ -45.7939282, -23.2485811 ], [ -45.7943499, -23.2484674 ], [ -45.794797, -23.2475654 ], [ -45.795344, -23.2471908 ], [ -45.7960073, -23.2471205 ], [ -45.7962957, -23.2469182 ], [ -45.7965606, -23.2468053 ], [ -45.7967404, -23.2466036 ], [ -45.796945, -23.2465133 ], [ -45.7971997, -23.2464816 ], [ -45.7972556, -23.2464195 ], [ -45.7975357, -23.2463255 ], [ -45.7975987, -23.2462205 ], [ -45.7977699, -23.2461095 ], [ -45.7980037, -23.2458215 ], [ -45.7984696, -23.2456574 ], [ -45.7988118, -23.2451095 ], [ -45.7989353, -23.2449595 ], [ -45.7991427, -23.2448205 ], [ -45.7993961, -23.2446934 ], [ -45.7994429, -23.2446629 ], [ -45.7996811, -23.2445074 ], [ -45.7998695, -23.2441355 ], [ -45.7998971, -23.2440122 ], [ -45.7999352, -23.2438425 ], [ -45.7998833, -23.2436996 ], [ -45.7998849, -23.2434077 ], [ -45.7999172, -23.2429784 ], [ -45.7999266, -23.2427611 ], [ -45.7999325, -23.242416 ], [ -45.7997704, -23.2424041 ], [ -45.7997643, -23.2421892 ], [ -45.7997216, -23.2420312 ], [ -45.7995924, -23.2419243 ], [ -45.7994852, -23.2417857 ], [ -45.799417, -23.2416975 ], [ -45.799335, -23.2415915 ], [ -45.7993105, -23.2415464 ], [ -45.7992315, -23.2414006 ], [ -45.7992063, -23.2413056 ], [ -45.7991767, -23.2410428 ], [ -45.7991552, -23.2408518 ], [ -45.7992309, -23.240549 ], [ -45.7992599, -23.2404329 ], [ -45.7992849, -23.2403421 ], [ -45.7994647, -23.2398819 ], [ -45.799508, -23.2397631 ], [ -45.7995458, -23.2395946 ], [ -45.7995716, -23.2394792 ], [ -45.7995066, -23.2390139 ], [ -45.7994746, -23.238414 ], [ -45.7995354, -23.2380895 ], [ -45.7997572, -23.2377047 ], [ -45.7999907, -23.2374527 ], [ -45.800136, -23.2372038 ], [ -45.8002314, -23.2369438 ], [ -45.8002263, -23.2367229 ], [ -45.8001638, -23.236535 ], [ -45.7999359, -23.2362701 ], [ -45.7999389, -23.2340034 ], [ -45.7999518, -23.2335141 ], [ -45.7998222, -23.2333352 ], [ -45.7998111, -23.2331091 ], [ -45.7997843, -23.2329773 ], [ -45.799863, -23.2327864 ], [ -45.7999018, -23.2325824 ], [ -45.7999026, -23.2323355 ], [ -45.799903, -23.2322125 ], [ -45.7999297, -23.2320216 ], [ -45.8000079, -23.2319016 ], [ -45.8001239, -23.2317936 ], [ -45.8002797, -23.2317326 ], [ -45.800487, -23.2316116 ], [ -45.8005441, -23.2314896 ], [ -45.8006743, -23.2313631 ], [ -45.800851, -23.2311916 ], [ -45.8011473, -23.2310815 ], [ -45.8014257, -23.2308515 ], [ -45.8016149, -23.2306245 ], [ -45.8017825, -23.2303416 ], [ -45.8020564, -23.2300496 ], [ -45.8025229, -23.2297126 ], [ -45.8027877, -23.2295425 ], [ -45.8029383, -23.2292556 ], [ -45.8029453, -23.2290297 ], [ -45.8029184, -23.2290157 ], [ -45.8029192, -23.2286878 ], [ -45.8030702, -23.2283718 ], [ -45.8032252, -23.2280469 ], [ -45.8033165, -23.2279089 ], [ -45.8034867, -23.2276759 ], [ -45.8035437, -23.227573 ], [ -45.803563, -23.227531 ], [ -45.8036159, -23.227437 ], [ -45.8038039, -23.227231 ], [ -45.8040239, -23.227033 ], [ -45.8042128, -23.226956 ], [ -45.8042768, -23.226853 ], [ -45.8047316, -23.2265949 ], [ -45.8055607, -23.2262318 ], [ -45.8057094, -23.2260558 ], [ -45.8058001, -23.2258708 ], [ -45.805925, -23.2255609 ], [ -45.8061704, -23.2253129 ], [ -45.8063923, -23.2251279 ], [ -45.8064564, -23.2249587 ], [ -45.806462, -23.2249439 ], [ -45.8064184, -23.22477 ], [ -45.8064199, -23.2243631 ], [ -45.8065296, -23.2239612 ], [ -45.806629, -23.2235744 ], [ -45.8067054, -23.2234234 ], [ -45.8069141, -23.2232624 ], [ -45.8070692, -23.2231584 ], [ -45.8072373, -23.2230553 ], [ -45.807484, -23.2228933 ], [ -45.8076655, -23.2226293 ], [ -45.807932, -23.2223773 ], [ -45.8082742, -23.2222853 ], [ -45.808586, -23.2221222 ], [ -45.8088848, -23.2218412 ], [ -45.808949, -23.2215893 ], [ -45.8091188, -23.2215293 ], [ -45.8093261, -23.2214092 ], [ -45.8095715, -23.2212812 ], [ -45.809895, -23.2211421 ], [ -45.8100783, -23.2209032 ], [ -45.8102525, -23.2205602 ], [ -45.8105316, -23.2201233 ], [ -45.8105462, -23.2199453 ], [ -45.8103973, -23.2196875 ], [ -45.8102493, -23.2195516 ], [ -45.8101601, -23.2193267 ], [ -45.8102078, -23.2191835 ], [ -45.8102639, -23.2190148 ], [ -45.8104462, -23.2187748 ], [ -45.8106788, -23.2186307 ], [ -45.8110421, -23.2185327 ], [ -45.811284, -23.2184556 ], [ -45.8118944, -23.2186614 ], [ -45.812081, -23.2187862 ], [ -45.8125168, -23.2182205 ], [ -45.8141519, -23.2160985 ], [ -45.8142589, -23.2159508 ], [ -45.8169426, -23.2122489 ], [ -45.8148635, -23.2103622 ], [ -45.8152046, -23.2099433 ], [ -45.8154375, -23.2096383 ], [ -45.8155168, -23.2093824 ], [ -45.8155997, -23.2092854 ], [ -45.8158277, -23.2089754 ], [ -45.8161453, -23.2087204 ], [ -45.8165534, -23.2085273 ], [ -45.8168253, -23.2084663 ], [ -45.8171291, -23.2084112 ], [ -45.8174915, -23.2083071 ], [ -45.8176216, -23.2081931 ], [ -45.8178478, -23.2080901 ], [ -45.8184237, -23.2080629 ], [ -45.8189607, -23.2080247 ], [ -45.8191946, -23.2079527 ], [ -45.8193504, -23.2077607 ], [ -45.8193831, -23.2074548 ], [ -45.8194676, -23.2071789 ], [ -45.8197084, -23.2067779 ], [ -45.8198971, -23.206377 ], [ -45.8201061, -23.2059411 ], [ -45.8202611, -23.2057361 ], [ -45.8203062, -23.2056161 ], [ -45.8203135, -23.2054602 ], [ -45.8203336, -23.2052272 ], [ -45.8206129, -23.2049972 ], [ -45.8211454, -23.2046672 ], [ -45.8215604, -23.2042592 ], [ -45.8223112, -23.20404 ], [ -45.8226862, -23.203755 ], [ -45.8232439, -23.2034059 ], [ -45.8236444, -23.2032798 ], [ -45.8240408, -23.2030628 ], [ -45.8241434, -23.2030068 ], [ -45.8248421, -23.2029026 ], [ -45.8255674, -23.2027414 ], [ -45.8260729, -23.2027503 ], [ -45.8268614, -23.202806 ], [ -45.8276181, -23.2028317 ], [ -45.8281622, -23.2027806 ], [ -45.8288999, -23.2025674 ], [ -45.8294176, -23.2025522 ], [ -45.8301415, -23.202662 ], [ -45.8304397, -23.2026899 ], [ -45.831107, -23.2023938 ], [ -45.8316885, -23.2024136 ], [ -45.8322654, -23.2021655 ], [ -45.8329118, -23.2022102 ], [ -45.833391, -23.2020162 ], [ -45.8337287, -23.2017571 ], [ -45.8340064, -23.2017141 ], [ -45.8346462, -23.2018238 ], [ -45.8348596, -23.2018108 ], [ -45.8358432, -23.2017515 ], [ -45.8370808, -23.2011643 ], [ -45.8374828, -23.2008732 ], [ -45.8376697, -23.2005603 ], [ -45.8385335, -23.1994324 ], [ -45.8391572, -23.198391 ], [ -45.8399491, -23.1973716 ], [ -45.8401953, -23.1971646 ], [ -45.8414015, -23.1957907 ], [ -45.84183, -23.1953931 ], [ -45.8425426, -23.1946737 ], [ -45.8426996, -23.1945017 ], [ -45.8428722, -23.1944564 ], [ -45.8429651, -23.1944344 ], [ -45.8430814, -23.1944338 ], [ -45.8432436, -23.1943182 ], [ -45.8438813, -23.193354 ], [ -45.8446751, -23.1919762 ], [ -45.8449932, -23.1915616 ], [ -45.8453308, -23.190758 ], [ -45.845502, -23.1905382 ], [ -45.8457618, -23.1900975 ], [ -45.845885, -23.1898883 ], [ -45.8461265, -23.1894054 ], [ -45.8463749, -23.1890676 ], [ -45.8464661, -23.1887588 ], [ -45.8464398, -23.1882857 ], [ -45.8467822, -23.18723 ], [ -45.8468892, -23.1869856 ], [ -45.8469938, -23.1863541 ], [ -45.8471008, -23.1861026 ], [ -45.8471995, -23.1857723 ], [ -45.8471352, -23.1853998 ], [ -45.8469599, -23.1846609 ], [ -45.8466001, -23.1841753 ], [ -45.845778, -23.1836481 ], [ -45.8451045, -23.1829566 ], [ -45.8445331, -23.1824982 ], [ -45.8438913, -23.182176 ], [ -45.8433781, -23.1819905 ], [ -45.8433154, -23.1817567 ], [ -45.8432387, -23.1815692 ], [ -45.8431861, -23.1814333 ], [ -45.8431694, -23.181247 ], [ -45.8432125, -23.1809363 ], [ -45.8471026, -23.1829368 ], [ -45.8512292, -23.1850968 ], [ -45.8527928, -23.1858944 ], [ -45.8539109, -23.1864542 ], [ -45.8560217, -23.1874924 ], [ -45.8594709, -23.1891765 ], [ -45.8640622, -23.1914119 ], [ -45.8640192, -23.1914779 ], [ -45.8684901, -23.193686 ], [ -45.8685701, -23.1937266 ], [ -45.8726384, -23.1957774 ], [ -45.8751409, -23.1971632 ], [ -45.8773586, -23.1987469 ], [ -45.878981, -23.2001213 ], [ -45.8806804, -23.2016443 ], [ -45.883642, -23.2044676 ], [ -45.8824964, -23.2055509 ], [ -45.8826083, -23.2057726 ], [ -45.8826098, -23.205989 ], [ -45.8825592, -23.2062056 ], [ -45.882238, -23.2067722 ], [ -45.8820061, -23.207086 ], [ -45.8819622, -23.2073326 ], [ -45.8820606, -23.2074703 ], [ -45.8818231, -23.20781 ], [ -45.8825396, -23.2082103 ], [ -45.8828009, -23.207858 ], [ -45.8846011, -23.2087696 ], [ -45.8837603, -23.2099992 ], [ -45.8834462, -23.2111247 ], [ -45.883036, -23.2132973 ], [ -45.8833311, -23.2137281 ], [ -45.8831459, -23.214155 ], [ -45.8826486, -23.2149163 ], [ -45.8819614, -23.2158545 ], [ -45.8812708, -23.2167196 ], [ -45.8802737, -23.2178552 ], [ -45.8791439, -23.2191928 ], [ -45.87887, -23.2195581 ], [ -45.8775489, -23.2210747 ], [ -45.8761202, -23.2228009 ], [ -45.8746575, -23.2244499 ], [ -45.8729814, -23.2267502 ], [ -45.8716452, -23.228483 ], [ -45.8709379, -23.2292228 ], [ -45.8702237, -23.2301246 ], [ -45.8695272, -23.2311656 ], [ -45.869296, -23.2316622 ], [ -45.8691159, -23.2322979 ], [ -45.8689863, -23.2329642 ], [ -45.8686804, -23.2349622 ], [ -45.8683447, -23.2366001 ], [ -45.8680491, -23.2384868 ], [ -45.8676392, -23.240552 ], [ -45.8674178, -23.2420115 ], [ -45.8671943, -23.2431508 ], [ -45.8668132, -23.243722 ], [ -45.8662395, -23.2442587 ], [ -45.8652055, -23.2450113 ], [ -45.8629849, -23.2467146 ], [ -45.8596912, -23.2478167 ], [ -45.8570517, -23.2486339 ], [ -45.8549324, -23.2493626 ], [ -45.8429306, -23.2533181 ], [ -45.842445, -23.2534453 ], [ -45.8397112, -23.2544289 ], [ -45.8392256, -23.2547353 ], [ -45.8385331, -23.2552402 ], [ -45.8368861, -23.2563416 ], [ -45.8357484, -23.257233 ], [ -45.8331145, -23.2590659 ], [ -45.8315, -23.260177 ], [ -45.8266365, -23.2632515 ], [ -45.8247085, -23.2644077 ], [ -45.8236075, -23.265188 ], [ -45.8216266, -23.2663769 ], [ -45.8203172, -23.2672101 ], [ -45.8201805, -23.2672911 ], [ -45.8123559, -23.2647432 ], [ -45.8117746, -23.2645639 ], [ -45.8114752, -23.2644662 ], [ -45.810664, -23.2641674 ], [ -45.810161, -23.2639823 ], [ -45.8098207, -23.2638366 ], [ -45.8089684, -23.2634469 ], [ -45.8084737, -23.2632001 ], [ -45.8074461, -23.2626075 ], [ -45.8068738, -23.2622392 ], [ -45.8065688, -23.2620282 ], [ -45.8061157, -23.2617097 ], [ -45.8056691, -23.2613752 ], [ -45.8052145, -23.2610263 ], [ -45.8049287, -23.2607811 ], [ -45.8033621, -23.2593065 ], [ -45.8023979, -23.2584038 ], [ -45.7992972, -23.2555131 ], [ -45.7969027, -23.2531241 ], [ -45.7963408, -23.2525615 ], [ -45.7959001, -23.2521586 ], [ -45.7953273, -23.2516035 ], [ -45.7944448, -23.2506958 ], [ -45.7936373, -23.2498107 ], [ -45.7935013, -23.2496618 ], [ -45.7932677, -23.2493715 ], [ -45.7929809, -23.248982 ], [ -45.7928021, -23.2487253 ] ] ] } },
{ "type": "Feature", "properties": { "id": 3, "regiao": "Norte", "populacao": 59800 }, "geometry": { "type": "Polygon", "coordinates": [ [ [ -45.9163946, -23.109952 ], [ -45.9163969, -23.1099586 ], [ -45.9164081, -23.110186 ], [ -45.918153, -23.1106274 ], [ -45.918149, -23.1106383 ], [ -45.9181512, -23.1106388 ], [ -45.9181021, -23.1107716 ], [ -45.9180577, -23.1109219 ], [ -45.9180329, -23.1110069 ], [ -45.9179911, -23.1110954 ], [ -45.9179621, -23.1111383 ], [ -45.9179236, -23.1112257 ], [ -45.9178851, -23.1113131 ], [ -45.9178443, -23.1114307 ], [ -45.9178035, -23.1115483 ], [ -45.9177624, -23.1116322 ], [ -45.9177212, -23.1117161 ], [ -45.9176537, -23.1118326 ], [ -45.9181184, -23.1121837 ], [ -45.918112, -23.1121876 ], [ -45.9181128, -23.1121882 ], [ -45.9180414, -23.1122329 ], [ -45.9179277, -23.112364 ], [ -45.9180248, -23.112501 ], [ -45.9180238, -23.1125062 ], [ -45.9180252, -23.1125082 ], [ -45.9180078, -23.1126 ], [ -45.918006, -23.1126003 ], [ -45.9180055, -23.1126028 ], [ -45.9178691, -23.1126205 ], [ -45.9177383, -23.1127267 ], [ -45.9177128, -23.1129604 ], [ -45.9176335, -23.1132195 ], [ -45.9174004, -23.113421 ], [ -45.9172835, -23.113455 ], [ -45.9171308, -23.1135393 ], [ -45.9169331, -23.1136239 ], [ -45.9168526, -23.1137161 ], [ -45.9166916, -23.1139005 ], [ -45.9164675, -23.1140937 ], [ -45.9164639, -23.1140946 ], [ -45.9164617, -23.1140965 ], [ -45.91626, -23.1141487 ], [ -45.9160322, -23.1141416 ], [ -45.9158232, -23.1141008 ], [ -45.9156435, -23.1140438 ], [ -45.9154757, -23.1140448 ], [ -45.9153227, -23.1141003 ], [ -45.9152248, -23.1142844 ], [ -45.9151807, -23.1144348 ], [ -45.9151189, -23.114627 ], [ -45.9151201, -23.1148021 ], [ -45.9150851, -23.1149525 ], [ -45.9150135, -23.1150363 ], [ -45.9148257, -23.1152918 ], [ -45.9148016, -23.1153519 ], [ -45.9147084, -23.1155614 ], [ -45.9146997, -23.1155803 ], [ -45.9146331, -23.1157209 ], [ -45.9145847, -23.1158094 ], [ -45.9145558, -23.1158557 ], [ -45.9145321, -23.1159324 ], [ -45.9145132, -23.1159869 ], [ -45.9144317, -23.116199 ], [ -45.914415, -23.1162392 ], [ -45.9142381, -23.1166378 ], [ -45.9140244, -23.1171337 ], [ -45.9138649, -23.1175289 ], [ -45.9138319, -23.1176009 ], [ -45.9135149, -23.1182173 ], [ -45.9134429, -23.1183869 ], [ -45.913309, -23.1187182 ], [ -45.9133006, -23.1187384 ], [ -45.9131561, -23.1190714 ], [ -45.9131241, -23.1191373 ], [ -45.9130345, -23.1193039 ], [ -45.9129746, -23.1193999 ], [ -45.9128656, -23.1195523 ], [ -45.9128151, -23.1196166 ], [ -45.9127193, -23.1197279 ], [ -45.9126675, -23.1197833 ], [ -45.9125218, -23.119927 ], [ -45.9124508, -23.1199902 ], [ -45.9122319, -23.1201665 ], [ -45.9122255, -23.1201716 ], [ -45.91178, -23.1205242 ], [ -45.9117612, -23.1205386 ], [ -45.9112133, -23.1209507 ], [ -45.9106757, -23.1213712 ], [ -45.9105701, -23.1214603 ], [ -45.9105222, -23.1215154 ], [ -45.9104626, -23.1216004 ], [ -45.9103998, -23.1217258 ], [ -45.9103764, -23.1218017 ], [ -45.910361, -23.1219942 ], [ -45.9103545, -23.1223698 ], [ -45.9103505, -23.122438 ], [ -45.9103306, -23.1226382 ], [ -45.9103182, -23.1227211 ], [ -45.9102565, -23.1230268 ], [ -45.9102024, -23.1231986 ], [ -45.9100769, -23.1234868 ], [ -45.9099851, -23.1236484 ], [ -45.9098129, -23.1238887 ], [ -45.9097406, -23.1239773 ], [ -45.9096233, -23.1241039 ], [ -45.9095443, -23.1242193 ], [ -45.9094332, -23.1243523 ], [ -45.9092922, -23.1244921 ], [ -45.9092615, -23.1245353 ], [ -45.9092232, -23.1246313 ], [ -45.9091894, -23.1247546 ], [ -45.9091712, -23.1249223 ], [ -45.9091539, -23.1250233 ], [ -45.9091108, -23.1252075 ], [ -45.9090388, -23.1254031 ], [ -45.9089378, -23.1256001 ], [ -45.9088381, -23.1257532 ], [ -45.9086942, -23.1259316 ], [ -45.9086706, -23.1259732 ], [ -45.9086491, -23.1260391 ], [ -45.908641, -23.1260768 ], [ -45.9086416, -23.1261095 ], [ -45.9086916, -23.1265235 ], [ -45.9087143, -23.1265332 ], [ -45.9089923, -23.1266191 ], [ -45.9090389, -23.1266348 ], [ -45.9094222, -23.1267737 ], [ -45.9095895, -23.1268522 ], [ -45.909731, -23.1269353 ], [ -45.9099241, -23.1270841 ], [ -45.9100485, -23.1272084 ], [ -45.9102445, -23.1275006 ], [ -45.9103171, -23.127677 ], [ -45.9103649, -23.1278344 ], [ -45.9104008, -23.1280146 ], [ -45.910417, -23.1281667 ], [ -45.9104206, -23.1284238 ], [ -45.9104207, -23.1284377 ], [ -45.9104192, -23.129077 ], [ -45.9104191, -23.129093 ], [ -45.9104045, -23.1297727 ], [ -45.9103988, -23.1306273 ], [ -45.9103959, -23.1306911 ], [ -45.9103798, -23.1308841 ], [ -45.9103687, -23.1309673 ], [ -45.9102999, -23.1313382 ], [ -45.9102034, -23.131603 ], [ -45.9101678, -23.1316476 ], [ -45.9135422, -23.133525 ], [ -45.915816, -23.1345157 ], [ -45.9160344, -23.1345882 ], [ -45.9164679, -23.1346204 ], [ -45.917119, -23.1346492 ], [ -45.9173524, -23.1346375 ], [ -45.9181893, -23.1346488 ], [ -45.9186982, -23.1346479 ], [ -45.9189554, -23.1346421 ], [ -45.9192464, -23.1346206 ], [ -45.9194427, -23.1345749 ], [ -45.9202826, -23.1343639 ], [ -45.9205273, -23.134295 ], [ -45.9208247, -23.1342216 ], [ -45.9210103, -23.1344844 ], [ -45.9214722, -23.1419994 ], [ -45.9219345, -23.141553 ], [ -45.9221182, -23.1414136 ], [ -45.9222389, -23.1413779 ], [ -45.9226628, -23.1414627 ], [ -45.9231288, -23.141652 ], [ -45.9236136, -23.1416949 ], [ -45.9238108, -23.1416297 ], [ -45.9240863, -23.1414269 ], [ -45.9242823, -23.1411788 ], [ -45.9246593, -23.1407903 ], [ -45.9256673, -23.1408532 ], [ -45.9259045, -23.1412618 ], [ -45.9258355, -23.1413636 ], [ -45.9255874, -23.1415984 ], [ -45.9250488, -23.1424721 ], [ -45.9245457, -23.1427811 ], [ -45.9238366, -23.1429559 ], [ -45.9239402, -23.1436313 ], [ -45.9235857, -23.1436907 ], [ -45.9234544, -23.1450552 ], [ -45.923418, -23.1451235 ], [ -45.9233528, -23.1451879 ], [ -45.9235767, -23.145511 ], [ -45.9237541, -23.1463402 ], [ -45.9238583, -23.1463431 ], [ -45.9238996, -23.1463238 ], [ -45.9239739, -23.1463042 ], [ -45.9240605, -23.1462876 ], [ -45.9242097, -23.1463028 ], [ -45.9242967, -23.1463176 ], [ -45.924392, -23.14634 ], [ -45.9245578, -23.1463696 ], [ -45.9247648, -23.1463989 ], [ -45.9250051, -23.1464433 ], [ -45.9251336, -23.1464693 ], [ -45.9253449, -23.1465177 ], [ -45.9255726, -23.1465431 ], [ -45.9256885, -23.1465386 ], [ -45.9258579, -23.1465033 ], [ -45.926052, -23.1464563 ], [ -45.9263083, -23.146428 ], [ -45.9264863, -23.1464308 ], [ -45.9266105, -23.1464492 ], [ -45.9267181, -23.1464447 ], [ -45.9269078, -23.1464307 ], [ -45.9270641, -23.1463712 ], [ -45.927415, -23.1462047 ], [ -45.9277952, -23.1464083 ], [ -45.928026, -23.14664 ], [ -45.9280463, -23.1466554 ], [ -45.9280632, -23.146677 ], [ -45.9280869, -23.1466893 ], [ -45.9280954, -23.1467064 ], [ -45.928114, -23.146728 ], [ -45.9281293, -23.1467466 ], [ -45.9281496, -23.146762 ], [ -45.92817, -23.1467868 ], [ -45.9281936, -23.1468053 ], [ -45.9282072, -23.1468239 ], [ -45.9282208, -23.1468486 ], [ -45.9282361, -23.1468688 ], [ -45.9282548, -23.146892 ], [ -45.9282717, -23.1469074 ], [ -45.9282988, -23.1469383 ], [ -45.9283242, -23.1469568 ], [ -45.9283378, -23.1469738 ], [ -45.9283547, -23.1469846 ], [ -45.9283666, -23.1470016 ], [ -45.9283835, -23.1470249 ], [ -45.9283971, -23.1470434 ], [ -45.9284107, -23.1470651 ], [ -45.9284176, -23.1470931 ], [ -45.9284296, -23.1471132 ], [ -45.9284398, -23.1471349 ], [ -45.9284517, -23.1471581 ], [ -45.9284641, -23.1471826 ], [ -45.9284744, -23.147212 ], [ -45.9284915, -23.147257 ], [ -45.9285018, -23.1472896 ], [ -45.9285071, -23.1473206 ], [ -45.9285157, -23.1473579 ], [ -45.9285227, -23.1473952 ], [ -45.928528, -23.1474231 ], [ -45.9285315, -23.1474495 ], [ -45.9285401, -23.1474743 ], [ -45.9285504, -23.1475022 ], [ -45.928554, -23.1475333 ], [ -45.9285559, -23.1475721 ], [ -45.9285544, -23.1476032 ], [ -45.9285547, -23.1476359 ], [ -45.9285532, -23.1476654 ], [ -45.9285484, -23.1477012 ], [ -45.928552, -23.1477385 ], [ -45.9285506, -23.1477758 ], [ -45.9285508, -23.1478069 ], [ -45.9285526, -23.1478286 ], [ -45.9285511, -23.1478535 ], [ -45.9285513, -23.1478768 ], [ -45.928548, -23.1478924 ], [ -45.9285447, -23.1479229 ], [ -45.9285367, -23.1479712 ], [ -45.9285369, -23.1480038 ], [ -45.9285271, -23.1480474 ], [ -45.9285257, -23.1480863 ], [ -45.9285175, -23.1481127 ], [ -45.9285127, -23.1481516 ], [ -45.9285095, -23.1481843 ], [ -45.9285031, -23.1482201 ], [ -45.9284932, -23.1482543 ], [ -45.9284884, -23.1482901 ], [ -45.928477, -23.148343 ], [ -45.9284689, -23.1483881 ], [ -45.9284641, -23.1484223 ], [ -45.9284542, -23.1484473 ], [ -45.9284493, -23.1484784 ], [ -45.9284444, -23.1484998 ], [ -45.9284362, -23.1485309 ], [ -45.928433, -23.1485558 ], [ -45.9284281, -23.1485838 ], [ -45.9284232, -23.1486056 ], [ -45.9284167, -23.1486367 ], [ -45.9284102, -23.1486678 ], [ -45.9283969, -23.148699 ], [ -45.9283853, -23.1487239 ], [ -45.9283721, -23.1487504 ], [ -45.9283656, -23.1487831 ], [ -45.928354, -23.1488127 ], [ -45.9283424, -23.1488361 ], [ -45.9283308, -23.1488672 ], [ -45.9283192, -23.148886 ], [ -45.9283092, -23.1489093 ], [ -45.928296, -23.1489327 ], [ -45.928286, -23.1489577 ], [ -45.928271, -23.1489764 ], [ -45.9282644, -23.148992 ], [ -45.9282578, -23.1490107 ], [ -45.9282562, -23.1490247 ], [ -45.9282446, -23.1490449 ], [ -45.9282229, -23.149073 ], [ -45.9282129, -23.1490871 ], [ -45.9281979, -23.1491105 ], [ -45.9281896, -23.1491261 ], [ -45.9281763, -23.1491613 ], [ -45.9281648, -23.1491987 ], [ -45.9281582, -23.1492173 ], [ -45.9281483, -23.1492438 ], [ -45.9281367, -23.1492688 ], [ -45.9281251, -23.1492937 ], [ -45.9281118, -23.1493218 ], [ -45.9280985, -23.1493436 ], [ -45.9280886, -23.1493623 ], [ -45.9280769, -23.1493841 ], [ -45.9280737, -23.1493981 ], [ -45.9280654, -23.1494215 ], [ -45.9280555, -23.1494449 ], [ -45.9280405, -23.1494683 ], [ -45.9280272, -23.1494886 ], [ -45.9280172, -23.1495088 ], [ -45.9280056, -23.1495275 ], [ -45.9279889, -23.1495494 ], [ -45.9279756, -23.1495666 ], [ -45.9279456, -23.1496118 ], [ -45.9279374, -23.1496367 ], [ -45.9279274, -23.1496523 ], [ -45.9279107, -23.1496797 ], [ -45.9278941, -23.1497109 ], [ -45.9278824, -23.1497358 ], [ -45.9278692, -23.1497592 ], [ -45.9278542, -23.1497873 ], [ -45.9278443, -23.1498153 ], [ -45.927831, -23.1498403 ], [ -45.9278177, -23.1498605 ], [ -45.9278077, -23.1498793 ], [ -45.9277995, -23.149898 ], [ -45.9277912, -23.1499182 ], [ -45.9277812, -23.1499369 ], [ -45.9277712, -23.1499525 ], [ -45.9277663, -23.1499665 ], [ -45.9277597, -23.1499868 ], [ -45.9277497, -23.1500039 ], [ -45.9277414, -23.1500226 ], [ -45.9277382, -23.150046 ], [ -45.9277333, -23.1500662 ], [ -45.9277267, -23.1500849 ], [ -45.9277219, -23.1501098 ], [ -45.9277103, -23.1501512 ], [ -45.9277004, -23.150187 ], [ -45.927699, -23.1502212 ], [ -45.9276941, -23.1502476 ], [ -45.9276909, -23.1502694 ], [ -45.9276877, -23.1502881 ], [ -45.9276845, -23.1503099 ], [ -45.9276813, -23.1503394 ], [ -45.9276747, -23.1503628 ], [ -45.9276682, -23.150383 ], [ -45.9276616, -23.1504064 ], [ -45.9276533, -23.1504297 ], [ -45.9276451, -23.1504531 ], [ -45.9276368, -23.1504749 ], [ -45.9276235, -23.1504936 ], [ -45.9276085, -23.1505108 ], [ -45.9275968, -23.1505264 ], [ -45.9275868, -23.150542 ], [ -45.927582, -23.1505685 ], [ -45.9275787, -23.150584 ], [ -45.9275772, -23.1506058 ], [ -45.9275773, -23.1506198 ], [ -45.9275739, -23.1506555 ], [ -45.9275741, -23.150685 ], [ -45.927576, -23.1507145 ], [ -45.9275811, -23.1507316 ], [ -45.9275813, -23.1507502 ], [ -45.9275798, -23.1507767 ], [ -45.9275799, -23.1508 ], [ -45.9275767, -23.1508186 ], [ -45.9275718, -23.1508389 ], [ -45.9275702, -23.1508575 ], [ -45.927567, -23.1508778 ], [ -45.9275588, -23.1509027 ], [ -45.9275522, -23.150926 ], [ -45.9275456, -23.150954 ], [ -45.9275353, -23.1509895 ], [ -45.9275285, -23.1510241 ], [ -45.9275218, -23.1510566 ], [ -45.9275219, -23.1510847 ], [ -45.9275198, -23.1511085 ], [ -45.92752, -23.1511366 ], [ -45.9275177, -23.1511517 ], [ -45.9275156, -23.1511776 ], [ -45.9275157, -23.1512014 ], [ -45.9275182, -23.1512187 ], [ -45.927523, -23.1512446 ], [ -45.9275279, -23.1512662 ], [ -45.9275373, -23.1512748 ], [ -45.9275421, -23.1512942 ], [ -45.9275422, -23.1513115 ], [ -45.9275494, -23.1513309 ], [ -45.9275565, -23.1513524 ], [ -45.9275661, -23.1513805 ], [ -45.9275827, -23.1514171 ], [ -45.9276016, -23.1514472 ], [ -45.9276158, -23.1514709 ], [ -45.9276301, -23.1515076 ], [ -45.927649, -23.1515399 ], [ -45.9276609, -23.1515701 ], [ -45.9276752, -23.1516002 ], [ -45.927687, -23.1516239 ], [ -45.9276942, -23.1516455 ], [ -45.9276943, -23.1516628 ], [ -45.9277037, -23.1516692 ], [ -45.9277178, -23.1516821 ], [ -45.9277273, -23.1516972 ], [ -45.9277368, -23.1517166 ], [ -45.9277393, -23.1517512 ], [ -45.927754, -23.1517896 ], [ -45.9277628, -23.1518241 ], [ -45.9277775, -23.1518652 ], [ -45.927785, -23.1519024 ], [ -45.9277952, -23.1519329 ], [ -45.9278084, -23.1519634 ], [ -45.9278159, -23.1520032 ], [ -45.9278291, -23.152043 ], [ -45.9278293, -23.1520789 ], [ -45.9278354, -23.1521214 ], [ -45.9278365, -23.1521785 ], [ -45.927839, -23.1522614 ], [ -45.927845, -23.1523055 ], [ -45.9278416, -23.1523602 ], [ -45.9278361, -23.1523902 ], [ -45.9278363, -23.152422 ], [ -45.9278327, -23.1524538 ], [ -45.9278332, -23.1525243 ], [ -45.9278295, -23.1525544 ], [ -45.9278279, -23.1525914 ], [ -45.9278243, -23.152625 ], [ -45.9278245, -23.1526585 ], [ -45.9278228, -23.1526902 ], [ -45.9278174, -23.1527256 ], [ -45.9278064, -23.1528047 ], [ -45.9278067, -23.1528435 ], [ -45.9278013, -23.1528824 ], [ -45.927792, -23.1529283 ], [ -45.9277829, -23.1529848 ], [ -45.9277738, -23.1530484 ], [ -45.9277665, -23.1531014 ], [ -45.9277592, -23.1531579 ], [ -45.92775, -23.1532091 ], [ -45.9277315, -23.1532851 ], [ -45.9277259, -23.1533151 ], [ -45.9277129, -23.1533628 ], [ -45.9277018, -23.1534105 ], [ -45.9276944, -23.1534441 ], [ -45.9276794, -23.1534848 ], [ -45.9276531, -23.1535551 ], [ -45.9276325, -23.1536081 ], [ -45.927606, -23.1536506 ], [ -45.9275834, -23.1536913 ], [ -45.9275589, -23.153732 ], [ -45.9275458, -23.1537692 ], [ -45.9275211, -23.1537975 ], [ -45.927506, -23.1538223 ], [ -45.9274795, -23.153856 ], [ -45.9274511, -23.1538897 ], [ -45.9274304, -23.1539286 ], [ -45.9274115, -23.1539552 ], [ -45.9274002, -23.1539817 ], [ -45.9273755, -23.1540031 ], [ -45.9273604, -23.1540261 ], [ -45.9273586, -23.1540437 ], [ -45.9273473, -23.1540615 ], [ -45.9273264, -23.154081 ], [ -45.9273055, -23.1541005 ], [ -45.9272884, -23.1541165 ], [ -45.9272752, -23.1541378 ], [ -45.9272658, -23.1541572 ], [ -45.9272469, -23.1541803 ], [ -45.9272165, -23.1542087 ], [ -45.9271957, -23.154237 ], [ -45.9271806, -23.1542548 ], [ -45.9271768, -23.1542707 ], [ -45.9271598, -23.1542849 ], [ -45.927129, -23.1543198 ], [ -45.9271101, -23.1543464 ], [ -45.9270874, -23.154373 ], [ -45.9270627, -23.1543996 ], [ -45.9270362, -23.1544245 ], [ -45.9270115, -23.1544511 ], [ -45.9269812, -23.1544795 ], [ -45.9269584, -23.1545026 ], [ -45.926928, -23.1545239 ], [ -45.9269014, -23.154547 ], [ -45.926873, -23.1545754 ], [ -45.9268503, -23.154602 ], [ -45.9268161, -23.1546287 ], [ -45.9267933, -23.1546518 ], [ -45.9267667, -23.154666 ], [ -45.9267477, -23.1546873 ], [ -45.9267384, -23.1547103 ], [ -45.9267155, -23.1547228 ], [ -45.926689, -23.1547459 ], [ -45.92667, -23.1547636 ], [ -45.9266548, -23.1547814 ], [ -45.9266378, -23.1548044 ], [ -45.926615, -23.1548187 ], [ -45.9265922, -23.1548382 ], [ -45.9265637, -23.1548578 ], [ -45.9265485, -23.1548702 ], [ -45.9265314, -23.1548897 ], [ -45.9264984, -23.1549283 ], [ -45.9264737, -23.1549496 ], [ -45.9264395, -23.1549727 ], [ -45.9264224, -23.1549816 ], [ -45.9263996, -23.1550012 ], [ -45.9263883, -23.1550224 ], [ -45.9263579, -23.1550455 ], [ -45.9263218, -23.1550757 ], [ -45.9262934, -23.1550988 ], [ -45.9262724, -23.1551025 ], [ -45.9262572, -23.1551238 ], [ -45.926223, -23.1551469 ], [ -45.9261812, -23.1551736 ], [ -45.9261451, -23.1552003 ], [ -45.9261357, -23.1552197 ], [ -45.9261129, -23.155234 ], [ -45.9260901, -23.1552465 ], [ -45.926052, -23.1552696 ], [ -45.9260483, -23.1552891 ], [ -45.9260198, -23.1553016 ], [ -45.9260065, -23.1553158 ], [ -45.9259913, -23.1553317 ], [ -45.9259704, -23.1553478 ], [ -45.9259457, -23.1553585 ], [ -45.9259286, -23.1553709 ], [ -45.9259058, -23.1553852 ], [ -45.9258906, -23.1553994 ], [ -45.9258735, -23.1554101 ], [ -45.9258564, -23.1554225 ], [ -45.9258273, -23.1554533 ], [ -45.9258006, -23.1554694 ], [ -45.9257835, -23.1554748 ], [ -45.9257512, -23.1554961 ], [ -45.9257208, -23.1555263 ], [ -45.9256867, -23.1555565 ], [ -45.925662, -23.1555743 ], [ -45.9256392, -23.1555885 ], [ -45.9256277, -23.1555957 ], [ -45.9256088, -23.1556099 ], [ -45.9255993, -23.1556276 ], [ -45.9255746, -23.1556489 ], [ -45.9255519, -23.1556684 ], [ -45.9255234, -23.1556915 ], [ -45.9255025, -23.1557128 ], [ -45.9254912, -23.1557323 ], [ -45.9254703, -23.1557466 ], [ -45.9254242, -23.1557758 ], [ -45.9253958, -23.1558112 ], [ -45.9253768, -23.155829 ], [ -45.9253598, -23.1558538 ], [ -45.9253295, -23.1558892 ], [ -45.9253067, -23.1559123 ], [ -45.9252821, -23.1559389 ], [ -45.9252593, -23.1559673 ], [ -45.9252404, -23.1559921 ], [ -45.9252214, -23.1560099 ], [ -45.9252044, -23.1560276 ], [ -45.925195, -23.1560453 ], [ -45.9251874, -23.1560612 ], [ -45.9251723, -23.1560807 ], [ -45.9251553, -23.1561038 ], [ -45.925142, -23.1561215 ], [ -45.9251192, -23.156141 ], [ -45.9251003, -23.1561711 ], [ -45.9250776, -23.156196 ], [ -45.9250625, -23.1562172 ], [ -45.9250454, -23.1562403 ], [ -45.9250266, -23.1562721 ], [ -45.9250134, -23.1562969 ], [ -45.9249944, -23.1563217 ], [ -45.9249869, -23.1563323 ], [ -45.9249774, -23.156343 ], [ -45.9249585, -23.156366 ], [ -45.9249471, -23.156382 ], [ -45.9249358, -23.1564032 ], [ -45.924915, -23.1564333 ], [ -45.9249018, -23.1564511 ], [ -45.9248634, -23.1564897 ], [ -45.9248465, -23.1565268 ], [ -45.9248181, -23.1565605 ], [ -45.9247954, -23.1565924 ], [ -45.9247898, -23.1566171 ], [ -45.9247766, -23.1566419 ], [ -45.924752, -23.1566756 ], [ -45.9245628, -23.1569712 ], [ -45.9245979, -23.1573971 ], [ -45.9245858, -23.1575719 ], [ -45.9245317, -23.1578227 ], [ -45.924435, -23.157993 ], [ -45.924408, -23.1581379 ], [ -45.9244058, -23.1582575 ], [ -45.9244037, -23.1584438 ], [ -45.924419, -23.158591 ], [ -45.924504, -23.1587473 ], [ -45.9245937, -23.158837 ], [ -45.9247833, -23.1590507 ], [ -45.9249106, -23.1591979 ], [ -45.9249505, -23.159253 ], [ -45.9251381, -23.1596554 ], [ -45.9252555, -23.1598784 ], [ -45.9253529, -23.1600164 ], [ -45.9255026, -23.1601842 ], [ -45.9255598, -23.1602341 ], [ -45.9255744, -23.1602931 ], [ -45.9256266, -23.1602908 ], [ -45.9257747, -23.1602926 ], [ -45.9258966, -23.1603039 ], [ -45.9259892, -23.16032 ], [ -45.9260896, -23.1603516 ], [ -45.9261812, -23.1603846 ], [ -45.9262627, -23.1604136 ], [ -45.9263297, -23.1604454 ], [ -45.9264127, -23.1604905 ], [ -45.9265088, -23.1605409 ], [ -45.9266371, -23.1606206 ], [ -45.9267557, -23.1606835 ], [ -45.9268606, -23.1607526 ], [ -45.9269772, -23.160823 ], [ -45.9271274, -23.16092 ], [ -45.9272665, -23.161007 ], [ -45.9276613, -23.1612313 ], [ -45.9278293, -23.1613296 ], [ -45.9279884, -23.1614021 ], [ -45.9283372, -23.1615782 ], [ -45.9285117, -23.161682 ], [ -45.9286901, -23.1618137 ], [ -45.9289066, -23.1619837 ], [ -45.9291079, -23.1621432 ], [ -45.9292748, -23.1622366 ], [ -45.929415, -23.1622916 ], [ -45.9295558, -23.1623267 ], [ -45.9296691, -23.1623475 ], [ -45.9297701, -23.1623686 ], [ -45.9298921, -23.162384 ], [ -45.9299807, -23.1623915 ], [ -45.9300924, -23.1623962 ], [ -45.9302114, -23.1623969 ], [ -45.9303058, -23.162395 ], [ -45.9304088, -23.1623917 ], [ -45.9305826, -23.1623934 ], [ -45.930716, -23.1623872 ], [ -45.9308695, -23.1623969 ], [ -45.9310597, -23.1623924 ], [ -45.9312095, -23.1623645 ], [ -45.9313006, -23.1623516 ], [ -45.9314306, -23.1623574 ], [ -45.931771, -23.1620943 ], [ -45.9318839, -23.1620194 ], [ -45.9319531, -23.1619751 ], [ -45.932026, -23.1619078 ], [ -45.9321137, -23.1618191 ], [ -45.9322296, -23.1617404 ], [ -45.9323351, -23.1616654 ], [ -45.9324299, -23.1616108 ], [ -45.9325413, -23.1615373 ], [ -45.9327992, -23.1614346 ], [ -45.9331452, -23.161384 ], [ -45.9333157, -23.1613223 ], [ -45.9337093, -23.1611824 ], [ -45.9339985, -23.1611645 ], [ -45.9341566, -23.1612161 ], [ -45.9344113, -23.1612753 ], [ -45.9345426, -23.1612462 ], [ -45.9346783, -23.1612252 ], [ -45.9347876, -23.1611719 ], [ -45.9349099, -23.1611105 ], [ -45.9350671, -23.1610246 ], [ -45.9353159, -23.1609444 ], [ -45.9353861, -23.1608851 ], [ -45.9354557, -23.1608078 ], [ -45.9355557, -23.1606898 ], [ -45.9357471, -23.1604823 ], [ -45.9358693, -23.1603966 ], [ -45.9360925, -23.1603508 ], [ -45.9361978, -23.1603542 ], [ -45.9362635, -23.1603578 ], [ -45.9363995, -23.1603732 ], [ -45.936518, -23.1603887 ], [ -45.9366013, -23.1603923 ], [ -45.9367156, -23.1604039 ], [ -45.9368484, -23.1604458 ], [ -45.9369579, -23.1604811 ], [ -45.9371028, -23.1605266 ], [ -45.9371723, -23.1605467 ], [ -45.9372997, -23.1605864 ], [ -45.9374842, -23.160646 ], [ -45.9379148, -23.1607932 ], [ -45.938574, -23.1610401 ], [ -45.9388556, -23.1611882 ], [ -45.9390404, -23.1612883 ], [ -45.9392738, -23.1614326 ], [ -45.9394232, -23.1614924 ], [ -45.9395901, -23.1615359 ], [ -45.9397394, -23.1615674 ], [ -45.9399106, -23.1616028 ], [ -45.9400027, -23.1616144 ], [ -45.9400949, -23.161626 ], [ -45.9403009, -23.1616247 ], [ -45.9404631, -23.1616278 ], [ -45.9406428, -23.1616227 ], [ -45.940823, -23.1616945 ], [ -45.941012, -23.1617544 ], [ -45.9411521, -23.1617761 ], [ -45.9413015, -23.1617847 ], [ -45.9413978, -23.161776 ], [ -45.9415161, -23.1617591 ], [ -45.9416869, -23.1617338 ], [ -45.9419322, -23.1617161 ], [ -45.9421162, -23.1617029 ], [ -45.9422599, -23.1617055 ], [ -45.9423166, -23.16174 ], [ -45.942637, -23.1617284 ], [ -45.943008, -23.1616734 ], [ -45.9434078, -23.1616578 ], [ -45.943727, -23.1616823 ], [ -45.9441219, -23.1616404 ], [ -45.9443308, -23.1615644 ], [ -45.9446162, -23.1615275 ], [ -45.9448402, -23.1615526 ], [ -45.9450978, -23.1616257 ], [ -45.9454195, -23.1616936 ], [ -45.9457612, -23.1616666 ], [ -45.9458637, -23.161656 ], [ -45.9459628, -23.1616076 ], [ -45.9461438, -23.1615807 ], [ -45.9463668, -23.1615923 ], [ -45.946569, -23.1616168 ], [ -45.9467991, -23.1616475 ], [ -45.9468828, -23.1616663 ], [ -45.9471199, -23.1616971 ], [ -45.9473501, -23.1616987 ], [ -45.9474992, -23.1616978 ], [ -45.9476843, -23.161713 ], [ -45.9477853, -23.1617074 ], [ -45.9479143, -23.1617244 ], [ -45.9481234, -23.1617296 ], [ -45.9483464, -23.1617476 ], [ -45.9484718, -23.1617468 ], [ -45.9487947, -23.1617577 ], [ -45.9489287, -23.1617709 ], [ -45.9491107, -23.1617855 ], [ -45.9492484, -23.1618028 ], [ -45.9493947, -23.1618356 ], [ -45.9494984, -23.1618744 ], [ -45.9496466, -23.1619449 ], [ -45.9498181, -23.1619986 ], [ -45.9499929, -23.1621004 ], [ -45.9501676, -23.1621829 ], [ -45.9503186, -23.162278 ], [ -45.9505808, -23.162392 ], [ -45.9507475, -23.1624558 ], [ -45.9509219, -23.1625062 ], [ -45.9510265, -23.1625248 ], [ -45.9511867, -23.1625303 ], [ -45.9513399, -23.1625358 ], [ -45.9516181, -23.1624982 ], [ -45.9517884, -23.1624859 ], [ -45.9519555, -23.1624455 ], [ -45.9521043, -23.1624053 ], [ -45.9522509, -23.1623696 ], [ -45.9523969, -23.162343 ], [ -45.9525567, -23.1622906 ], [ -45.9526955, -23.1622255 ], [ -45.9528203, -23.1621476 ], [ -45.952952, -23.1620632 ], [ -45.9531737, -23.1618947 ], [ -45.9533537, -23.1617587 ], [ -45.9534334, -23.1616501 ], [ -45.9535911, -23.1615873 ], [ -45.953737, -23.1615639 ], [ -45.9539377, -23.161543 ], [ -45.9540695, -23.1615486 ], [ -45.9541954, -23.1615614 ], [ -45.954299, -23.1615861 ], [ -45.954385, -23.1615928 ], [ -45.9546069, -23.161663 ], [ -45.9547258, -23.1616988 ], [ -45.9549118, -23.1617595 ], [ -45.9550613, -23.161823 ], [ -45.9552597, -23.1618647 ], [ -45.955368, -23.1618697 ], [ -45.9555319, -23.1618516 ], [ -45.9557855, -23.1618243 ], [ -45.9560363, -23.1618399 ], [ -45.9562095, -23.1618189 ], [ -45.9564167, -23.1618005 ], [ -45.9566239, -23.1617878 ], [ -45.95676, -23.1617756 ], [ -45.9569023, -23.1617718 ], [ -45.9569735, -23.1617714 ], [ -45.9570602, -23.1617794 ], [ -45.9571502, -23.1618046 ], [ -45.9572619, -23.1618582 ], [ -45.9573397, -23.1619063 ], [ -45.9574297, -23.1619458 ], [ -45.9575291, -23.1619994 ], [ -45.9576252, -23.1620217 ], [ -45.9577614, -23.1620323 ], [ -45.9578541, -23.1620089 ], [ -45.9579807, -23.1619624 ], [ -45.9580918, -23.1619246 ], [ -45.9582709, -23.1618664 ], [ -45.9583975, -23.1618256 ], [ -45.9585858, -23.1617996 ], [ -45.9587813, -23.1618375 ], [ -45.9588776, -23.161877 ], [ -45.9589304, -23.1619166 ], [ -45.9589835, -23.1619792 ], [ -45.9590303, -23.162036 ], [ -45.9590959, -23.1621242 ], [ -45.9591428, -23.1621896 ], [ -45.9591741, -23.1622323 ], [ -45.9592521, -23.1623204 ], [ -45.9592953, -23.1623551 ], [ -45.9593869, -23.1623995 ], [ -45.9594723, -23.1624215 ], [ -45.9595606, -23.1624294 ], [ -45.9597511, -23.162423 ], [ -45.9598191, -23.1624198 ], [ -45.9599924, -23.1624158 ], [ -45.9600822, -23.1624267 ], [ -45.9602433, -23.1624486 ], [ -45.9603735, -23.1624764 ], [ -45.9604726, -23.1624843 ], [ -45.9605779, -23.1625037 ], [ -45.9606957, -23.162523 ], [ -45.9607886, -23.1625396 ], [ -45.9608879, -23.1625647 ], [ -45.9609996, -23.1626068 ], [ -45.9611268, -23.1626489 ], [ -45.9612509, -23.1626939 ], [ -45.9614, -23.1627217 ], [ -45.961573, -23.1627262 ], [ -45.9617885, -23.1627386 ], [ -45.9619116, -23.1627927 ], [ -45.9620544, -23.1629088 ], [ -45.9621128, -23.1630218 ], [ -45.9621627, -23.1631919 ], [ -45.9621967, -23.163262 ], [ -45.9622585, -23.1633882 ], [ -45.9623356, -23.1635367 ], [ -45.9624064, -23.1636544 ], [ -45.9624833, -23.1637721 ], [ -45.9625512, -23.1638794 ], [ -45.9626149, -23.1639874 ], [ -45.9626699, -23.1640606 ], [ -45.962746, -23.1641491 ], [ -45.9628052, -23.1642184 ], [ -45.9628705, -23.1643066 ], [ -45.9629953, -23.1644185 ], [ -45.9630544, -23.1644878 ], [ -45.963193, -23.1645988 ], [ -45.9633459, -23.1647104 ], [ -45.9634938, -23.1648174 ], [ -45.9636446, -23.1649447 ], [ -45.9637879, -23.1650483 ], [ -45.9639775, -23.1651826 ], [ -45.9640617, -23.165244 ], [ -45.9642218, -23.1653552 ], [ -45.9642936, -23.1654206 ], [ -45.9643904, -23.1655234 ], [ -45.9645052, -23.1656678 ], [ -45.9645667, -23.165763 ], [ -45.964665, -23.1658834 ], [ -45.9647904, -23.1659882 ], [ -45.9648809, -23.1660757 ], [ -45.9650477, -23.1662129 ], [ -45.9651509, -23.1663015 ], [ -45.9652374, -23.1663607 ], [ -45.9653085, -23.1664102 ], [ -45.9653574, -23.1664628 ], [ -45.9654167, -23.1665475 ], [ -45.9654722, -23.1666827 ], [ -45.9655264, -23.1667737 ], [ -45.9656093, -23.1669317 ], [ -45.9657054, -23.1670217 ], [ -45.965793, -23.1670815 ], [ -45.9658833, -23.1671313 ], [ -45.9660282, -23.1671832 ], [ -45.9661923, -23.1672653 ], [ -45.96634, -23.1673373 ], [ -45.9665037, -23.1673665 ], [ -45.9666101, -23.1673734 ], [ -45.9667898, -23.1673522 ], [ -45.9669941, -23.1673308 ], [ -45.9671169, -23.1673527 ], [ -45.9672917, -23.1674019 ], [ -45.9673912, -23.1674721 ], [ -45.967415, -23.1674948 ], [ -45.967527, -23.1676608 ], [ -45.9676323, -23.1678397 ], [ -45.9677099, -23.1679604 ], [ -45.9677813, -23.1680279 ], [ -45.9680015, -23.1681066 ], [ -45.9681255, -23.168144 ], [ -45.9682485, -23.1681936 ], [ -45.9683306, -23.1682359 ], [ -45.9684461, -23.1683736 ], [ -45.9685896, -23.1686243 ], [ -45.9687984, -23.1688494 ], [ -45.9689573, -23.1689853 ], [ -45.9691455, -23.1691252 ], [ -45.9692989, -23.1692524 ], [ -45.9694105, -23.1693607 ], [ -45.9695919, -23.1695263 ], [ -45.9696763, -23.1696416 ], [ -45.9698023, -23.1697389 ], [ -45.9699419, -23.1698161 ], [ -45.9701033, -23.1699006 ], [ -45.9703032, -23.1700327 ], [ -45.9703912, -23.1701404 ], [ -45.970466, -23.170306 ], [ -45.9705208, -23.1705141 ], [ -45.970626, -23.1706865 ], [ -45.9707239, -23.1708077 ], [ -45.9708426, -23.1709288 ], [ -45.9711095, -23.1710895 ], [ -45.9712824, -23.1712596 ], [ -45.9715187, -23.1715147 ], [ -45.9716478, -23.1716523 ], [ -45.9717963, -23.1718351 ], [ -45.971972, -23.1720177 ], [ -45.9720793, -23.1721554 ], [ -45.9721596, -23.1723235 ], [ -45.972224, -23.1725596 ], [ -45.9722909, -23.1728108 ], [ -45.9723542, -23.1729386 ], [ -45.9724813, -23.1730939 ], [ -45.9726731, -23.1732311 ], [ -45.9728288, -23.1732804 ], [ -45.9729735, -23.1733148 ], [ -45.9730643, -23.1734325 ], [ -45.9731417, -23.1735804 ], [ -45.9732449, -23.1738993 ], [ -45.9733679, -23.1741566 ], [ -45.973536, -23.1743992 ], [ -45.9737328, -23.1746536 ], [ -45.973911, -23.174801 ], [ -45.9740752, -23.1748981 ], [ -45.9742289, -23.175038 ], [ -45.9743457, -23.1753619 ], [ -45.9744485, -23.1756304 ], [ -45.974501, -23.1757232 ], [ -45.9746418, -23.1758731 ], [ -45.9747563, -23.1759707 ], [ -45.9751145, -23.1761371 ], [ -45.9752649, -23.1761965 ], [ -45.9754046, -23.1763013 ], [ -45.9755362, -23.1764012 ], [ -45.975832, -23.1765956 ], [ -45.9759114, -23.1766529 ], [ -45.9761168, -23.1767775 ], [ -45.976328, -23.1769674 ], [ -45.9764158, -23.1770448 ], [ -45.9766189, -23.1772348 ], [ -45.9767891, -23.1774023 ], [ -45.9769836, -23.1775344 ], [ -45.9771505, -23.1776265 ], [ -45.9772598, -23.1776585 ], [ -45.9774151, -23.1776475 ], [ -45.9775458, -23.177624 ], [ -45.9776791, -23.177593 ], [ -45.977837, -23.1775618 ], [ -45.9779026, -23.1775866 ], [ -45.9779739, -23.1776566 ], [ -45.978016, -23.1778123 ], [ -45.9780276, -23.1779154 ], [ -45.9780475, -23.1780285 ], [ -45.9780899, -23.1782371 ], [ -45.9781506, -23.1783424 ], [ -45.9782524, -23.1784625 ], [ -45.9784118, -23.1786502 ], [ -45.9785163, -23.1787678 ], [ -45.9786457, -23.1789482 ], [ -45.9787454, -23.1791614 ], [ -45.9788041, -23.1793649 ], [ -45.9789006, -23.1795228 ], [ -45.9789993, -23.1795951 ], [ -45.9791854, -23.1796946 ], [ -45.9793195, -23.1797768 ], [ -45.9794921, -23.1798864 ], [ -45.979615, -23.1799259 ], [ -45.9797296, -23.1799428 ], [ -45.9799993, -23.1799235 ], [ -45.9802009, -23.1799021 ], [ -45.9803452, -23.1798786 ], [ -45.9805206, -23.1798684 ], [ -45.9807217, -23.17988 ], [ -45.9809686, -23.1798956 ], [ -45.9811685, -23.1799037 ], [ -45.9813622, -23.1799175 ], [ -45.9816841, -23.1799558 ], [ -45.9818232, -23.1799751 ], [ -45.9819297, -23.1799995 ], [ -45.9820231, -23.1800895 ], [ -45.9820619, -23.1801874 ], [ -45.9820629, -23.1803208 ], [ -45.981982, -23.1805055 ], [ -45.9818502, -23.1806869 ], [ -45.9816805, -23.1809647 ], [ -45.9815775, -23.181117 ], [ -45.9815274, -23.1812676 ], [ -45.9815036, -23.1813759 ], [ -45.9815262, -23.1814764 ], [ -45.981631, -23.1816519 ], [ -45.9818014, -23.1818395 ], [ -45.9819003, -23.1819371 ], [ -45.982018, -23.1820118 ], [ -45.982141, -23.1820563 ], [ -45.9823566, -23.1820877 ], [ -45.9826211, -23.1821062 ], [ -45.982771, -23.1821077 ], [ -45.9829534, -23.1820714 ], [ -45.9830649, -23.1820355 ], [ -45.9831625, -23.1819669 ], [ -45.9832818, -23.1818781 ], [ -45.9833628, -23.1817669 ], [ -45.983492, -23.1815396 ], [ -45.9835567, -23.1814436 ], [ -45.9836943, -23.1812541 ], [ -45.9837751, -23.1811127 ], [ -45.9838992, -23.1809408 ], [ -45.9839719, -23.1808221 ], [ -45.9840985, -23.1806075 ], [ -45.9841928, -23.180466 ], [ -45.9843014, -23.1804024 ], [ -45.9845052, -23.1803181 ], [ -45.9846466, -23.1802719 ], [ -45.9849266, -23.1801645 ], [ -45.9851167, -23.1800702 ], [ -45.9852827, -23.1800289 ], [ -45.9853916, -23.1800207 ], [ -45.9855661, -23.1800221 ], [ -45.9856754, -23.1800642 ], [ -45.9857931, -23.1801213 ], [ -45.9859494, -23.1802587 ], [ -45.9861491, -23.1803481 ], [ -45.9864606, -23.1804568 ], [ -45.9868019, -23.1805302 ], [ -45.9869847, -23.1805567 ], [ -45.9871353, -23.1806438 ], [ -45.9872307, -23.1807483 ], [ -45.9873085, -23.1808541 ], [ -45.9873912, -23.1809768 ], [ -45.9875156, -23.1812075 ], [ -45.9876263, -23.1814458 ], [ -45.9877914, -23.1816587 ], [ -45.987907, -23.1817988 ], [ -45.9880359, -23.1819138 ], [ -45.9882055, -23.1819957 ], [ -45.9883978, -23.1820551 ], [ -45.9885061, -23.1820945 ], [ -45.9886047, -23.1821643 ], [ -45.9887776, -23.1823242 ], [ -45.988893, -23.1824468 ], [ -45.9889919, -23.1825544 ], [ -45.9890829, -23.1826897 ], [ -45.9891408, -23.1827824 ], [ -45.9892594, -23.1829678 ], [ -45.989372, -23.1830904 ], [ -45.9894871, -23.1831677 ], [ -45.9897386, -23.1832718 ], [ -45.9898642, -23.1832936 ], [ -45.9899869, -23.1832929 ], [ -45.9901173, -23.1832442 ], [ -45.9902281, -23.1831127 ], [ -45.9903006, -23.1829638 ], [ -45.9903544, -23.1828603 ], [ -45.9904029, -23.1827795 ], [ -45.9905115, -23.1827209 ], [ -45.9906124, -23.1827278 ], [ -45.9907433, -23.1827471 ], [ -45.9908581, -23.1827791 ], [ -45.9909702, -23.1828288 ], [ -45.9910912, -23.1829789 ], [ -45.9911354, -23.1830516 ], [ -45.9912577, -23.1833754 ], [ -45.9913103, -23.1834833 ], [ -45.9914264, -23.183709 ], [ -45.991498, -23.1838067 ], [ -45.9915557, -23.1838642 ], [ -45.9916104, -23.1838915 ], [ -45.9916842, -23.1839187 ], [ -45.9917743, -23.1839307 ], [ -45.9918915, -23.18394 ], [ -45.9919815, -23.183937 ], [ -45.9921041, -23.1839286 ], [ -45.9921803, -23.1839181 ], [ -45.9922784, -23.1839049 ], [ -45.9924199, -23.1838713 ], [ -45.9925531, -23.1838227 ], [ -45.9927708, -23.1837735 ], [ -45.9929286, -23.1837322 ], [ -45.9931735, -23.1836779 ], [ -45.9933476, -23.183634 ], [ -45.9937041, -23.1835487 ], [ -45.9938781, -23.1834973 ], [ -45.9939517, -23.1834868 ], [ -45.9940853, -23.183501 ], [ -45.9941864, -23.1835356 ], [ -45.994356, -23.1836125 ], [ -45.9944711, -23.1836948 ], [ -45.9945917, -23.1837871 ], [ -45.9947287, -23.1838794 ], [ -45.9948328, -23.1839492 ], [ -45.9949448, -23.1839786 ], [ -45.9950974, -23.1839802 ], [ -45.9952961, -23.1839311 ], [ -45.9954595, -23.1839075 ], [ -45.9957319, -23.1838932 ], [ -45.9958463, -23.1838748 ], [ -45.9959524, -23.183854 ], [ -45.9961237, -23.183785 ], [ -45.9962377, -23.1837214 ], [ -45.9964354, -23.1835684 ], [ -45.9966093, -23.183475 ], [ -45.9967946, -23.1834637 ], [ -45.9969338, -23.1834956 ], [ -45.9971193, -23.1835095 ], [ -45.997261, -23.1835061 ], [ -45.9974435, -23.1834898 ], [ -45.9976836, -23.183521 ], [ -45.9978229, -23.1835528 ], [ -45.9980114, -23.1836196 ], [ -45.9981769, -23.1836953 ], [ -45.9981515, -23.1837596 ], [ -45.998092, -23.1838279 ], [ -45.9980245, -23.1839038 ], [ -45.997927, -23.1839975 ], [ -45.997784, -23.1841972 ], [ -45.9975848, -23.1843895 ], [ -45.9975177, -23.1845443 ], [ -45.9974913, -23.1846642 ], [ -45.9974957, -23.1847996 ], [ -45.9975105, -23.1849633 ], [ -45.9975249, -23.1850609 ], [ -45.9975913, -23.1852684 ], [ -45.9977085, -23.185422 ], [ -45.9978488, -23.1854715 ], [ -45.9980608, -23.1855269 ], [ -45.9982115, -23.1855984 ], [ -45.99827, -23.1856579 ], [ -45.9983808, -23.1858651 ], [ -45.9984338, -23.1861105 ], [ -45.9986334, -23.1864293 ], [ -45.9982717, -23.1868019 ], [ -45.9981657, -23.1866037 ], [ -45.9979136, -23.1863839 ], [ -45.9977721, -23.1863691 ], [ -45.9976472, -23.1864141 ], [ -45.9975417, -23.18652 ], [ -45.9974709, -23.1866517 ], [ -45.9974187, -23.1869427 ], [ -45.9974607, -23.1872695 ], [ -45.9974401, -23.1877065 ], [ -45.9972731, -23.1879723 ], [ -45.9971401, -23.1881337 ], [ -45.9969607, -23.1882728 ], [ -45.9966894, -23.1883599 ], [ -45.9964018, -23.1883771 ], [ -45.9961482, -23.1884572 ], [ -45.9959806, -23.188591 ], [ -45.9957945, -23.1888836 ], [ -45.9956775, -23.1895142 ], [ -45.9956274, -23.1899056 ], [ -45.9955324, -23.1901327 ], [ -45.9952451, -23.190673 ], [ -45.9951368, -23.1908765 ], [ -45.9951386, -23.1911024 ], [ -45.9951634, -23.1912473 ], [ -45.9952128, -23.1915381 ], [ -45.9951831, -23.1917788 ], [ -45.99505, -23.1919466 ], [ -45.9947368, -23.1920791 ], [ -45.9944141, -23.1920371 ], [ -45.9937892, -23.1915179 ], [ -45.9936404, -23.191043 ], [ -45.9936855, -23.1907158 ], [ -45.9940748, -23.1902628 ], [ -45.9944009, -23.1899571 ], [ -45.9944433, -23.1898827 ], [ -45.9944482, -23.1898277 ], [ -45.9944426, -23.1897635 ], [ -45.9944094, -23.1897042 ], [ -45.9943051, -23.1896367 ], [ -45.9942499, -23.1896105 ], [ -45.9941759, -23.1895904 ], [ -45.9939082, -23.1895329 ], [ -45.9933831, -23.189551 ], [ -45.9927692, -23.1895551 ], [ -45.9923081, -23.1896545 ], [ -45.9919716, -23.1898309 ], [ -45.9916811, -23.1901661 ], [ -45.991426, -23.1907621 ], [ -45.9914782, -23.1911171 ], [ -45.9916523, -23.1915417 ], [ -45.9919213, -23.1920148 ], [ -45.9920375, -23.1922361 ], [ -45.9921027, -23.19236 ], [ -45.9921369, -23.1925186 ], [ -45.9921376, -23.1925873 ], [ -45.9920998, -23.1926816 ], [ -45.9920413, -23.192781 ], [ -45.991955, -23.192851 ], [ -45.9918405, -23.1929107 ], [ -45.9917139, -23.1929439 ], [ -45.9914945, -23.1930219 ], [ -45.9913798, -23.19304 ], [ -45.9910895, -23.1932017 ], [ -45.9901938, -23.1937127 ], [ -45.9897313, -23.1939414 ], [ -45.9892849, -23.194089 ], [ -45.9884458, -23.1943343 ], [ -45.987438, -23.1947162 ], [ -45.9867564, -23.1950616 ], [ -45.9858564, -23.1956412 ], [ -45.9849763, -23.196204 ], [ -45.9845075, -23.1965626 ], [ -45.9841016, -23.1968996 ], [ -45.9831217, -23.197899 ], [ -45.9829032, -23.1981983 ], [ -45.9826693, -23.1984829 ], [ -45.9818555, -23.1994812 ], [ -45.9816852, -23.1997659 ], [ -45.9815011, -23.2001063 ], [ -45.9812498, -23.2010231 ], [ -45.9812416, -23.2016029 ], [ -45.9798853, -23.2005834 ], [ -45.9664816, -23.1895299 ], [ -45.9634479, -23.1869928 ], [ -45.9623164, -23.1859799 ], [ -45.9607712, -23.1844557 ], [ -45.9580273, -23.1819946 ], [ -45.950504, -23.1750411 ], [ -45.947098, -23.1719751 ], [ -45.9452097, -23.1708127 ], [ -45.943276, -23.1698679 ], [ -45.9414605, -23.1694438 ], [ -45.9399355, -23.1694097 ], [ -45.9341446, -23.1704705 ], [ -45.931915, -23.1709227 ], [ -45.9263237, -23.1719952 ], [ -45.9234584, -23.1725641 ], [ -45.9199195, -23.1732803 ], [ -45.9164887, -23.1739312 ], [ -45.9149554, -23.1742412 ], [ -45.9134196, -23.1745262 ], [ -45.9115054, -23.1749012 ], [ -45.9104194, -23.1750799 ], [ -45.9088791, -23.1752121 ], [ -45.9079128, -23.1752295 ], [ -45.9061056, -23.1751402 ], [ -45.8953233, -23.1744093 ], [ -45.8943515, -23.1743143 ], [ -45.8902971, -23.1739793 ], [ -45.8895239, -23.1739173 ], [ -45.8884539, -23.1738284 ], [ -45.8857176, -23.1736457 ], [ -45.8816126, -23.1733598 ], [ -45.8810757, -23.1733488 ], [ -45.881155, -23.1715065 ], [ -45.8808669, -23.1713596 ], [ -45.8784954, -23.1729758 ], [ -45.8780713, -23.1727838 ], [ -45.8773855, -23.1726035 ], [ -45.8771406, -23.1728847 ], [ -45.8754991, -23.1738509 ], [ -45.8755505, -23.1744101 ], [ -45.8756073, -23.1745791 ], [ -45.8751939, -23.1746624 ], [ -45.874693, -23.1747536 ], [ -45.8689157, -23.1757406 ], [ -45.8688057, -23.1754501 ], [ -45.8744188, -23.1677449 ], [ -45.875293, -23.1666559 ], [ -45.8758455, -23.1658984 ], [ -45.8764723, -23.1649512 ], [ -45.8780905, -23.1628381 ], [ -45.8776142, -23.1625349 ], [ -45.8767733, -23.16105 ], [ -45.8773487, -23.1592609 ], [ -45.8776351, -23.1582086 ], [ -45.8779396, -23.1566709 ], [ -45.8777099, -23.1533087 ], [ -45.8772305, -23.1514854 ], [ -45.8762333, -23.1499053 ], [ -45.8750327, -23.148999 ], [ -45.873524, -23.1486897 ], [ -45.8723361, -23.1485007 ], [ -45.8710183, -23.1486672 ], [ -45.8695862, -23.1488872 ], [ -45.86798, -23.14879 ], [ -45.8670585, -23.1481586 ], [ -45.8664226, -23.1473664 ], [ -45.8655506, -23.1455147 ], [ -45.8644578, -23.1449903 ], [ -45.863025, -23.1451042 ], [ -45.861997, -23.1457464 ], [ -45.8609103, -23.1461766 ], [ -45.8604022, -23.1460776 ], [ -45.8599908, -23.1458634 ], [ -45.8596983, -23.1455895 ], [ -45.85947, -23.1451236 ], [ -45.8597097, -23.1435997 ], [ -45.8594585, -23.1433203 ], [ -45.8589335, -23.1431568 ], [ -45.8584831, -23.1432195 ], [ -45.8552166, -23.1435025 ], [ -45.8537285, -23.1439349 ], [ -45.8521284, -23.1447922 ], [ -45.8512733, -23.1455925 ], [ -45.850823, -23.146921 ], [ -45.850198, -23.1478261 ], [ -45.8497813, -23.1481473 ], [ -45.8491105, -23.1481502 ], [ -45.8486445, -23.1479969 ], [ -45.8481897, -23.1476247 ], [ -45.8479866, -23.1471509 ], [ -45.8479537, -23.1465651 ], [ -45.8484557, -23.1443346 ], [ -45.848271, -23.14232 ], [ -45.84729, -23.1413175 ], [ -45.8460832, -23.1408996 ], [ -45.8448225, -23.1410124 ], [ -45.8444205, -23.1409085 ], [ -45.8442448, -23.140326 ], [ -45.8445703, -23.1398269 ], [ -45.8448308, -23.139276 ], [ -45.8450236, -23.1384508 ], [ -45.8450329, -23.1379879 ], [ -45.8451989, -23.1370322 ], [ -45.8448576, -23.1365285 ], [ -45.8443922, -23.1364 ], [ -45.8436904, -23.1363211 ], [ -45.8431849, -23.1364052 ], [ -45.8427247, -23.1366824 ], [ -45.8423318, -23.1369945 ], [ -45.8415532, -23.1375434 ], [ -45.8411321, -23.1376905 ], [ -45.8404548, -23.1377833 ], [ -45.8398134, -23.1376975 ], [ -45.8386654, -23.1374914 ], [ -45.8378004, -23.1367004 ], [ -45.8373915, -23.1354826 ], [ -45.8373259, -23.1341568 ], [ -45.8376318, -23.1337475 ], [ -45.8382373, -23.1331972 ], [ -45.8399537, -23.1326046 ], [ -45.8410562, -23.1326115 ], [ -45.841843, -23.1321702 ], [ -45.8423314, -23.1317104 ], [ -45.8423531, -23.1312127 ], [ -45.8422994, -23.1304586 ], [ -45.8420001, -23.1297824 ], [ -45.8414212, -23.1288838 ], [ -45.840681, -23.1270423 ], [ -45.8406825, -23.1259363 ], [ -45.8405082, -23.1247925 ], [ -45.8401892, -23.1245931 ], [ -45.8393885, -23.1248913 ], [ -45.838824, -23.1255285 ], [ -45.8379719, -23.1269717 ], [ -45.8367887, -23.1275967 ], [ -45.8358485, -23.1270569 ], [ -45.8347533, -23.1261079 ], [ -45.8346773, -23.1253961 ], [ -45.8343992, -23.1244655 ], [ -45.8349616, -23.1227121 ], [ -45.836157, -23.1213266 ], [ -45.8367464, -23.1205514 ], [ -45.8369964, -23.1199465 ], [ -45.8369206, -23.1194103 ], [ -45.8364848, -23.1187258 ], [ -45.8357717, -23.1182594 ], [ -45.8348076, -23.1182287 ], [ -45.8339052, -23.1184425 ], [ -45.8326908, -23.1193688 ], [ -45.8318828, -23.120251 ], [ -45.8306217, -23.1209267 ], [ -45.8295841, -23.1212248 ], [ -45.8284965, -23.1207288 ], [ -45.8265455, -23.1194429 ], [ -45.8260025, -23.1193203 ], [ -45.8252808, -23.1195331 ], [ -45.8241536, -23.1199571 ], [ -45.8232984, -23.1205051 ], [ -45.8227119, -23.1206754 ], [ -45.821716, -23.1203879 ], [ -45.8212595, -23.1196377 ], [ -45.8206079, -23.1190265 ], [ -45.8196726, -23.118768 ], [ -45.8185417, -23.1185648 ], [ -45.8183122, -23.1179806 ], [ -45.8182619, -23.1171447 ], [ -45.818664, -23.11639 ], [ -45.8195178, -23.1155912 ], [ -45.8203271, -23.114918 ], [ -45.8215196, -23.1139915 ], [ -45.8218982, -23.1131956 ], [ -45.8215308, -23.1122358 ], [ -45.8209383, -23.1114027 ], [ -45.8204844, -23.1110706 ], [ -45.8208424, -23.1104834 ], [ -45.8218428, -23.1098512 ], [ -45.8220107, -23.109624 ], [ -45.8220094, -23.1094151 ], [ -45.82182, -23.1092071 ], [ -45.8215, -23.109174 ], [ -45.820934, -23.1089158 ], [ -45.8200858, -23.1086591 ], [ -45.8192008, -23.1085418 ], [ -45.8182599, -23.1085119 ], [ -45.8170537, -23.1081699 ], [ -45.8162259, -23.1081742 ], [ -45.815588, -23.1083783 ], [ -45.8148257, -23.1093439 ], [ -45.8141103, -23.1106019 ], [ -45.8135716, -23.11119 ], [ -45.8127583, -23.1111942 ], [ -45.8118962, -23.1106133 ], [ -45.8113048, -23.1099474 ], [ -45.8103984, -23.1094921 ], [ -45.8094939, -23.1093713 ], [ -45.8080058, -23.1098807 ], [ -45.8069668, -23.1099278 ], [ -45.8062396, -23.1092207 ], [ -45.8056927, -23.1084291 ], [ -45.8055514, -23.1074682 ], [ -45.805633, -23.1060044 ], [ -45.8051774, -23.1053795 ], [ -45.8048579, -23.1048376 ], [ -45.8042201, -23.1039629 ], [ -45.8031772, -23.103341 ], [ -45.8024503, -23.1026757 ], [ -45.8020851, -23.1020504 ], [ -45.8020814, -23.1014233 ], [ -45.8016723, -23.1010072 ], [ -45.8011758, -23.1010934 ], [ -45.8003637, -23.1013066 ], [ -45.799943, -23.1013064 ], [ -45.7992003, -23.1012129 ], [ -45.7989655, -23.1009778 ], [ -45.7986036, -23.1005046 ], [ -45.7985747, -23.1003361 ], [ -45.7986411, -23.1000869 ], [ -45.7987551, -23.0999497 ], [ -45.7990091, -23.0997967 ], [ -45.7991121, -23.0996719 ], [ -45.7991367, -23.0994636 ], [ -45.7991066, -23.0992571 ], [ -45.7989845, -23.0989533 ], [ -45.7990325, -23.098796 ], [ -45.7990999, -23.0987492 ], [ -45.7992613, -23.0987338 ], [ -45.7995033, -23.0988732 ], [ -45.7995033, -23.0988732 ], [ -45.799531, -23.0988985 ], [ -45.7995809, -23.0989442 ], [ -45.7996626, -23.099019 ], [ -45.7997578, -23.0990895 ], [ -45.7998576, -23.0991642 ], [ -45.7999345, -23.099193 ], [ -45.8000157, -23.0991926 ], [ -45.8000969, -23.0991755 ], [ -45.8001373, -23.0991377 ], [ -45.8001865, -23.0990623 ], [ -45.8002179, -23.0990287 ], [ -45.8002494, -23.0990076 ], [ -45.8003277, -23.0989348 ], [ -45.8003395, -23.0989232 ], [ -45.8009983, -23.0990652 ], [ -45.8009983, -23.0990652 ], [ -45.8011839, -23.0990994 ], [ -45.8013715, -23.0991226 ], [ -45.8015604, -23.0991346 ], [ -45.8017497, -23.0991355 ], [ -45.8019386, -23.0991251 ], [ -45.8021265, -23.0991036 ], [ -45.8023124, -23.0990711 ], [ -45.8024958, -23.0990275 ], [ -45.8029912, -23.0988809 ], [ -45.8034774, -23.09871 ], [ -45.8039531, -23.0985154 ], [ -45.8044169, -23.0982977 ], [ -45.8044169, -23.0982977 ], [ -45.8059593, -23.0975498 ], [ -45.8077329, -23.0966488 ], [ -45.8077329, -23.0966488 ], [ -45.8077659, -23.0966321 ], [ -45.8078, -23.0966174 ], [ -45.8078351, -23.0966048 ], [ -45.807871, -23.0965945 ], [ -45.8079076, -23.0965863 ], [ -45.8079446, -23.0965805 ], [ -45.8079821, -23.0965769 ], [ -45.8080197, -23.0965756 ], [ -45.8080573, -23.0965767 ], [ -45.8080947, -23.0965801 ], [ -45.8081318, -23.0965857 ], [ -45.8081684, -23.0965936 ], [ -45.8082044, -23.0966038 ], [ -45.8082396, -23.0966161 ], [ -45.8082738, -23.0966306 ], [ -45.8083069, -23.0966471 ], [ -45.8083387, -23.0966657 ], [ -45.8083387, -23.0966657 ], [ -45.8085616, -23.0967955 ], [ -45.8087934, -23.0969111 ], [ -45.8090331, -23.0970122 ], [ -45.8090331, -23.0970122 ], [ -45.8100196, -23.0973671 ], [ -45.8100196, -23.0973671 ], [ -45.8105997, -23.0975446 ], [ -45.8111897, -23.0976912 ], [ -45.8111897, -23.0976912 ], [ -45.8124418, -23.0979357 ], [ -45.8124418, -23.0979357 ], [ -45.8128841, -23.0979996 ], [ -45.8133295, -23.0980411 ], [ -45.8133295, -23.0980411 ], [ -45.8136282, -23.0980698 ], [ -45.8139245, -23.098115 ], [ -45.8142173, -23.0981766 ], [ -45.8142173, -23.0981766 ], [ -45.8143385, -23.0982019 ], [ -45.8144612, -23.0982203 ], [ -45.8145849, -23.0982316 ], [ -45.8147091, -23.0982358 ], [ -45.8148334, -23.0982329 ], [ -45.8149572, -23.0982228 ], [ -45.8150801, -23.0982057 ], [ -45.8152017, -23.0981815 ], [ -45.8152017, -23.0981815 ], [ -45.8155563, -23.0981101 ], [ -45.8159148, -23.0980578 ], [ -45.8159148, -23.0980578 ], [ -45.8159796, -23.0980521 ], [ -45.8160446, -23.0980505 ], [ -45.8161095, -23.098053 ], [ -45.8161742, -23.0980595 ], [ -45.8162382, -23.09807 ], [ -45.8163013, -23.0980845 ], [ -45.8163632, -23.0981029 ], [ -45.8164236, -23.0981252 ], [ -45.8164236, -23.0981252 ], [ -45.8166299, -23.0982021 ], [ -45.8168407, -23.0982679 ], [ -45.8170552, -23.0983224 ], [ -45.8170552, -23.0983224 ], [ -45.8172323, -23.0983679 ], [ -45.817406, -23.0984237 ], [ -45.8175754, -23.0984897 ], [ -45.8175754, -23.0984897 ], [ -45.8176963, -23.098537 ], [ -45.81782, -23.0985774 ], [ -45.8179462, -23.0986109 ], [ -45.8180743, -23.0986373 ], [ -45.8182038, -23.0986565 ], [ -45.8182038, -23.0986565 ], [ -45.8184934, -23.0987004 ], [ -45.818779, -23.0987623 ], [ -45.8190595, -23.098842 ], [ -45.8190595, -23.098842 ], [ -45.8191674, -23.0988729 ], [ -45.8192772, -23.0988972 ], [ -45.8193884, -23.0989148 ], [ -45.8195007, -23.0989258 ], [ -45.8196135, -23.0989299 ], [ -45.8197264, -23.0989274 ], [ -45.8198388, -23.098918 ], [ -45.8198388, -23.098918 ], [ -45.8201264, -23.0988924 ], [ -45.820415, -23.0988809 ], [ -45.820704, -23.0988835 ], [ -45.820704, -23.0988835 ], [ -45.821413, -23.098886 ], [ -45.8221208, -23.0988461 ], [ -45.8221208, -23.0988461 ], [ -45.8230108, -23.0987618 ], [ -45.8230108, -23.0987618 ], [ -45.8234332, -23.0987654 ], [ -45.8233391, -23.0974273 ], [ -45.823623, -23.0945199 ], [ -45.8237603, -23.0933606 ], [ -45.8297095, -23.0930669 ], [ -45.8424077, -23.098819 ], [ -45.8435076, -23.0956938 ], [ -45.845141, -23.0947222 ], [ -45.8470362, -23.0939754 ], [ -45.848452, -23.0944268 ], [ -45.8493594, -23.0954771 ], [ -45.8500677, -23.0950938 ], [ -45.8510118, -23.094702 ], [ -45.8513646, -23.0935061 ], [ -45.852264, -23.0917055 ], [ -45.8532868, -23.0919228 ], [ -45.853772, -23.0922181 ], [ -45.8540991, -23.0929909 ], [ -45.8548445, -23.0936721 ], [ -45.8552036, -23.0944149 ], [ -45.8558522, -23.0950668 ], [ -45.8555673, -23.0958727 ], [ -45.8556346, -23.0963192 ], [ -45.8561527, -23.0967335 ], [ -45.8563154, -23.0969709 ], [ -45.8564158, -23.0975662 ], [ -45.8564825, -23.0979233 ], [ -45.8567154, -23.0990839 ], [ -45.8570744, -23.099797 ], [ -45.857143, -23.100452 ], [ -45.8573397, -23.1009872 ], [ -45.857283, -23.102209 ], [ -45.857293, -23.1029965 ], [ -45.8571671, -23.1034739 ], [ -45.8571701, -23.1039505 ], [ -45.857462, -23.1042468 ], [ -45.8576567, -23.1044543 ], [ -45.8570814, -23.1052022 ], [ -45.8558933, -23.1058641 ], [ -45.8543196, -23.1067068 ], [ -45.8542762, -23.106763 ], [ -45.8543828, -23.1068222 ], [ -45.8547871, -23.1073518 ], [ -45.8557491, -23.1078623 ], [ -45.8560698, -23.1089564 ], [ -45.8564877, -23.1088896 ], [ -45.857134, -23.1090956 ], [ -45.857154, -23.1095145 ], [ -45.8580293, -23.109511 ], [ -45.8587978, -23.1097486 ], [ -45.8593236, -23.1101969 ], [ -45.8597781, -23.1103878 ], [ -45.860895, -23.1105912 ], [ -45.8610719, -23.1109932 ], [ -45.8617708, -23.1112472 ], [ -45.8619618, -23.1111333 ], [ -45.8624523, -23.1115174 ], [ -45.8748649, -23.1083344 ], [ -45.8765306, -23.1051272 ], [ -45.8772106, -23.1059447 ], [ -45.877714, -23.1061153 ], [ -45.8784866, -23.1061571 ], [ -45.8784866, -23.1061571 ], [ -45.878736, -23.1061776 ], [ -45.8789836, -23.1062121 ], [ -45.8792285, -23.1062605 ], [ -45.8794698, -23.1063224 ], [ -45.8797065, -23.1063979 ], [ -45.8799378, -23.1064864 ], [ -45.880163, -23.1065878 ], [ -45.880163, -23.1065878 ], [ -45.8802365, -23.1066266 ], [ -45.880307, -23.10667 ], [ -45.8803741, -23.1067178 ], [ -45.8804375, -23.1067697 ], [ -45.8804968, -23.1068256 ], [ -45.8805518, -23.1068851 ], [ -45.8806023, -23.106948 ], [ -45.8806479, -23.107014 ], [ -45.8806885, -23.1070827 ], [ -45.8807239, -23.1071539 ], [ -45.8807539, -23.1072271 ], [ -45.8807784, -23.1073021 ], [ -45.8807972, -23.1073784 ], [ -45.8807972, -23.1073784 ], [ -45.8809241, -23.1078983 ], [ -45.8810872, -23.1084095 ], [ -45.8812859, -23.1089098 ], [ -45.8815193, -23.1093971 ], [ -45.8815193, -23.1093971 ], [ -45.8815823, -23.1095085 ], [ -45.8816529, -23.109616 ], [ -45.8817308, -23.1097191 ], [ -45.8818158, -23.1098173 ], [ -45.8819073, -23.1099103 ], [ -45.8820052, -23.1099977 ], [ -45.8820052, -23.1099977 ], [ -45.8820548, -23.110042 ], [ -45.8821012, -23.1100892 ], [ -45.8821442, -23.1101391 ], [ -45.8821835, -23.1101915 ], [ -45.8822191, -23.1102461 ], [ -45.8822508, -23.1103028 ], [ -45.8822785, -23.1103612 ], [ -45.882302, -23.1104212 ], [ -45.8823212, -23.1104825 ], [ -45.8823361, -23.1105448 ], [ -45.8823465, -23.1106079 ], [ -45.8823525, -23.1106714 ], [ -45.8823541, -23.1107352 ], [ -45.8823511, -23.110799 ], [ -45.8823511, -23.110799 ], [ -45.8823455, -23.1109216 ], [ -45.8823487, -23.1110444 ], [ -45.8823607, -23.1111667 ], [ -45.8823815, -23.1112879 ], [ -45.8824109, -23.1114077 ], [ -45.8824488, -23.1115253 ], [ -45.8824951, -23.1116404 ], [ -45.8825496, -23.1117524 ], [ -45.8826119, -23.1118608 ], [ -45.8826819, -23.1119651 ], [ -45.8827593, -23.1120649 ], [ -45.8828436, -23.1121598 ], [ -45.8829345, -23.1122492 ], [ -45.8830316, -23.1123329 ], [ -45.8834028, -23.1126529 ], [ -45.8837498, -23.1129952 ], [ -45.8840711, -23.1133583 ], [ -45.8840711, -23.1133583 ], [ -45.8842, -23.1135054 ], [ -45.8843378, -23.1136454 ], [ -45.884484, -23.1137778 ], [ -45.8846382, -23.1139022 ], [ -45.8846382, -23.1139022 ], [ -45.8846366, -23.1142643 ], [ -45.8846366, -23.1142643 ], [ -45.8846424, -23.114452 ], [ -45.8846616, -23.1146389 ], [ -45.8846941, -23.1148242 ], [ -45.8847398, -23.1150072 ], [ -45.8847985, -23.1151869 ], [ -45.8847985, -23.1151869 ], [ -45.885333, -23.1165037 ], [ -45.8859603, -23.1177852 ], [ -45.8859603, -23.1177852 ], [ -45.8861348, -23.118087 ], [ -45.8863305, -23.1183775 ], [ -45.8865465, -23.1186554 ], [ -45.8867818, -23.1189196 ], [ -45.8867818, -23.1189196 ], [ -45.8876651, -23.1199039 ], [ -45.8884839, -23.1209349 ], [ -45.8884839, -23.1209349 ], [ -45.888625, -23.1211122 ], [ -45.8887776, -23.1212811 ], [ -45.8889412, -23.1214411 ], [ -45.889115, -23.1215914 ], [ -45.8892985, -23.1217316 ], [ -45.889491, -23.1218611 ], [ -45.8896917, -23.1219795 ], [ -45.8898999, -23.1220862 ], [ -45.8898999, -23.1220862 ], [ -45.8900452, -23.1221507 ], [ -45.8901941, -23.1222078 ], [ -45.8903461, -23.1222573 ], [ -45.8905009, -23.1222989 ], [ -45.8905009, -23.1222989 ], [ -45.8906633, -23.122333 ], [ -45.8908277, -23.1223572 ], [ -45.8909935, -23.1223713 ], [ -45.8909935, -23.1223713 ], [ -45.8911284, -23.1223828 ], [ -45.8912622, -23.1224025 ], [ -45.8913943, -23.1224304 ], [ -45.8915241, -23.1224663 ], [ -45.8916511, -23.1225101 ], [ -45.8917747, -23.1225615 ], [ -45.8918943, -23.1226204 ], [ -45.8918943, -23.1226204 ], [ -45.8919386, -23.1226423 ], [ -45.8919844, -23.1226617 ], [ -45.8920314, -23.1226784 ], [ -45.8920794, -23.1226924 ], [ -45.8921283, -23.1227036 ], [ -45.8921778, -23.1227119 ], [ -45.8922277, -23.1227174 ], [ -45.892278, -23.1227201 ], [ -45.8923283, -23.1227198 ], [ -45.8923687, -23.1227198 ], [ -45.8924089, -23.1227222 ], [ -45.8924489, -23.1227273 ], [ -45.8924884, -23.1227349 ], [ -45.8925272, -23.1227449 ], [ -45.8925652, -23.1227574 ], [ -45.8926022, -23.1227723 ], [ -45.892638, -23.1227896 ], [ -45.8926724, -23.122809 ], [ -45.8927053, -23.1228306 ], [ -45.8927365, -23.1228543 ], [ -45.8927659, -23.1228798 ], [ -45.8927933, -23.1229072 ], [ -45.8928187, -23.1229362 ], [ -45.8928417, -23.1229668 ], [ -45.8928625, -23.1229988 ], [ -45.8928808, -23.1230321 ], [ -45.8928967, -23.1230664 ], [ -45.8928967, -23.1230664 ], [ -45.8929344, -23.1231483 ], [ -45.8929782, -23.1232276 ], [ -45.8930279, -23.123304 ], [ -45.893083, -23.1233769 ], [ -45.8931435, -23.1234462 ], [ -45.893209, -23.1235115 ], [ -45.8932793, -23.1235724 ], [ -45.8933539, -23.1236287 ], [ -45.8934325, -23.1236802 ], [ -45.8935148, -23.1237264 ], [ -45.8936003, -23.1237673 ], [ -45.8936887, -23.1238027 ], [ -45.8937795, -23.1238323 ], [ -45.8938723, -23.1238561 ], [ -45.8939666, -23.1238739 ], [ -45.8939666, -23.1238739 ], [ -45.8941133, -23.1238922 ], [ -45.8942609, -23.1239015 ], [ -45.8944089, -23.1239018 ], [ -45.8945565, -23.1238932 ], [ -45.8947033, -23.1238755 ], [ -45.8948484, -23.123849 ], [ -45.8949914, -23.1238138 ], [ -45.8949914, -23.1238138 ], [ -45.8951264, -23.1237805 ], [ -45.8952634, -23.1237555 ], [ -45.8954019, -23.1237389 ], [ -45.8955413, -23.1237308 ], [ -45.895681, -23.1237312 ], [ -45.8958203, -23.12374 ], [ -45.8959587, -23.1237574 ], [ -45.8960956, -23.1237831 ], [ -45.8962304, -23.1238171 ], [ -45.8962304, -23.1238171 ], [ -45.8963087, -23.1238367 ], [ -45.8963882, -23.1238512 ], [ -45.8964687, -23.1238606 ], [ -45.8965497, -23.1238647 ], [ -45.8966308, -23.1238636 ], [ -45.8967117, -23.1238573 ], [ -45.8967918, -23.1238458 ], [ -45.8968709, -23.1238292 ], [ -45.8969486, -23.1238075 ], [ -45.8970244, -23.1237809 ], [ -45.8970981, -23.1237494 ], [ -45.8971692, -23.1237133 ], [ -45.8972374, -23.1236727 ], [ -45.8973024, -23.1236278 ], [ -45.8973638, -23.1235788 ], [ -45.8974214, -23.123526 ], [ -45.8974749, -23.1234696 ], [ -45.897524, -23.1234099 ], [ -45.8975685, -23.1233471 ], [ -45.8976082, -23.1232817 ], [ -45.8976428, -23.1232138 ], [ -45.8976723, -23.1231439 ], [ -45.8976964, -23.1230723 ], [ -45.897715, -23.1229993 ], [ -45.8977282, -23.1229252 ], [ -45.8977357, -23.1228505 ], [ -45.8977375, -23.1227755 ], [ -45.8977375, -23.1227755 ], [ -45.8977381, -23.1227531 ], [ -45.8977403, -23.1227309 ], [ -45.8977441, -23.1227088 ], [ -45.8977495, -23.122687 ], [ -45.8977565, -23.1226656 ], [ -45.8977651, -23.1226446 ], [ -45.8977752, -23.1226243 ], [ -45.8977867, -23.1226047 ], [ -45.8977997, -23.1225858 ], [ -45.897814, -23.1225678 ], [ -45.8978296, -23.1225507 ], [ -45.8978465, -23.1225346 ], [ -45.8978645, -23.1225196 ], [ -45.8978835, -23.1225058 ], [ -45.8979035, -23.1224933 ], [ -45.8979244, -23.122482 ], [ -45.897946, -23.122472 ], [ -45.8979684, -23.1224635 ], [ -45.8979913, -23.1224563 ], [ -45.8980147, -23.1224507 ], [ -45.8980385, -23.1224465 ], [ -45.8980625, -23.1224438 ], [ -45.8980866, -23.1224426 ], [ -45.8981108, -23.1224429 ], [ -45.8981349, -23.1224448 ], [ -45.8981588, -23.1224481 ], [ -45.8981824, -23.122453 ], [ -45.8982056, -23.1224593 ], [ -45.8982056, -23.1224593 ], [ -45.8984159, -23.1225309 ], [ -45.898621, -23.1226145 ], [ -45.8988199, -23.1227099 ], [ -45.8988199, -23.1227099 ], [ -45.8989706, -23.1227819 ], [ -45.8991261, -23.1228445 ], [ -45.8992857, -23.1228975 ], [ -45.8994488, -23.1229406 ], [ -45.8996146, -23.1229737 ], [ -45.8997823, -23.1229966 ], [ -45.8999514, -23.1230091 ], [ -45.900121, -23.1230114 ], [ -45.9002903, -23.1230032 ], [ -45.9004587, -23.1229848 ], [ -45.9006255, -23.1229561 ], [ -45.9007898, -23.1229172 ], [ -45.9015418, -23.1227311 ], [ -45.9023019, -23.1225755 ], [ -45.9023019, -23.1225755 ], [ -45.9025131, -23.1225304 ], [ -45.902721, -23.1224736 ], [ -45.9029247, -23.1224051 ], [ -45.9031236, -23.1223254 ], [ -45.9033169, -23.1222345 ], [ -45.9035038, -23.122133 ], [ -45.9035038, -23.122133 ], [ -45.9035715, -23.1220982 ], [ -45.9036416, -23.1220679 ], [ -45.9037138, -23.1220422 ], [ -45.9037878, -23.1220212 ], [ -45.9038632, -23.122005 ], [ -45.9039396, -23.1219937 ], [ -45.9040167, -23.1219873 ], [ -45.9040941, -23.1219859 ], [ -45.9041714, -23.1219895 ], [ -45.9042482, -23.121998 ], [ -45.9043243, -23.1220115 ], [ -45.9043991, -23.1220298 ], [ -45.9044723, -23.1220529 ], [ -45.9045437, -23.1220807 ], [ -45.9046128, -23.122113 ], [ -45.9046793, -23.1221496 ], [ -45.9047428, -23.1221904 ], [ -45.9047428, -23.1221904 ], [ -45.9048174, -23.1224419 ], [ -45.9048456, -23.1227625 ], [ -45.9047823, -23.1229978 ], [ -45.9045642, -23.1234937 ], [ -45.9044763, -23.1236748 ], [ -45.9044526, -23.1237692 ], [ -45.9043834, -23.1239145 ], [ -45.9043354, -23.1240047 ], [ -45.9042433, -23.1242039 ], [ -45.9041324, -23.1243357 ], [ -45.9040358, -23.1244262 ], [ -45.9038641, -23.124597 ], [ -45.9038159, -23.1246573 ], [ -45.9037679, -23.1247525 ], [ -45.9037475, -23.1249325 ], [ -45.9037862, -23.1250672 ], [ -45.9038465, -23.1251968 ], [ -45.903908, -23.1253211 ], [ -45.9039443, -23.1254521 ], [ -45.9040292, -23.1257742 ], [ -45.9040595, -23.1258888 ], [ -45.904108, -23.1260744 ], [ -45.9041338, -23.1261595 ], [ -45.90415, -23.1261963 ], [ -45.9041991, -23.1264293 ], [ -45.904194, -23.126463 ], [ -45.9042235, -23.126544 ], [ -45.9042359, -23.1266314 ], [ -45.9042616, -23.1266885 ], [ -45.9042804, -23.126749 ], [ -45.9043204, -23.1268933 ], [ -45.9043505, -23.1269806 ], [ -45.9044287, -23.1271934 ], [ -45.9044895, -23.1274336 ], [ -45.9045137, -23.1275209 ], [ -45.9045556, -23.1276082 ], [ -45.9046094, -23.1276899 ], [ -45.9046926, -23.1277659 ], [ -45.9047402, -23.1278149 ], [ -45.9048477, -23.1279143 ], [ -45.904901, -23.1279943 ], [ -45.9049367, -23.1280433 ], [ -45.9049935, -23.1281247 ], [ -45.9050463, -23.1282312 ], [ -45.9050924, -23.1283486 ], [ -45.9051046, -23.1283978 ], [ -45.9051229, -23.1284797 ], [ -45.9051355, -23.1286053 ], [ -45.9050892, -23.1287566 ], [ -45.9050719, -23.1288123 ], [ -45.9055147, -23.1290587 ], [ -45.9056023, -23.1289025 ], [ -45.9056277, -23.1286595 ], [ -45.9056181, -23.1283774 ], [ -45.9055047, -23.1281709 ], [ -45.9053212, -23.1278648 ], [ -45.905184, -23.1275691 ], [ -45.9051359, -23.1273051 ], [ -45.9052384, -23.1270331 ], [ -45.9054604, -23.1267425 ], [ -45.9059292, -23.1263933 ], [ -45.9062487, -23.1262415 ], [ -45.9065418, -23.1261827 ], [ -45.9070036, -23.1259371 ], [ -45.907292, -23.1257676 ], [ -45.9073915, -23.1256313 ], [ -45.9074135, -23.1254526 ], [ -45.9073506, -23.1252815 ], [ -45.907069, -23.1247581 ], [ -45.9068895, -23.1244805 ], [ -45.9068379, -23.1242701 ], [ -45.906825, -23.1240737 ], [ -45.9068394, -23.1239201 ], [ -45.9068385, -23.1237951 ], [ -45.9067879, -23.1237275 ], [ -45.9066369, -23.1236712 ], [ -45.9064436, -23.1236366 ], [ -45.9063544, -23.12358 ], [ -45.9063111, -23.1234516 ], [ -45.9063335, -23.1233515 ], [ -45.906449, -23.1232937 ], [ -45.9066071, -23.1232642 ], [ -45.9067851, -23.1233168 ], [ -45.9069789, -23.1234192 ], [ -45.9070875, -23.1234829 ], [ -45.9071568, -23.1234611 ], [ -45.907191, -23.1233752 ], [ -45.9071711, -23.123286 ], [ -45.9070272, -23.1231332 ], [ -45.9069995, -23.1230405 ], [ -45.9070488, -23.1228974 ], [ -45.9071753, -23.1227645 ], [ -45.9073711, -23.1225991 ], [ -45.9074743, -23.1224413 ], [ -45.9075921, -23.1221513 ], [ -45.9076032, -23.1220763 ], [ -45.907572, -23.1220336 ], [ -45.9075062, -23.1220161 ], [ -45.9074371, -23.1220665 ], [ -45.9073417, -23.1222421 ], [ -45.9072805, -23.1223246 ], [ -45.9071764, -23.1223573 ], [ -45.9070527, -23.122333 ], [ -45.906948, -23.1222693 ], [ -45.9069126, -23.1221731 ], [ -45.906896, -23.1220018 ], [ -45.9069644, -23.1218406 ], [ -45.907182, -23.1214608 ], [ -45.9073426, -23.1212313 ], [ -45.9074729, -23.1210841 ], [ -45.9074955, -23.1209982 ], [ -45.9074721, -23.1209591 ], [ -45.9073483, -23.1209205 ], [ -45.9072207, -23.1208962 ], [ -45.907147, -23.1208467 ], [ -45.9071463, -23.1207431 ], [ -45.90718, -23.1205857 ], [ -45.9072948, -23.1204279 ], [ -45.9073869, -23.1203417 ], [ -45.9075681, -23.1203121 ], [ -45.9077074, -23.1203398 ], [ -45.9078269, -23.1203141 ], [ -45.908081, -23.1202091 ], [ -45.9084077, -23.1199786 ], [ -45.9085427, -23.1199457 ], [ -45.9089093, -23.119915 ], [ -45.9090287, -23.1198643 ], [ -45.9090664, -23.1197355 ], [ -45.9090966, -23.1196318 ], [ -45.9092577, -23.1194666 ], [ -45.9095531, -23.1191827 ], [ -45.9096489, -23.1190643 ], [ -45.9096596, -23.1189428 ], [ -45.9096475, -23.1188678 ], [ -45.9095969, -23.1188038 ], [ -45.9095959, -23.118661 ], [ -45.9096755, -23.1184391 ], [ -45.9098022, -23.1183276 ], [ -45.909964, -23.1182695 ], [ -45.9101607, -23.1182398 ], [ -45.9102768, -23.1182713 ], [ -45.9103043, -23.1183462 ], [ -45.9103361, -23.1184817 ], [ -45.9103526, -23.1186316 ], [ -45.9104074, -23.118742 ], [ -45.9104772, -23.1187916 ], [ -45.9105467, -23.1187805 ], [ -45.9106159, -23.1187372 ], [ -45.9106615, -23.1186263 ], [ -45.9107608, -23.1184685 ], [ -45.9109029, -23.1183463 ], [ -45.9111644, -23.1181876 ], [ -45.9114914, -23.1180036 ], [ -45.9115528, -23.1179461 ], [ -45.9115755, -23.1178745 ], [ -45.911517, -23.1177998 ], [ -45.911389, -23.1177149 ], [ -45.9113186, -23.1175867 ], [ -45.9113176, -23.117426 ], [ -45.9113667, -23.1172685 ], [ -45.9114623, -23.1171287 ], [ -45.9115158, -23.1170498 ], [ -45.9114144, -23.1168932 ], [ -45.9112893, -23.1166761 ], [ -45.9112537, -23.1165406 ], [ -45.9112326, -23.1162764 ], [ -45.9110539, -23.1161203 ], [ -45.9109174, -23.1159175 ], [ -45.9108269, -23.1156751 ], [ -45.9107639, -23.1154933 ], [ -45.9106822, -23.1154081 ], [ -45.9106857, -23.1153438 ], [ -45.910747, -23.1152827 ], [ -45.9109399, -23.1152566 ], [ -45.9111295, -23.115309 ], [ -45.9113734, -23.1154076 ], [ -45.9114859, -23.115482 ], [ -45.9116096, -23.1154991 ], [ -45.911733, -23.1154734 ], [ -45.9118323, -23.1153121 ], [ -45.9120206, -23.1151825 ], [ -45.9121511, -23.1150603 ], [ -45.9123991, -23.1149088 ], [ -45.9124914, -23.1149013 ], [ -45.9118845, -23.1136587 ], [ -45.9116222, -23.113035 ], [ -45.9115206, -23.1127715 ], [ -45.9115206, -23.1127715 ], [ -45.9115341, -23.112757 ], [ -45.9122472, -23.1117374 ], [ -45.9129846, -23.1116432 ], [ -45.9129081, -23.1112569 ], [ -45.9129834, -23.1109117 ], [ -45.9130671, -23.1108047 ], [ -45.9130771, -23.1108047 ], [ -45.9136521, -23.1110018 ], [ -45.9137534, -23.1114574 ], [ -45.913502, -23.1116192 ], [ -45.913729, -23.1118525 ], [ -45.9137071, -23.112203 ], [ -45.9139456, -23.1122184 ], [ -45.913975, -23.1118941 ], [ -45.9141054, -23.1117737 ], [ -45.9141792, -23.111678 ], [ -45.9142568, -23.111517 ], [ -45.9143374, -23.1113972 ], [ -45.9147258, -23.1110368 ], [ -45.9148539, -23.1109856 ], [ -45.915001, -23.1109656 ], [ -45.9161061, -23.1107201 ], [ -45.9161504, -23.1106937 ], [ -45.9162855, -23.1100794 ], [ -45.9163862, -23.1099533 ], [ -45.9163946, -23.109952 ] ] ] } },
{ "type": "Feature", "properties": { "id": 4, "regiao": "Oeste", "populacao": 415880 }, "geometry": { "type": "Polygon", "coordinates": [ [ [ -45.9491424, -23.2588951 ], [ -45.9345409, -23.2495614 ], [ -45.9304569, -23.2469534 ], [ -45.9284257, -23.2456015 ], [ -45.9274963, -23.2449629 ], [ -45.9260661, -23.2439075 ], [ -45.9237044, -23.24183 ], [ -45.9196766, -23.2380498 ], [ -45.9172717, -23.2358417 ], [ -45.9161555, -23.2347046 ], [ -45.9142764, -23.2330186 ], [ -45.9139911, -23.2327635 ], [ -45.9120588, -23.2309429 ], [ -45.9082042, -23.2274003 ], [ -45.9009875, -23.2206671 ], [ -45.8999493, -23.2197001 ], [ -45.8978773, -23.2178194 ], [ -45.8959092, -23.2159797 ], [ -45.8929, -23.2131581 ], [ -45.8917428, -23.2120881 ], [ -45.8930756, -23.2112477 ], [ -45.8959855, -23.2106287 ], [ -45.8983293, -23.2099842 ], [ -45.8994393, -23.2097769 ], [ -45.901272, -23.209374 ], [ -45.9023194, -23.2089265 ], [ -45.9034829, -23.2081897 ], [ -45.9039697, -23.2078002 ], [ -45.9056034, -23.2057158 ], [ -45.905923, -23.2052413 ], [ -45.9059154, -23.2051947 ], [ -45.9070144, -23.2043007 ], [ -45.9080179, -23.2032729 ], [ -45.9100906, -23.2014938 ], [ -45.9103485, -23.2011937 ], [ -45.9121428, -23.1996612 ], [ -45.9125691, -23.1991957 ], [ -45.9129102, -23.198825 ], [ -45.9131673, -23.1986228 ], [ -45.9134858, -23.1983055 ], [ -45.9138146, -23.1979977 ], [ -45.9139988, -23.1977098 ], [ -45.914562, -23.196894 ], [ -45.9147466, -23.1966635 ], [ -45.9147769, -23.1965582 ], [ -45.9147756, -23.196367 ], [ -45.9148045, -23.1960514 ], [ -45.9152299, -23.1932289 ], [ -45.9156463, -23.1905977 ], [ -45.9160525, -23.1879856 ], [ -45.9163868, -23.1869704 ], [ -45.9164971, -23.1864631 ], [ -45.916555, -23.1858605 ], [ -45.9166863, -23.1853913 ], [ -45.9168803, -23.1850365 ], [ -45.9172813, -23.1846996 ], [ -45.9177234, -23.1843242 ], [ -45.9184992, -23.1837089 ], [ -45.9182069, -23.1834228 ], [ -45.9176697, -23.1827275 ], [ -45.9169901, -23.1824629 ], [ -45.9154679, -23.1828657 ], [ -45.9149421, -23.1831463 ], [ -45.9144852, -23.1835922 ], [ -45.9139123, -23.1854759 ], [ -45.913081, -23.186403 ], [ -45.9123067, -23.1864433 ], [ -45.9116141, -23.186398 ], [ -45.9111712, -23.1860559 ], [ -45.9106682, -23.1853299 ], [ -45.9110385, -23.1840451 ], [ -45.9115575, -23.1833561 ], [ -45.9125008, -23.1830547 ], [ -45.9138919, -23.1822934 ], [ -45.9151368, -23.1814253 ], [ -45.915917, -23.1806541 ], [ -45.9159261, -23.1798605 ], [ -45.9151157, -23.1783184 ], [ -45.9140879, -23.176633 ], [ -45.913955, -23.1757412 ], [ -45.9134196, -23.1745262 ], [ -45.9149554, -23.1742412 ], [ -45.9164887, -23.1739312 ], [ -45.9199195, -23.1732803 ], [ -45.9234584, -23.1725641 ], [ -45.9263237, -23.1719952 ], [ -45.931915, -23.1709227 ], [ -45.9341446, -23.1704705 ], [ -45.9399355, -23.1694097 ], [ -45.9414605, -23.1694438 ], [ -45.943276, -23.1698679 ], [ -45.9452097, -23.1708127 ], [ -45.947098, -23.1719751 ], [ -45.950504, -23.1750411 ], [ -45.9580273, -23.1819946 ], [ -45.9607712, -23.1844557 ], [ -45.9623164, -23.1859799 ], [ -45.9634479, -23.1869928 ], [ -45.9664816, -23.1895299 ], [ -45.9798853, -23.2005834 ], [ -45.9812416, -23.2016029 ], [ -45.9812397, -23.201743 ], [ -45.9813664, -23.2027271 ], [ -45.9814989, -23.2031266 ], [ -45.9815596, -23.2032848 ], [ -45.9816155, -23.203432 ], [ -45.9816941, -23.2036248 ], [ -45.9817497, -23.2038479 ], [ -45.981761, -23.2039764 ], [ -45.9817616, -23.2041056 ], [ -45.9817472, -23.2041993 ], [ -45.98172, -23.2042983 ], [ -45.9816779, -23.2044079 ], [ -45.9816075, -23.2045161 ], [ -45.9815253, -23.2045744 ], [ -45.9814719, -23.2046125 ], [ -45.9813879, -23.2046626 ], [ -45.9812894, -23.2047027 ], [ -45.9809542, -23.2047544 ], [ -45.9807371, -23.2047555 ], [ -45.9804093, -23.2046682 ], [ -45.9802037, -23.204581 ], [ -45.9798764, -23.2043057 ], [ -45.9795043, -23.2039124 ], [ -45.9792226, -23.203655 ], [ -45.9789688, -23.2034207 ], [ -45.9785365, -23.2030652 ], [ -45.978096, -23.2028858 ], [ -45.9778198, -23.2027035 ], [ -45.9774535, -23.202312 ], [ -45.9771054, -23.2021069 ], [ -45.9765614, -23.2019222 ], [ -45.9757893, -23.2016491 ], [ -45.9748766, -23.2014777 ], [ -45.9741058, -23.2014033 ], [ -45.9732066, -23.2015076 ], [ -45.9722957, -23.201563 ], [ -45.9713919, -23.2011134 ], [ -45.9708586, -23.2005639 ], [ -45.9702657, -23.2000577 ], [ -45.9698484, -23.1998425 ], [ -45.9694592, -23.1997984 ], [ -45.9691563, -23.199847 ], [ -45.9687886, -23.2000744 ], [ -45.968519, -23.2003855 ], [ -45.9683559, -23.2006413 ], [ -45.9682085, -23.2010058 ], [ -45.9678363, -23.2015818 ], [ -45.9673554, -23.2019601 ], [ -45.9671051, -23.2021215 ], [ -45.9668696, -23.2021739 ], [ -45.9664595, -23.2020961 ], [ -45.9660585, -23.2019534 ], [ -45.9657898, -23.2018389 ], [ -45.9654692, -23.2018375 ], [ -45.9650798, -23.2020194 ], [ -45.9646668, -23.2024746 ], [ -45.9644132, -23.2028736 ], [ -45.964209, -23.2032408 ], [ -45.9638956, -23.2040255 ], [ -45.9637482, -23.2043313 ], [ -45.9635856, -23.2045655 ], [ -45.9631332, -23.2050914 ], [ -45.962742, -23.2054214 ], [ -45.9624535, -23.2055904 ], [ -45.9619784, -23.2056986 ], [ -45.9616876, -23.2057292 ], [ -45.9612678, -23.2057019 ], [ -45.9606106, -23.205613 ], [ -45.9592512, -23.2051742 ], [ -45.958917, -23.2050633 ], [ -45.9585864, -23.2049705 ], [ -45.9580765, -23.2047384 ], [ -45.9573748, -23.2044663 ], [ -45.9564721, -23.2041205 ], [ -45.9562112, -23.2040125 ], [ -45.9558818, -23.2039062 ], [ -45.9555896, -23.2038501 ], [ -45.9552684, -23.2038306 ], [ -45.9547248, -23.2038925 ], [ -45.9542547, -23.2039962 ], [ -45.953704, -23.2042812 ], [ -45.9528898, -23.2048105 ], [ -45.9528838, -23.2048212 ], [ -45.9527608, -23.2049702 ], [ -45.9527127, -23.2050896 ], [ -45.9526875, -23.2051841 ], [ -45.952678, -23.2053276 ], [ -45.9526942, -23.2055094 ], [ -45.9527333, -23.2056681 ], [ -45.9527999, -23.205821 ], [ -45.953008, -23.2060926 ], [ -45.9533369, -23.2064908 ], [ -45.9536488, -23.2069095 ], [ -45.9537907, -23.2071656 ], [ -45.9538184, -23.2072546 ], [ -45.9538281, -23.2073667 ], [ -45.9538002, -23.2075551 ], [ -45.9537318, -23.2077637 ], [ -45.9536324, -23.20796 ], [ -45.9535253, -23.2080956 ], [ -45.9534607, -23.208156 ], [ -45.9534015, -23.2081858 ], [ -45.9533337, -23.208201 ], [ -45.953271, -23.20821 ], [ -45.953108, -23.2081984 ], [ -45.9529519, -23.2081806 ], [ -45.9524425, -23.2081346 ], [ -45.9516278, -23.2081091 ], [ -45.9510647, -23.2081129 ], [ -45.9502622, -23.2082756 ], [ -45.9498188, -23.2084673 ], [ -45.9495172, -23.2087056 ], [ -45.9492908, -23.2090038 ], [ -45.9491541, -23.2093143 ], [ -45.9490505, -23.2096307 ], [ -45.949031, -23.2097903 ], [ -45.949119, -23.209948 ], [ -45.9493815, -23.2101843 ], [ -45.9496328, -23.2104403 ], [ -45.9496998, -23.2106275 ], [ -45.9496566, -23.2107958 ], [ -45.949538, -23.2109159 ], [ -45.9492901, -23.2110059 ], [ -45.9489317, -23.2111466 ], [ -45.9485871, -23.2114358 ], [ -45.9483514, -23.2118133 ], [ -45.9482241, -23.2121998 ], [ -45.9481518, -23.2126757 ], [ -45.9481544, -23.2130615 ], [ -45.9482428, -23.2133575 ], [ -45.9486365, -23.2138994 ], [ -45.9489774, -23.2143918 ], [ -45.9491858, -23.2148061 ], [ -45.9492643, -23.2151615 ], [ -45.949364, -23.2154784 ], [ -45.9496489, -23.2157738 ], [ -45.9498422, -23.2159458 ], [ -45.9499502, -23.2160243 ], [ -45.9507383, -23.2162238 ], [ -45.9508961, -23.2162551 ], [ -45.9514864, -23.216315 ], [ -45.9518541, -23.216254 ], [ -45.9523306, -23.2160735 ], [ -45.9529038, -23.215891 ], [ -45.9533264, -23.21582 ], [ -45.9535979, -23.2158378 ], [ -45.9538909, -23.2159047 ], [ -45.9541856, -23.216091 ], [ -45.9546341, -23.2166329 ], [ -45.9549311, -23.2172248 ], [ -45.9549882, -23.2176792 ], [ -45.9549279, -23.2183532 ], [ -45.954749, -23.2190967 ], [ -45.954655, -23.2195325 ], [ -45.9545942, -23.220126 ], [ -45.9547718, -23.2205706 ], [ -45.9550664, -23.220924 ], [ -45.9554258, -23.2211013 ], [ -45.955665, -23.2211186 ], [ -45.9558377, -23.2210788 ], [ -45.9560861, -23.2209183 ], [ -45.9563449, -23.2207688 ], [ -45.9568096, -23.2203803 ], [ -45.957424, -23.2198714 ], [ -45.9577473, -23.2196217 ], [ -45.9580282, -23.2194418 ], [ -45.958321, -23.2193606 ], [ -45.9588745, -23.2193485 ], [ -45.9591996, -23.2193752 ], [ -45.9594776, -23.2194573 ], [ -45.9600525, -23.219666 ], [ -45.9605604, -23.220011 ], [ -45.9609533, -23.2203848 ], [ -45.9613807, -23.2209065 ], [ -45.9615356, -23.221311 ], [ -45.9615813, -23.2216966 ], [ -45.9615193, -23.2220922 ], [ -45.9613491, -23.2225784 ], [ -45.9611034, -23.2231247 ], [ -45.9609339, -23.2236795 ], [ -45.9608929, -23.2241053 ], [ -45.9609079, -23.2245103 ], [ -45.9610834, -23.2248564 ], [ -45.9613576, -23.2252004 ], [ -45.9616556, -23.2254228 ], [ -45.9622664, -23.2256492 ], [ -45.9623143, -23.2256472 ], [ -45.9626951, -23.225618 ], [ -45.9631388, -23.2254668 ], [ -45.9635495, -23.2252474 ], [ -45.9639598, -23.2249972 ], [ -45.9644036, -23.2247864 ], [ -45.9647172, -23.224794 ], [ -45.9650321, -23.2248423 ], [ -45.9652622, -23.2249291 ], [ -45.9655122, -23.2251055 ], [ -45.9658406, -23.2254802 ], [ -45.9660933, -23.2259341 ], [ -45.96616, -23.2261899 ], [ -45.9661404, -23.2264579 ], [ -45.9660444, -23.2266859 ], [ -45.9658506, -23.2269639 ], [ -45.9655592, -23.2272845 ], [ -45.965439, -23.2273893 ], [ -45.9646555, -23.2279471 ], [ -45.9642269, -23.2283958 ], [ -45.9641159, -23.2285874 ], [ -45.9640419, -23.2288356 ], [ -45.9639905, -23.2292413 ], [ -45.9639937, -23.2295982 ], [ -45.9640394, -23.2300426 ], [ -45.9642275, -23.2304476 ], [ -45.9645454, -23.2308609 ], [ -45.9649051, -23.2311855 ], [ -45.9652322, -23.2314201 ], [ -45.965765, -23.2316344 ], [ -45.9660338, -23.2317425 ], [ -45.9673643, -23.2319594 ], [ -45.9691524, -23.2323342 ], [ -45.9708035, -23.2328217 ], [ -45.9709614, -23.2329019 ], [ -45.9711145, -23.2330298 ], [ -45.9712948, -23.2332215 ], [ -45.9713987, -23.2333695 ], [ -45.9714493, -23.2336458 ], [ -45.9714508, -23.2338347 ], [ -45.9714253, -23.2339436 ], [ -45.9713233, -23.2341227 ], [ -45.9711566, -23.2343116 ], [ -45.9710003, -23.2344664 ], [ -45.9708059, -23.234616 ], [ -45.9704482, -23.2347713 ], [ -45.9701561, -23.2348679 ], [ -45.9699345, -23.2349015 ], [ -45.9685256, -23.2348018 ], [ -45.9672535, -23.235024 ], [ -45.9658568, -23.2354286 ], [ -45.9641452, -23.236214 ], [ -45.9632874, -23.2371953 ], [ -45.9631911, -23.2373302 ], [ -45.9630627, -23.2376128 ], [ -45.9629725, -23.2379448 ], [ -45.9629363, -23.2382117 ], [ -45.9629326, -23.2384149 ], [ -45.9629873, -23.2385775 ], [ -45.9631242, -23.2387359 ], [ -45.9632504, -23.2388391 ], [ -45.9635383, -23.2389213 ], [ -45.9640981, -23.2390511 ], [ -45.964728, -23.2391414 ], [ -45.9649939, -23.2391943 ], [ -45.9651413, -23.2392626 ], [ -45.9652175, -23.2393207 ], [ -45.9652741, -23.23943 ], [ -45.9652785, -23.2400995 ], [ -45.965074, -23.241709 ], [ -45.9646552, -23.2430613 ], [ -45.9640387, -23.2442081 ], [ -45.9633796, -23.2450163 ], [ -45.9624437, -23.2460388 ], [ -45.9614299, -23.2470981 ], [ -45.9592168, -23.2489896 ], [ -45.9576533, -23.2503763 ], [ -45.957119, -23.2506642 ], [ -45.9568044, -23.2509204 ], [ -45.9563322, -23.2512346 ], [ -45.9561359, -23.2515414 ], [ -45.9560501, -23.2518473 ], [ -45.9558368, -23.2523851 ], [ -45.9557796, -23.2526227 ], [ -45.9555726, -23.2530865 ], [ -45.9554291, -23.2535523 ], [ -45.9548143, -23.2549728 ], [ -45.9547203, -23.2552451 ], [ -45.9546849, -23.255259 ], [ -45.9545074, -23.255661 ], [ -45.9538063, -23.256932 ], [ -45.9534002, -23.2575905 ], [ -45.9531912, -23.2577878 ], [ -45.9529462, -23.2579213 ], [ -45.9526135, -23.2580434 ], [ -45.9521381, -23.2581055 ], [ -45.9512124, -23.2581425 ], [ -45.9507249, -23.258226 ], [ -45.9504092, -23.2583223 ], [ -45.94975, -23.2585965 ], [ -45.9491424, -23.2588951 ] ] ] } },
{ "type": "Feature", "properties": { "id": 5, "regiao": "Sul", "populacao": 233536 }, "geometry": { "type": "Polygon", "coordinates": [ [ [ -45.8201805, -23.2672911 ], [ -45.8203172, -23.2672101 ], [ -45.8216266, -23.2663769 ], [ -45.8236075, -23.265188 ], [ -45.8247085, -23.2644077 ], [ -45.8266365, -23.2632515 ], [ -45.8315, -23.260177 ], [ -45.8331145, -23.2590659 ], [ -45.8357484, -23.257233 ], [ -45.8368861, -23.2563416 ], [ -45.8385331, -23.2552402 ], [ -45.8392256, -23.2547353 ], [ -45.8397112, -23.2544289 ], [ -45.842445, -23.2534453 ], [ -45.8429306, -23.2533181 ], [ -45.8549324, -23.2493626 ], [ -45.8570517, -23.2486339 ], [ -45.8596912, -23.2478167 ], [ -45.8629849, -23.2467146 ], [ -45.8652055, -23.2450113 ], [ -45.8662395, -23.2442587 ], [ -45.8668132, -23.243722 ], [ -45.8671943, -23.2431508 ], [ -45.8674178, -23.2420115 ], [ -45.8676392, -23.240552 ], [ -45.8680491, -23.2384868 ], [ -45.8683447, -23.2366001 ], [ -45.8686804, -23.2349622 ], [ -45.8689863, -23.2329642 ], [ -45.8691159, -23.2322979 ], [ -45.869296, -23.2316622 ], [ -45.8695272, -23.2311656 ], [ -45.8702237, -23.2301246 ], [ -45.8709379, -23.2292228 ], [ -45.8716452, -23.228483 ], [ -45.8729814, -23.2267502 ], [ -45.8746575, -23.2244499 ], [ -45.8761202, -23.2228009 ], [ -45.8775489, -23.2210747 ], [ -45.87887, -23.2195581 ], [ -45.8791439, -23.2191928 ], [ -45.8802737, -23.2178552 ], [ -45.8812708, -23.2167196 ], [ -45.8819614, -23.2158545 ], [ -45.8826486, -23.2149163 ], [ -45.8831459, -23.214155 ], [ -45.8833311, -23.2137281 ], [ -45.883036, -23.2132973 ], [ -45.8834462, -23.2111247 ], [ -45.8837603, -23.2099992 ], [ -45.8846011, -23.2087696 ], [ -45.8828009, -23.207858 ], [ -45.8825396, -23.2082103 ], [ -45.8818231, -23.20781 ], [ -45.8820606, -23.2074703 ], [ -45.8819622, -23.2073326 ], [ -45.8820061, -23.207086 ], [ -45.882238, -23.2067722 ], [ -45.8825592, -23.2062056 ], [ -45.8826098, -23.205989 ], [ -45.8826083, -23.2057726 ], [ -45.8824964, -23.2055509 ], [ -45.883642, -23.2044676 ], [ -45.885058, -23.2057764 ], [ -45.8907065, -23.2110477 ], [ -45.8917428, -23.2120881 ], [ -45.8929, -23.2131581 ], [ -45.8959092, -23.2159797 ], [ -45.8978773, -23.2178194 ], [ -45.8999493, -23.2197001 ], [ -45.9009875, -23.2206671 ], [ -45.9082042, -23.2274003 ], [ -45.9120588, -23.2309429 ], [ -45.9139911, -23.2327635 ], [ -45.9142764, -23.2330186 ], [ -45.9161555, -23.2347046 ], [ -45.9172717, -23.2358417 ], [ -45.9196766, -23.2380498 ], [ -45.9237044, -23.24183 ], [ -45.9260661, -23.2439075 ], [ -45.9274963, -23.2449629 ], [ -45.9284257, -23.2456015 ], [ -45.9304569, -23.2469534 ], [ -45.9345409, -23.2495614 ], [ -45.9491424, -23.2588951 ], [ -45.9484139, -23.259253 ], [ -45.9479264, -23.2593863 ], [ -45.9475793, -23.259389 ], [ -45.9472481, -23.2593178 ], [ -45.9459789, -23.25879 ], [ -45.9456751, -23.2587735 ], [ -45.9455168, -23.2588189 ], [ -45.9454317, -23.2589287 ], [ -45.9451765, -23.2595634 ], [ -45.9450986, -23.2597013 ], [ -45.9449424, -23.2598488 ], [ -45.9447141, -23.2599229 ], [ -45.9443983, -23.2599758 ], [ -45.943721, -23.2600094 ], [ -45.9433754, -23.2601421 ], [ -45.9432021, -23.2602596 ], [ -45.9429519, -23.2605167 ], [ -45.9426375, -23.2605976 ], [ -45.9421725, -23.2605722 ], [ -45.9417192, -23.2602325 ], [ -45.9413306, -23.2597223 ], [ -45.941286, -23.259652 ], [ -45.9411309, -23.2594192 ], [ -45.9410677, -23.2593983 ], [ -45.9408133, -23.2591449 ], [ -45.9405916, -23.2589715 ], [ -45.9400381, -23.2587125 ], [ -45.9398009, -23.2586338 ], [ -45.9387273, -23.2584217 ], [ -45.93778, -23.2583037 ], [ -45.9371498, -23.2582784 ], [ -45.9357308, -23.2583381 ], [ -45.9350993, -23.2582757 ], [ -45.9347514, -23.2581103 ], [ -45.9343452, -23.2575004 ], [ -45.9337358, -23.2571402 ], [ -45.9333874, -23.2569973 ], [ -45.9327876, -23.2568622 ], [ -45.9323297, -23.2568279 ], [ -45.9319667, -23.2568375 ], [ -45.9316214, -23.256898 ], [ -45.9311339, -23.2570321 ], [ -45.9306297, -23.2572247 ], [ -45.9296084, -23.2576674 ], [ -45.9289956, -23.2580209 ], [ -45.9286349, -23.2582781 ], [ -45.9278827, -23.2589744 ], [ -45.9277738, -23.2590983 ], [ -45.9275249, -23.2596536 ], [ -45.9273926, -23.2598801 ], [ -45.9272675, -23.2600335 ], [ -45.9268447, -23.2604225 ], [ -45.9252186, -23.2613137 ], [ -45.9241497, -23.2618442 ], [ -45.9235225, -23.2622344 ], [ -45.9224058, -23.2626558 ], [ -45.9221854, -23.2627806 ], [ -45.9218404, -23.2630307 ], [ -45.9216219, -23.2632658 ], [ -45.9215688, -23.2635929 ], [ -45.921571, -23.2638992 ], [ -45.9214608, -23.2640375 ], [ -45.9209977, -23.2643834 ], [ -45.9208347, -23.264631 ], [ -45.9206894, -23.2652874 ], [ -45.9205883, -23.2655216 ], [ -45.9204403, -23.2657478 ], [ -45.9203078, -23.2658803 ], [ -45.9196797, -23.2663645 ], [ -45.9190132, -23.2669736 ], [ -45.9185596, -23.2674344 ], [ -45.918263, -23.2679248 ], [ -45.9180941, -23.2684353 ], [ -45.9180072, -23.2685305 ], [ -45.9176463, -23.2687949 ], [ -45.9176005, -23.2690499 ], [ -45.9176365, -23.2696332 ], [ -45.9176237, -23.2699528 ], [ -45.9174462, -23.2706095 ], [ -45.917348, -23.271309 ], [ -45.9173889, -23.2718418 ], [ -45.9173335, -23.2721924 ], [ -45.9171978, -23.272389 ], [ -45.9168611, -23.2727188 ], [ -45.916696, -23.2728147 ], [ -45.9160439, -23.2731169 ], [ -45.9157611, -23.2732858 ], [ -45.9154949, -23.2735056 ], [ -45.9149301, -23.2740559 ], [ -45.9141466, -23.2746939 ], [ -45.9139439, -23.2749716 ], [ -45.913803, -23.275235 ], [ -45.9136172, -23.2757605 ], [ -45.9134384, -23.2760603 ], [ -45.9128169, -23.2762971 ], [ -45.9126632, -23.2764627 ], [ -45.9125545, -23.2768395 ], [ -45.9125483, -23.2772233 ], [ -45.9126608, -23.2776895 ], [ -45.9128659, -23.2788528 ], [ -45.9128525, -23.2792023 ], [ -45.9126849, -23.2799025 ], [ -45.9125759, -23.2801366 ], [ -45.9123497, -23.2805169 ], [ -45.9120601, -23.2808899 ], [ -45.911967, -23.2810583 ], [ -45.9118754, -23.2816125 ], [ -45.9118779, -23.2818456 ], [ -45.9119348, -23.2819929 ], [ -45.9119513, -23.2821576 ], [ -45.9119277, -23.2822683 ], [ -45.9118022, -23.2824949 ], [ -45.9115984, -23.2826705 ], [ -45.9113486, -23.2830577 ], [ -45.9113188, -23.2832903 ], [ -45.911368, -23.2834872 ], [ -45.9114473, -23.2836393 ], [ -45.9114591, -23.2841066 ], [ -45.9113742, -23.2843546 ], [ -45.9111714, -23.2847408 ], [ -45.9109353, -23.2848156 ], [ -45.9105407, -23.28484 ], [ -45.9101633, -23.284937 ], [ -45.9098965, -23.2851351 ], [ -45.9097683, -23.2854547 ], [ -45.909758, -23.2856894 ], [ -45.9098229, -23.2858783 ], [ -45.91038, -23.2866841 ], [ -45.9104371, -23.2869244 ], [ -45.9104396, -23.2871567 ], [ -45.9104164, -23.2872448 ], [ -45.9103141, -23.2873832 ], [ -45.9101649, -23.2875155 ], [ -45.9098974, -23.2876476 ], [ -45.909457, -23.2877671 ], [ -45.9093477, -23.2878557 ], [ -45.9092542, -23.2880963 ], [ -45.9091641, -23.2886794 ], [ -45.9089319, -23.2893795 ], [ -45.90887, -23.2894968 ], [ -45.9088551, -23.2896131 ], [ -45.9086772, -23.2899717 ], [ -45.9081757, -23.2906882 ], [ -45.907972, -23.2909154 ], [ -45.9075176, -23.2913119 ], [ -45.9071812, -23.2916707 ], [ -45.9067363, -23.2922914 ], [ -45.9065228, -23.2923585 ], [ -45.9063499, -23.2923458 ], [ -45.9061891, -23.2924227 ], [ -45.9061511, -23.2925188 ], [ -45.906163, -23.2927177 ], [ -45.906377, -23.2929353 ], [ -45.9064335, -23.2930509 ], [ -45.9064349, -23.2931314 ], [ -45.9063641, -23.2932558 ], [ -45.9060478, -23.2932796 ], [ -45.9056615, -23.2932229 ], [ -45.9055045, -23.2933044 ], [ -45.9053792, -23.2934144 ], [ -45.9051548, -23.2937469 ], [ -45.904809, -23.2942473 ], [ -45.9044171, -23.2945934 ], [ -45.9041578, -23.2947545 ], [ -45.9040328, -23.2947986 ], [ -45.903779, -23.2948226 ], [ -45.9031487, -23.2947962 ], [ -45.903022, -23.294768 ], [ -45.9016029, -23.2946594 ], [ -45.9010347, -23.2947063 ], [ -45.8998228, -23.2951286 ], [ -45.8994613, -23.2953135 ], [ -45.898912, -23.2956588 ], [ -45.8986916, -23.2956742 ], [ -45.8985337, -23.2956464 ], [ -45.8981139, -23.2954518 ], [ -45.8977902, -23.2954466 ], [ -45.8975872, -23.2955788 ], [ -45.8975328, -23.2956656 ], [ -45.8974466, -23.2958268 ], [ -45.8973846, -23.2961068 ], [ -45.8972964, -23.2962174 ], [ -45.8969679, -23.2964714 ], [ -45.8966787, -23.2966619 ], [ -45.896239, -23.2968464 ], [ -45.8959237, -23.296863 ], [ -45.8953705, -23.2967927 ], [ -45.8947555, -23.2967819 ], [ -45.8939982, -23.296692 ], [ -45.8936034, -23.2966215 ], [ -45.8925443, -23.2963497 ], [ -45.8911711, -23.2961406 ], [ -45.890887, -23.2961116 ], [ -45.8906978, -23.2961348 ], [ -45.8901943, -23.2962767 ], [ -45.8897768, -23.2963729 ], [ -45.8893727, -23.2965372 ], [ -45.8893121, -23.2965344 ], [ -45.8892663, -23.2965761 ], [ -45.8890303, -23.2966473 ], [ -45.8879287, -23.2971779 ], [ -45.8874174, -23.2973703 ], [ -45.8868441, -23.2976863 ], [ -45.8865862, -23.2980308 ], [ -45.8864933, -23.2982932 ], [ -45.886448, -23.2985635 ], [ -45.8863547, -23.2986875 ], [ -45.885858, -23.2988873 ], [ -45.8853558, -23.2992686 ], [ -45.8850736, -23.2994014 ], [ -45.8849312, -23.2994307 ], [ -45.8846004, -23.2994398 ], [ -45.8841695, -23.2993678 ], [ -45.8840156, -23.2992831 ], [ -45.8837307, -23.29919 ], [ -45.8835422, -23.299177 ], [ -45.883273, -23.2990832 ], [ -45.8829963, -23.2990272 ], [ -45.8827278, -23.2988973 ], [ -45.882434, -23.2987092 ], [ -45.8823007, -23.2986745 ], [ -45.8818668, -23.2987054 ], [ -45.8814245, -23.298664 ], [ -45.8811888, -23.2987668 ], [ -45.8809582, -23.2987513 ], [ -45.8805793, -23.298363 ], [ -45.8803651, -23.2982547 ], [ -45.8800494, -23.2981909 ], [ -45.8790377, -23.2981095 ], [ -45.878858, -23.2981472 ], [ -45.8787099, -23.2982713 ], [ -45.8785396, -23.2986869 ], [ -45.8784634, -23.2991979 ], [ -45.8783313, -23.2994099 ], [ -45.8782774, -23.2994589 ], [ -45.877416, -23.2987 ], [ -45.8771402, -23.2984434 ], [ -45.875504, -23.296878 ], [ -45.8749968, -23.2963885 ], [ -45.8748292, -23.2962272 ], [ -45.8743311, -23.2957496 ], [ -45.8738612, -23.2952816 ], [ -45.8726747, -23.2941508 ], [ -45.8719011, -23.2934012 ], [ -45.8704109, -23.2919757 ], [ -45.8699936, -23.2916164 ], [ -45.8692348, -23.2909712 ], [ -45.8687436, -23.290533 ], [ -45.8681482, -23.2899769 ], [ -45.86775, -23.2896285 ], [ -45.8675455, -23.2894164 ], [ -45.8673979, -23.2892773 ], [ -45.8671709, -23.2890522 ], [ -45.8667624, -23.2885968 ], [ -45.8658087, -23.2877044 ], [ -45.8652776, -23.2872541 ], [ -45.8630309, -23.2855059 ], [ -45.8627466, -23.285294 ], [ -45.8623864, -23.2850083 ], [ -45.8620975, -23.2848225 ], [ -45.8615012, -23.2844902 ], [ -45.8610232, -23.2842314 ], [ -45.8606398, -23.2840069 ], [ -45.8603517, -23.2838011 ], [ -45.8598275, -23.2833833 ], [ -45.8595769, -23.2831291 ], [ -45.8593739, -23.2828819 ], [ -45.8592547, -23.282784 ], [ -45.8591078, -23.2826789 ], [ -45.8589371, -23.2825521 ], [ -45.8587705, -23.2824434 ], [ -45.8585957, -23.2822911 ], [ -45.8584252, -23.2821515 ], [ -45.8583563, -23.2820955 ], [ -45.8582739, -23.2820117 ], [ -45.8581942, -23.2819099 ], [ -45.8580785, -23.2817353 ], [ -45.8580066, -23.2816188 ], [ -45.8578834, -23.281499 ], [ -45.8576609, -23.281314 ], [ -45.8571686, -23.2809261 ], [ -45.8563109, -23.280259 ], [ -45.8558027, -23.2798747 ], [ -45.8554891, -23.2796391 ], [ -45.8550604, -23.2793238 ], [ -45.8547112, -23.279092 ], [ -45.8544138, -23.2789221 ], [ -45.8539541, -23.2787019 ], [ -45.853657, -23.2785684 ], [ -45.853364, -23.2784677 ], [ -45.8530393, -23.2783563 ], [ -45.8527068, -23.2782669 ], [ -45.8523706, -23.278203 ], [ -45.8518091, -23.278122 ], [ -45.8515759, -23.2781014 ], [ -45.8512518, -23.2780813 ], [ -45.8508488, -23.2780798 ], [ -45.8502878, -23.2780865 ], [ -45.8497861, -23.2780928 ], [ -45.8495396, -23.2780975 ], [ -45.8493277, -23.2780807 ], [ -45.848743, -23.2780912 ], [ -45.8481544, -23.2781017 ], [ -45.8477238, -23.2781077 ], [ -45.8468033, -23.2781126 ], [ -45.846432, -23.2781292 ], [ -45.8462384, -23.2781456 ], [ -45.8462052, -23.2781476 ], [ -45.8457713, -23.278168 ], [ -45.8450206, -23.2781864 ], [ -45.8443676, -23.2781863 ], [ -45.8440507, -23.27817 ], [ -45.8437729, -23.2781462 ], [ -45.8434523, -23.2781444 ], [ -45.8431275, -23.2781064 ], [ -45.8428377, -23.278043 ], [ -45.8423559, -23.2779121 ], [ -45.841807, -23.277677 ], [ -45.8410071, -23.277335 ], [ -45.8407795, -23.2772135 ], [ -45.8404361, -23.2770043 ], [ -45.8402301, -23.2769026 ], [ -45.8399364, -23.2768023 ], [ -45.8393184, -23.2765318 ], [ -45.8387954, -23.2762899 ], [ -45.8379712, -23.2758964 ], [ -45.8374678, -23.2756362 ], [ -45.8370634, -23.2754083 ], [ -45.836175, -23.2748654 ], [ -45.8356333, -23.2745281 ], [ -45.8346118, -23.2738914 ], [ -45.8344141, -23.2737795 ], [ -45.8330617, -23.2729359 ], [ -45.8324112, -23.2725268 ], [ -45.8311067, -23.2717524 ], [ -45.8307338, -23.2715098 ], [ -45.8298415, -23.2709522 ], [ -45.8294092, -23.2706916 ], [ -45.8289295, -23.2704094 ], [ -45.8286381, -23.2702443 ], [ -45.8283571, -23.2701053 ], [ -45.8281324, -23.2699933 ], [ -45.827907, -23.269889 ], [ -45.8271372, -23.269556 ], [ -45.8201805, -23.2672911 ] ] ] } },
{ "type": "Feature", "properties": { "id": 6, "regiao": "Leste", "populacao": 160990 }, "geometry": { "type": "Polygon", "coordinates": [ [ [ -45.7992003, -23.1012129 ], [ -45.799943, -23.1013064 ], [ -45.8003637, -23.1013066 ], [ -45.8011758, -23.1010934 ], [ -45.8016723, -23.1010072 ], [ -45.8020814, -23.1014233 ], [ -45.8020851, -23.1020504 ], [ -45.8024503, -23.1026757 ], [ -45.8031772, -23.103341 ], [ -45.8042201, -23.1039629 ], [ -45.8048579, -23.1048376 ], [ -45.8049218, -23.104946 ], [ -45.8051774, -23.1053795 ], [ -45.805633, -23.1060044 ], [ -45.8055514, -23.1074682 ], [ -45.8056927, -23.1084291 ], [ -45.8062396, -23.1092207 ], [ -45.8069668, -23.1099278 ], [ -45.8080058, -23.1098807 ], [ -45.8094939, -23.1093713 ], [ -45.8103984, -23.1094921 ], [ -45.8113048, -23.1099474 ], [ -45.8118962, -23.1106133 ], [ -45.8127583, -23.1111942 ], [ -45.8135716, -23.11119 ], [ -45.8141103, -23.1106019 ], [ -45.8148257, -23.1093439 ], [ -45.815588, -23.1083783 ], [ -45.8162259, -23.1081742 ], [ -45.8170537, -23.1081699 ], [ -45.8182599, -23.1085119 ], [ -45.8192008, -23.1085418 ], [ -45.8200858, -23.1086591 ], [ -45.820934, -23.1089158 ], [ -45.8215, -23.109174 ], [ -45.82182, -23.1092071 ], [ -45.8220094, -23.1094151 ], [ -45.8220107, -23.109624 ], [ -45.8218428, -23.1098512 ], [ -45.8208424, -23.1104834 ], [ -45.8204844, -23.1110706 ], [ -45.8209383, -23.1114027 ], [ -45.8215308, -23.1122358 ], [ -45.8218982, -23.1131956 ], [ -45.8215196, -23.1139915 ], [ -45.8203271, -23.114918 ], [ -45.8195178, -23.1155912 ], [ -45.818664, -23.11639 ], [ -45.8182619, -23.1171447 ], [ -45.8183122, -23.1179806 ], [ -45.8185417, -23.1185648 ], [ -45.8196726, -23.118768 ], [ -45.8206079, -23.1190265 ], [ -45.8212595, -23.1196377 ], [ -45.821716, -23.1203879 ], [ -45.8227119, -23.1206754 ], [ -45.8232984, -23.1205051 ], [ -45.8241536, -23.1199571 ], [ -45.8252808, -23.1195331 ], [ -45.8260025, -23.1193203 ], [ -45.8265455, -23.1194429 ], [ -45.8284965, -23.1207288 ], [ -45.8295841, -23.1212248 ], [ -45.8306217, -23.1209267 ], [ -45.8318828, -23.120251 ], [ -45.8326908, -23.1193688 ], [ -45.8339052, -23.1184425 ], [ -45.8348076, -23.1182287 ], [ -45.8357717, -23.1182594 ], [ -45.8364848, -23.1187258 ], [ -45.8369206, -23.1194103 ], [ -45.8369964, -23.1199465 ], [ -45.8367464, -23.1205514 ], [ -45.836157, -23.1213266 ], [ -45.8349616, -23.1227121 ], [ -45.8343992, -23.1244655 ], [ -45.8346773, -23.1253961 ], [ -45.8347533, -23.1261079 ], [ -45.8358485, -23.1270569 ], [ -45.8367887, -23.1275967 ], [ -45.8379719, -23.1269717 ], [ -45.838824, -23.1255285 ], [ -45.8393885, -23.1248913 ], [ -45.8401892, -23.1245931 ], [ -45.8405082, -23.1247925 ], [ -45.8406825, -23.1259363 ], [ -45.840681, -23.1270423 ], [ -45.8414212, -23.1288838 ], [ -45.8420001, -23.1297824 ], [ -45.8422994, -23.1304586 ], [ -45.8423531, -23.1312127 ], [ -45.8423314, -23.1317104 ], [ -45.841843, -23.1321702 ], [ -45.8410562, -23.1326115 ], [ -45.8399537, -23.1326046 ], [ -45.8382373, -23.1331972 ], [ -45.8376318, -23.1337475 ], [ -45.8373259, -23.1341568 ], [ -45.8373915, -23.1354826 ], [ -45.8378004, -23.1367004 ], [ -45.8386654, -23.1374914 ], [ -45.8398134, -23.1376975 ], [ -45.8404548, -23.1377833 ], [ -45.8411321, -23.1376905 ], [ -45.8415532, -23.1375434 ], [ -45.8423318, -23.1369945 ], [ -45.8427247, -23.1366824 ], [ -45.8431849, -23.1364052 ], [ -45.8436904, -23.1363211 ], [ -45.8443922, -23.1364 ], [ -45.8448576, -23.1365285 ], [ -45.8451989, -23.1370322 ], [ -45.8450329, -23.1379879 ], [ -45.8450236, -23.1384508 ], [ -45.8448308, -23.139276 ], [ -45.8445703, -23.1398269 ], [ -45.8442448, -23.140326 ], [ -45.8444205, -23.1409085 ], [ -45.8448225, -23.1410124 ], [ -45.8460832, -23.1408996 ], [ -45.84729, -23.1413175 ], [ -45.848271, -23.14232 ], [ -45.8484557, -23.1443346 ], [ -45.8479537, -23.1465651 ], [ -45.8479866, -23.1471509 ], [ -45.8481897, -23.1476247 ], [ -45.8486445, -23.1479969 ], [ -45.8491105, -23.1481502 ], [ -45.8497813, -23.1481473 ], [ -45.850198, -23.1478261 ], [ -45.850823, -23.146921 ], [ -45.8512733, -23.1455925 ], [ -45.8521284, -23.1447922 ], [ -45.8537285, -23.1439349 ], [ -45.8552166, -23.1435025 ], [ -45.8584831, -23.1432195 ], [ -45.8589335, -23.1431568 ], [ -45.8594585, -23.1433203 ], [ -45.8597097, -23.1435997 ], [ -45.85947, -23.1451236 ], [ -45.8596983, -23.1455895 ], [ -45.8599908, -23.1458634 ], [ -45.8604022, -23.1460776 ], [ -45.8609103, -23.1461766 ], [ -45.861997, -23.1457464 ], [ -45.863025, -23.1451042 ], [ -45.8644578, -23.1449903 ], [ -45.8655506, -23.1455147 ], [ -45.8664226, -23.1473664 ], [ -45.8670585, -23.1481586 ], [ -45.86798, -23.14879 ], [ -45.8695862, -23.1488872 ], [ -45.8710183, -23.1486672 ], [ -45.8723361, -23.1485007 ], [ -45.873524, -23.1486897 ], [ -45.8750327, -23.148999 ], [ -45.8762333, -23.1499053 ], [ -45.8772305, -23.1514854 ], [ -45.8777099, -23.1533087 ], [ -45.8779396, -23.1566709 ], [ -45.8776351, -23.1582086 ], [ -45.8773487, -23.1592609 ], [ -45.8767733, -23.16105 ], [ -45.8776142, -23.1625349 ], [ -45.8780905, -23.1628381 ], [ -45.8764723, -23.1649512 ], [ -45.8758455, -23.1658984 ], [ -45.875293, -23.1666559 ], [ -45.8744188, -23.1677449 ], [ -45.8688057, -23.1754501 ], [ -45.8689157, -23.1757406 ], [ -45.8689392, -23.1763504 ], [ -45.86889, -23.1764105 ], [ -45.8679915, -23.176525 ], [ -45.867473, -23.1773126 ], [ -45.8671276, -23.1780047 ], [ -45.8669236, -23.178696 ], [ -45.8668388, -23.1791666 ], [ -45.8669957, -23.1794163 ], [ -45.8670363, -23.1800886 ], [ -45.8669846, -23.1807618 ], [ -45.8669795, -23.181378 ], [ -45.866802, -23.182657 ], [ -45.8666591, -23.1841514 ], [ -45.8658766, -23.1854658 ], [ -45.8652074, -23.1863448 ], [ -45.8647907, -23.1867436 ], [ -45.8641673, -23.1874241 ], [ -45.8639633, -23.1877354 ], [ -45.8638504, -23.1880728 ], [ -45.8636534, -23.1885184 ], [ -45.8634576, -23.1888292 ], [ -45.8633062, -23.1892274 ], [ -45.863245, -23.1893923 ], [ -45.8632643, -23.1894345 ], [ -45.8630888, -23.1897047 ], [ -45.8630848, -23.1899916 ], [ -45.8631862, -23.1901766 ], [ -45.8633543, -23.1903287 ], [ -45.8641826, -23.1909014 ], [ -45.8642546, -23.1911165 ], [ -45.8640622, -23.1914119 ], [ -45.8594709, -23.1891765 ], [ -45.8560217, -23.1874924 ], [ -45.8539109, -23.1864542 ], [ -45.8527928, -23.1858944 ], [ -45.8512292, -23.1850968 ], [ -45.8471026, -23.1829368 ], [ -45.8432125, -23.1809363 ], [ -45.8431694, -23.181247 ], [ -45.8431861, -23.1814333 ], [ -45.8432387, -23.1815692 ], [ -45.8433154, -23.1817567 ], [ -45.8433781, -23.1819905 ], [ -45.8438913, -23.182176 ], [ -45.8445331, -23.1824982 ], [ -45.8451045, -23.1829566 ], [ -45.845778, -23.1836481 ], [ -45.8466001, -23.1841753 ], [ -45.8469599, -23.1846609 ], [ -45.8471352, -23.1853998 ], [ -45.8471995, -23.1857723 ], [ -45.8471008, -23.1861026 ], [ -45.8469938, -23.1863541 ], [ -45.8468892, -23.1869856 ], [ -45.8467822, -23.18723 ], [ -45.8464398, -23.1882857 ], [ -45.8464661, -23.1887588 ], [ -45.8463749, -23.1890676 ], [ -45.8461265, -23.1894054 ], [ -45.845885, -23.1898883 ], [ -45.8457618, -23.1900975 ], [ -45.845502, -23.1905382 ], [ -45.8453308, -23.190758 ], [ -45.8449932, -23.1915616 ], [ -45.8446751, -23.1919762 ], [ -45.8438813, -23.193354 ], [ -45.8432436, -23.1943182 ], [ -45.8430814, -23.1944338 ], [ -45.8429651, -23.1944344 ], [ -45.8428722, -23.1944564 ], [ -45.8426996, -23.1945017 ], [ -45.8425426, -23.1946737 ], [ -45.84183, -23.1953931 ], [ -45.8414015, -23.1957907 ], [ -45.8401953, -23.1971646 ], [ -45.8399491, -23.1973716 ], [ -45.8391572, -23.198391 ], [ -45.8385335, -23.1994324 ], [ -45.8376697, -23.2005603 ], [ -45.8374828, -23.2008732 ], [ -45.8370808, -23.2011643 ], [ -45.8358432, -23.2017515 ], [ -45.8348596, -23.2018108 ], [ -45.8346462, -23.2018238 ], [ -45.8340064, -23.2017141 ], [ -45.8337287, -23.2017571 ], [ -45.833391, -23.2020162 ], [ -45.8329118, -23.2022102 ], [ -45.8322654, -23.2021655 ], [ -45.8316885, -23.2024136 ], [ -45.831107, -23.2023938 ], [ -45.8304397, -23.2026899 ], [ -45.8301415, -23.202662 ], [ -45.8294176, -23.2025522 ], [ -45.8288999, -23.2025674 ], [ -45.8281622, -23.2027806 ], [ -45.8276181, -23.2028317 ], [ -45.8268614, -23.202806 ], [ -45.8260729, -23.2027503 ], [ -45.8255674, -23.2027414 ], [ -45.8248421, -23.2029026 ], [ -45.8241434, -23.2030068 ], [ -45.8240408, -23.2030628 ], [ -45.8236444, -23.2032798 ], [ -45.8232439, -23.2034059 ], [ -45.8226862, -23.203755 ], [ -45.8223112, -23.20404 ], [ -45.8215604, -23.2042592 ], [ -45.8211454, -23.2046672 ], [ -45.8206129, -23.2049972 ], [ -45.8203336, -23.2052272 ], [ -45.8203135, -23.2054602 ], [ -45.8203062, -23.2056161 ], [ -45.8202611, -23.2057361 ], [ -45.8201061, -23.2059411 ], [ -45.8198971, -23.206377 ], [ -45.8197084, -23.2067779 ], [ -45.8194676, -23.2071789 ], [ -45.8193831, -23.2074548 ], [ -45.8193504, -23.2077607 ], [ -45.8191946, -23.2079527 ], [ -45.8189607, -23.2080247 ], [ -45.8184237, -23.2080629 ], [ -45.8178478, -23.2080901 ], [ -45.8176216, -23.2081931 ], [ -45.8174915, -23.2083071 ], [ -45.8171291, -23.2084112 ], [ -45.8168253, -23.2084663 ], [ -45.8165534, -23.2085273 ], [ -45.8161453, -23.2087204 ], [ -45.8158277, -23.2089754 ], [ -45.8155997, -23.2092854 ], [ -45.8155168, -23.2093824 ], [ -45.8154375, -23.2096383 ], [ -45.8152046, -23.2099433 ], [ -45.8148635, -23.2103622 ], [ -45.8169426, -23.2122489 ], [ -45.8142589, -23.2159508 ], [ -45.8141519, -23.2160985 ], [ -45.8125168, -23.2182205 ], [ -45.812081, -23.2187862 ], [ -45.8118944, -23.2186614 ], [ -45.811284, -23.2184556 ], [ -45.8110421, -23.2185327 ], [ -45.8106788, -23.2186307 ], [ -45.8104462, -23.2187748 ], [ -45.8102639, -23.2190148 ], [ -45.8102078, -23.2191835 ], [ -45.8101601, -23.2193267 ], [ -45.8102493, -23.2195516 ], [ -45.8103973, -23.2196875 ], [ -45.8105462, -23.2199453 ], [ -45.8105316, -23.2201233 ], [ -45.8102525, -23.2205602 ], [ -45.8100783, -23.2209032 ], [ -45.809895, -23.2211421 ], [ -45.8095715, -23.2212812 ], [ -45.8093261, -23.2214092 ], [ -45.8091188, -23.2215293 ], [ -45.808949, -23.2215893 ], [ -45.8088848, -23.2218412 ], [ -45.808586, -23.2221222 ], [ -45.8082742, -23.2222853 ], [ -45.807932, -23.2223773 ], [ -45.8076655, -23.2226293 ], [ -45.807484, -23.2228933 ], [ -45.8072373, -23.2230553 ], [ -45.8070692, -23.2231584 ], [ -45.8069141, -23.2232624 ], [ -45.8067054, -23.2234234 ], [ -45.806629, -23.2235744 ], [ -45.8065296, -23.2239612 ], [ -45.8064199, -23.2243631 ], [ -45.8064184, -23.22477 ], [ -45.806462, -23.2249439 ], [ -45.8064564, -23.2249587 ], [ -45.8063923, -23.2251279 ], [ -45.8061704, -23.2253129 ], [ -45.805925, -23.2255609 ], [ -45.8058001, -23.2258708 ], [ -45.8057094, -23.2260558 ], [ -45.8055607, -23.2262318 ], [ -45.8047316, -23.2265949 ], [ -45.8042768, -23.226853 ], [ -45.8042128, -23.226956 ], [ -45.8040239, -23.227033 ], [ -45.8038039, -23.227231 ], [ -45.8036159, -23.227437 ], [ -45.803563, -23.227531 ], [ -45.8035437, -23.227573 ], [ -45.8034867, -23.2276759 ], [ -45.8033165, -23.2279089 ], [ -45.8032252, -23.2280469 ], [ -45.8030702, -23.2283718 ], [ -45.8029192, -23.2286878 ], [ -45.8029184, -23.2290157 ], [ -45.8029453, -23.2290297 ], [ -45.8029383, -23.2292556 ], [ -45.8027877, -23.2295425 ], [ -45.8025229, -23.2297126 ], [ -45.8020564, -23.2300496 ], [ -45.8017825, -23.2303416 ], [ -45.8016149, -23.2306245 ], [ -45.8014257, -23.2308515 ], [ -45.8011473, -23.2310815 ], [ -45.800851, -23.2311916 ], [ -45.8006743, -23.2313631 ], [ -45.8005441, -23.2314896 ], [ -45.800487, -23.2316116 ], [ -45.8002797, -23.2317326 ], [ -45.8001239, -23.2317936 ], [ -45.8000079, -23.2319016 ], [ -45.7999297, -23.2320216 ], [ -45.799903, -23.2322125 ], [ -45.7999026, -23.2323355 ], [ -45.7999018, -23.2325824 ], [ -45.799863, -23.2327864 ], [ -45.7997843, -23.2329773 ], [ -45.7998111, -23.2331091 ], [ -45.7998222, -23.2333352 ], [ -45.7999518, -23.2335141 ], [ -45.7999389, -23.2340034 ], [ -45.7999359, -23.2362701 ], [ -45.8001638, -23.236535 ], [ -45.8002263, -23.2367229 ], [ -45.8002314, -23.2369438 ], [ -45.800136, -23.2372038 ], [ -45.7999907, -23.2374527 ], [ -45.7997572, -23.2377047 ], [ -45.7995354, -23.2380895 ], [ -45.7994746, -23.238414 ], [ -45.7995066, -23.2390139 ], [ -45.7995716, -23.2394792 ], [ -45.7995458, -23.2395946 ], [ -45.799508, -23.2397631 ], [ -45.7994647, -23.2398819 ], [ -45.7992849, -23.2403421 ], [ -45.7992599, -23.2404329 ], [ -45.7992309, -23.240549 ], [ -45.7991552, -23.2408518 ], [ -45.7991767, -23.2410428 ], [ -45.7992063, -23.2413056 ], [ -45.7992315, -23.2414006 ], [ -45.7993105, -23.2415464 ], [ -45.799335, -23.2415915 ], [ -45.799417, -23.2416975 ], [ -45.7994852, -23.2417857 ], [ -45.7995924, -23.2419243 ], [ -45.7997216, -23.2420312 ], [ -45.7997643, -23.2421892 ], [ -45.7997704, -23.2424041 ], [ -45.7999325, -23.242416 ], [ -45.7999266, -23.2427611 ], [ -45.7999172, -23.2429784 ], [ -45.7998849, -23.2434077 ], [ -45.7998833, -23.2436996 ], [ -45.7999352, -23.2438425 ], [ -45.7998971, -23.2440122 ], [ -45.7998695, -23.2441355 ], [ -45.7996811, -23.2445074 ], [ -45.7994429, -23.2446629 ], [ -45.7993961, -23.2446934 ], [ -45.7991427, -23.2448205 ], [ -45.7989353, -23.2449595 ], [ -45.7988118, -23.2451095 ], [ -45.7984696, -23.2456574 ], [ -45.7980037, -23.2458215 ], [ -45.7977699, -23.2461095 ], [ -45.7975987, -23.2462205 ], [ -45.7975357, -23.2463255 ], [ -45.7972556, -23.2464195 ], [ -45.7971997, -23.2464816 ], [ -45.796945, -23.2465133 ], [ -45.7967404, -23.2466036 ], [ -45.7965606, -23.2468053 ], [ -45.7962957, -23.2469182 ], [ -45.7960073, -23.2471205 ], [ -45.795344, -23.2471908 ], [ -45.794797, -23.2475654 ], [ -45.7943499, -23.2484674 ], [ -45.7939282, -23.2485811 ], [ -45.7936622, -23.2484932 ], [ -45.7934569, -23.2484719 ], [ -45.7931917, -23.2485179 ], [ -45.7928021, -23.2487253 ], [ -45.7925734, -23.2483966 ], [ -45.7922347, -23.2479033 ], [ -45.7920219, -23.2475616 ], [ -45.7914893, -23.246712 ], [ -45.7911931, -23.2462747 ], [ -45.7903375, -23.2450656 ], [ -45.7902729, -23.2449635 ], [ -45.7902239, -23.2448956 ], [ -45.790171, -23.244805 ], [ -45.789418, -23.2436724 ], [ -45.7889204, -23.242928 ], [ -45.7866015, -23.2394385 ], [ -45.7852475, -23.2373832 ], [ -45.7844184, -23.2364414 ], [ -45.7842974, -23.2363048 ], [ -45.7839336, -23.235928 ], [ -45.7837309, -23.2357216 ], [ -45.7836345, -23.2356311 ], [ -45.7831936, -23.2352278 ], [ -45.7829632, -23.2350402 ], [ -45.7827379, -23.2348549 ], [ -45.7822822, -23.2345145 ], [ -45.7820367, -23.2343386 ], [ -45.7816192, -23.2340425 ], [ -45.78127, -23.2337962 ], [ -45.7810002, -23.2336079 ], [ -45.7803685, -23.2331705 ], [ -45.7801794, -23.233029 ], [ -45.7797463, -23.2327337 ], [ -45.7795696, -23.2326054 ], [ -45.7791891, -23.2323196 ], [ -45.7786077, -23.2319019 ], [ -45.7782357, -23.2316404 ], [ -45.7779245, -23.2314159 ], [ -45.7776942, -23.2312492 ], [ -45.7774286, -23.2310571 ], [ -45.7770211, -23.2307771 ], [ -45.7767073, -23.2305456 ], [ -45.7763498, -23.2303116 ], [ -45.7759875, -23.2300549 ], [ -45.7757475, -23.229881 ], [ -45.7754169, -23.2296533 ], [ -45.7751135, -23.229438 ], [ -45.7748055, -23.2292018 ], [ -45.7713636, -23.2266519 ], [ -45.7662019, -23.2230781 ], [ -45.7655229, -23.2226409 ], [ -45.7651897, -23.2224827 ], [ -45.764653, -23.222194 ], [ -45.7644046, -23.2220809 ], [ -45.7637549, -23.2217674 ], [ -45.7634014, -23.2215933 ], [ -45.7629268, -23.2213785 ], [ -45.7624937, -23.2211491 ], [ -45.7622165, -23.221001 ], [ -45.7618915, -23.2208091 ], [ -45.7614225, -23.220533 ], [ -45.7612654, -23.2204484 ], [ -45.7606904, -23.2201615 ], [ -45.7602726, -23.2199565 ], [ -45.7599052, -23.2197739 ], [ -45.7593921, -23.2195444 ], [ -45.7591573, -23.2194449 ], [ -45.7585733, -23.2191578 ], [ -45.7578514, -23.2188122 ], [ -45.7570474, -23.2184316 ], [ -45.7561206, -23.2179699 ], [ -45.7556906, -23.2177346 ], [ -45.7550174, -23.2173787 ], [ -45.7542681, -23.2169956 ], [ -45.7535924, -23.2166678 ], [ -45.7529025, -23.2163296 ], [ -45.7524874, -23.216117 ], [ -45.7517667, -23.215761 ], [ -45.7513404, -23.2155432 ], [ -45.7508356, -23.2152999 ], [ -45.7495088, -23.2146262 ], [ -45.7494011, -23.2145841 ], [ -45.7481467, -23.2139017 ], [ -45.7467178, -23.2130161 ], [ -45.7464775, -23.2128286 ], [ -45.7416216, -23.2072826 ], [ -45.7410726, -23.206201 ], [ -45.7407866, -23.2054808 ], [ -45.7406407, -23.2050476 ], [ -45.7403333, -23.2040443 ], [ -45.7399209, -23.2028587 ], [ -45.7398705, -23.2027051 ], [ -45.7400001, -23.202613 ], [ -45.7407624, -23.2022781 ], [ -45.7410729, -23.2020458 ], [ -45.7413047, -23.2017931 ], [ -45.7413584, -23.2016043 ], [ -45.7413654, -23.2014463 ], [ -45.7411702, -23.2012388 ], [ -45.7409898, -23.2011165 ], [ -45.7409113, -23.2009868 ], [ -45.7409182, -23.2008867 ], [ -45.7409798, -23.200735 ], [ -45.7410653, -23.2006624 ], [ -45.7414235, -23.200495 ], [ -45.7415477, -23.2003932 ], [ -45.7415618, -23.2001775 ], [ -45.7414192, -23.1997315 ], [ -45.7414648, -23.1995009 ], [ -45.7416642, -23.1991556 ], [ -45.741974, -23.198916 ], [ -45.7424276, -23.1988623 ], [ -45.7430202, -23.1989456 ], [ -45.7433944, -23.1990522 ], [ -45.7441453, -23.199337 ], [ -45.7443939, -23.1993647 ], [ -45.7452521, -23.199317 ], [ -45.745751, -23.1993932 ], [ -45.7464998, -23.1994403 ], [ -45.7467484, -23.1994246 ], [ -45.7469989, -23.1993593 ], [ -45.747592, -23.1990234 ], [ -45.7484444, -23.1974495 ], [ -45.7487246, -23.1968236 ], [ -45.7493702, -23.1954712 ], [ -45.7497789, -23.1947779 ], [ -45.7501455, -23.1942781 ], [ -45.7502951, -23.1940322 ], [ -45.7504742, -23.1935284 ], [ -45.7505198, -23.1934488 ], [ -45.7509366, -23.1925867 ], [ -45.7509987, -23.1923654 ], [ -45.7510656, -23.191557 ], [ -45.7509137, -23.1903953 ], [ -45.7509596, -23.1900518 ], [ -45.7509412, -23.1899946 ], [ -45.7509207, -23.1897954 ], [ -45.7508667, -23.1894169 ], [ -45.7508148, -23.1891241 ], [ -45.7508095, -23.1883615 ], [ -45.7505904, -23.1871859 ], [ -45.7505642, -23.1865377 ], [ -45.7506138, -23.1859142 ], [ -45.7507474, -23.185387 ], [ -45.7511207, -23.1847979 ], [ -45.7514298, -23.1841454 ], [ -45.7515237, -23.1837982 ], [ -45.7515758, -23.1834377 ], [ -45.7519128, -23.182314 ], [ -45.7522789, -23.1802169 ], [ -45.7523057, -23.1798514 ], [ -45.752276, -23.1795726 ], [ -45.7522708, -23.178707 ], [ -45.7523545, -23.1774941 ], [ -45.7526495, -23.1770537 ], [ -45.7532253, -23.176505 ], [ -45.7536661, -23.1760102 ], [ -45.7543947, -23.1753892 ], [ -45.7546325, -23.1750815 ], [ -45.7550686, -23.1745269 ], [ -45.7555745, -23.173753 ], [ -45.7564182, -23.1721564 ], [ -45.7566704, -23.1718589 ], [ -45.7578356, -23.170068 ], [ -45.7583738, -23.1690407 ], [ -45.7591609, -23.167837 ], [ -45.7593295, -23.1674658 ], [ -45.7597931, -23.1669009 ], [ -45.7599509, -23.1666298 ], [ -45.7599488, -23.1663424 ], [ -45.7599296, -23.166174 ], [ -45.7598264, -23.1659112 ], [ -45.7597497, -23.1658367 ], [ -45.759693, -23.1656903 ], [ -45.759701, -23.1655323 ], [ -45.7597903, -23.1652654 ], [ -45.7598091, -23.1651573 ], [ -45.759802, -23.1650199 ], [ -45.7595756, -23.1646095 ], [ -45.7595322, -23.164382 ], [ -45.7595723, -23.1639851 ], [ -45.7595591, -23.1637174 ], [ -45.7592436, -23.1633651 ], [ -45.7591299, -23.1631364 ], [ -45.7591559, -23.1629562 ], [ -45.7593417, -23.1625084 ], [ -45.7593369, -23.1624027 ], [ -45.7591186, -23.1620764 ], [ -45.7591355, -23.1618635 ], [ -45.7592076, -23.1615783 ], [ -45.7591839, -23.1614469 ], [ -45.7588976, -23.1611953 ], [ -45.7587717, -23.1611417 ], [ -45.7584018, -23.1610704 ], [ -45.7583478, -23.1610324 ], [ -45.7579934, -23.1601292 ], [ -45.7579115, -23.1595767 ], [ -45.757814, -23.1593718 ], [ -45.7576827, -23.1592376 ], [ -45.7572404, -23.1590738 ], [ -45.7569771, -23.1589013 ], [ -45.7569352, -23.1587976 ], [ -45.7567441, -23.1585757 ], [ -45.7566821, -23.1583506 ], [ -45.7566397, -23.1579261 ], [ -45.756702, -23.1577438 ], [ -45.7569697, -23.1573507 ], [ -45.7575777, -23.1567991 ], [ -45.7578065, -23.1562446 ], [ -45.7580023, -23.1559325 ], [ -45.7584721, -23.1554987 ], [ -45.758754, -23.1553246 ], [ -45.7588506, -23.1552331 ], [ -45.7589588, -23.1550488 ], [ -45.7591318, -23.1544536 ], [ -45.7592126, -23.153977 ], [ -45.7593899, -23.1534587 ], [ -45.7594345, -23.1532309 ], [ -45.7593141, -23.1523063 ], [ -45.7593682, -23.1520904 ], [ -45.7596142, -23.1515064 ], [ -45.7596967, -23.1508455 ], [ -45.7598398, -23.150623 ], [ -45.7599088, -23.1503982 ], [ -45.7598804, -23.1498566 ], [ -45.7599129, -23.1495987 ], [ -45.7602691, -23.1489298 ], [ -45.7603651, -23.1485709 ], [ -45.7603978, -23.1482977 ], [ -45.7603328, -23.1477807 ], [ -45.7602686, -23.1475212 ], [ -45.7600493, -23.1469528 ], [ -45.7600429, -23.1465325 ], [ -45.7601495, -23.1462805 ], [ -45.7604154, -23.145882 ], [ -45.7604362, -23.1456212 ], [ -45.7603157, -23.1451918 ], [ -45.7602723, -23.1449155 ], [ -45.7602696, -23.1446561 ], [ -45.7603022, -23.1444895 ], [ -45.7602444, -23.1440079 ], [ -45.760211, -23.1433225 ], [ -45.7598779, -23.1423808 ], [ -45.7594779, -23.1415138 ], [ -45.7590588, -23.1408201 ], [ -45.7589406, -23.1405723 ], [ -45.7588277, -23.1402081 ], [ -45.7585854, -23.1398146 ], [ -45.7584535, -23.1395151 ], [ -45.7582818, -23.1393577 ], [ -45.7579735, -23.1392332 ], [ -45.7577712, -23.1390924 ], [ -45.7575746, -23.1388054 ], [ -45.757138, -23.1378619 ], [ -45.7569418, -23.1376092 ], [ -45.7566369, -23.1374143 ], [ -45.7565614, -23.137282 ], [ -45.7563693, -23.137014 ], [ -45.7561928, -23.1366063 ], [ -45.7561344, -23.1363947 ], [ -45.7561332, -23.1362113 ], [ -45.756249, -23.1357389 ], [ -45.7562089, -23.1354464 ], [ -45.7561478, -23.1352782 ], [ -45.7561178, -23.1349163 ], [ -45.7562175, -23.1346704 ], [ -45.7561809, -23.1343481 ], [ -45.7562245, -23.1342179 ], [ -45.7567106, -23.1335991 ], [ -45.7569148, -23.1332041 ], [ -45.7569622, -23.1328787 ], [ -45.756946, -23.1326643 ], [ -45.7568576, -23.132342 ], [ -45.7568929, -23.1320409 ], [ -45.7570199, -23.1318397 ], [ -45.7574868, -23.1314004 ], [ -45.7576172, -23.1312309 ], [ -45.7578807, -23.130602 ], [ -45.7580841, -23.1304473 ], [ -45.7584147, -23.1303292 ], [ -45.7586074, -23.1302177 ], [ -45.7590007, -23.1298412 ], [ -45.7592418, -23.1297532 ], [ -45.7597052, -23.1296887 ], [ -45.7599818, -23.1294856 ], [ -45.7603174, -23.129063 ], [ -45.7604049, -23.1288847 ], [ -45.7604406, -23.1286621 ], [ -45.7603646, -23.128453 ], [ -45.7602358, -23.1277551 ], [ -45.7600751, -23.1274823 ], [ -45.7597988, -23.1268325 ], [ -45.7597211, -23.1267146 ], [ -45.7593727, -23.1263491 ], [ -45.7592646, -23.126087 ], [ -45.7593356, -23.1255118 ], [ -45.7592035, -23.1251265 ], [ -45.7591274, -23.1244295 ], [ -45.7591363, -23.1237312 ], [ -45.7592073, -23.1231559 ], [ -45.7591817, -23.1229685 ], [ -45.7590821, -23.1228222 ], [ -45.7588451, -23.1226538 ], [ -45.7587789, -23.1225442 ], [ -45.7587053, -23.1223144 ], [ -45.7585864, -23.1221994 ], [ -45.75831, -23.1220484 ], [ -45.7582106, -23.121988 ], [ -45.7580981, -23.1218478 ], [ -45.7580585, -23.121727 ], [ -45.7579971, -23.1214232 ], [ -45.7579382, -23.1213382 ], [ -45.7577132, -23.1211085 ], [ -45.7576335, -23.1209879 ], [ -45.7575266, -23.1207638 ], [ -45.7574155, -23.1206544 ], [ -45.7571249, -23.1204796 ], [ -45.7570058, -23.1203764 ], [ -45.7569464, -23.1202679 ], [ -45.7568916, -23.119976 ], [ -45.7568128, -23.1198608 ], [ -45.75668, -23.1197095 ], [ -45.7566534, -23.1195762 ], [ -45.7565851, -23.1191269 ], [ -45.7565191, -23.118956 ], [ -45.7563661, -23.1188404 ], [ -45.7557595, -23.1187425 ], [ -45.7552849, -23.1186332 ], [ -45.7541909, -23.1186797 ], [ -45.7534015, -23.118782 ], [ -45.7528991, -23.1187464 ], [ -45.752536, -23.1185387 ], [ -45.7522657, -23.1179306 ], [ -45.7523127, -23.1174832 ], [ -45.7525378, -23.1172657 ], [ -45.7536358, -23.116969 ], [ -45.7543409, -23.1166313 ], [ -45.7546998, -23.116266 ], [ -45.7549503, -23.1159007 ], [ -45.7549363, -23.1154758 ], [ -45.7546923, -23.114972 ], [ -45.7545635, -23.1142741 ], [ -45.7545509, -23.1133803 ], [ -45.7548354, -23.1125331 ], [ -45.7553793, -23.1118999 ], [ -45.7562879, -23.1114012 ], [ -45.7570738, -23.1113251 ], [ -45.7579069, -23.1114784 ], [ -45.7584279, -23.1117546 ], [ -45.7588061, -23.112286 ], [ -45.7591583, -23.1132488 ], [ -45.7595717, -23.1139289 ], [ -45.7600137, -23.1143493 ], [ -45.7608475, -23.1145161 ], [ -45.7613335, -23.1144412 ], [ -45.7618336, -23.1140458 ], [ -45.7621174, -23.113626 ], [ -45.7623409, -23.1128446 ], [ -45.7626565, -23.1117566 ], [ -45.7630043, -23.1112105 ], [ -45.7637257, -23.1108857 ], [ -45.7643218, -23.1107232 ], [ -45.7652187, -23.1107636 ], [ -45.7655501, -23.1109499 ], [ -45.7657073, -23.1111974 ], [ -45.7657877, -23.1114292 ], [ -45.7658053, -23.1117783 ], [ -45.7656209, -23.1125061 ], [ -45.76519, -23.113452 ], [ -45.7651305, -23.1147341 ], [ -45.7653383, -23.1153881 ], [ -45.7659232, -23.115894 ], [ -45.766656, -23.1163338 ], [ -45.7675852, -23.1165184 ], [ -45.7682597, -23.1162967 ], [ -45.769028, -23.1158272 ], [ -45.7693704, -23.1154038 ], [ -45.7698724, -23.1151105 ], [ -45.7703906, -23.1150361 ], [ -45.7707983, -23.1150186 ], [ -45.7713148, -23.1146821 ], [ -45.7717744, -23.1139156 ], [ -45.7719346, -23.1127283 ], [ -45.7719029, -23.1116598 ], [ -45.7718982, -23.1093684 ], [ -45.77202, -23.1086404 ], [ -45.7726006, -23.1071322 ], [ -45.7732089, -23.1064025 ], [ -45.7740696, -23.1056996 ], [ -45.7747178, -23.1051214 ], [ -45.7754707, -23.104929 ], [ -45.7760687, -23.1049689 ], [ -45.7764783, -23.1051998 ], [ -45.7766531, -23.1055488 ], [ -45.7766714, -23.1059115 ], [ -45.7764546, -23.1065529 ], [ -45.7761584, -23.1069618 ], [ -45.7759152, -23.1080546 ], [ -45.7758717, -23.1083312 ], [ -45.7758001, -23.1087899 ], [ -45.7757856, -23.1090815 ], [ -45.775809, -23.1092843 ], [ -45.7758834, -23.1095738 ], [ -45.7759859, -23.1099206 ], [ -45.7760463, -23.1101773 ], [ -45.7761238, -23.1104596 ], [ -45.7765656, -23.1114863 ], [ -45.7767623, -23.1122169 ], [ -45.7770729, -23.114453 ], [ -45.7771581, -23.1146866 ], [ -45.7773667, -23.1149603 ], [ -45.7775445, -23.1151069 ], [ -45.7777131, -23.1151775 ], [ -45.7779478, -23.1152637 ], [ -45.778216, -23.1152872 ], [ -45.7785895, -23.1152645 ], [ -45.778952, -23.1152128 ], [ -45.7793307, -23.1150773 ], [ -45.7795365, -23.1149453 ], [ -45.7796978, -23.1147917 ], [ -45.7798015, -23.1146326 ], [ -45.7798851, -23.1144533 ], [ -45.7799009, -23.1142963 ], [ -45.7798407, -23.1139818 ], [ -45.779729, -23.1137007 ], [ -45.7790599, -23.1126549 ], [ -45.7787102, -23.1121069 ], [ -45.7786092, -23.1109849 ], [ -45.7787714, -23.1104373 ], [ -45.7791778, -23.1100864 ], [ -45.7796015, -23.1098956 ], [ -45.7799001, -23.1098645 ], [ -45.7804191, -23.1098479 ], [ -45.7808273, -23.1099036 ], [ -45.7816613, -23.1100603 ], [ -45.7827339, -23.1106512 ], [ -45.7836486, -23.1113306 ], [ -45.7844679, -23.1116895 ], [ -45.7858288, -23.1118786 ], [ -45.7866609, -23.1117869 ], [ -45.787092, -23.1116179 ], [ -45.7872469, -23.111438 ], [ -45.7872869, -23.1112453 ], [ -45.7870764, -23.1108686 ], [ -45.786751, -23.1105749 ], [ -45.7861317, -23.1099276 ], [ -45.7860355, -23.1094064 ], [ -45.7861514, -23.1088735 ], [ -45.7865628, -23.108369 ], [ -45.7876972, -23.1074537 ], [ -45.7881035, -23.1071028 ], [ -45.7883064, -23.1068694 ], [ -45.7882875, -23.1063884 ], [ -45.7877611, -23.105336 ], [ -45.7871943, -23.1041547 ], [ -45.7871631, -23.1036518 ], [ -45.7874115, -23.1030406 ], [ -45.787724, -23.1026456 ], [ -45.7880996, -23.1023673 ], [ -45.7887705, -23.1022222 ], [ -45.7895852, -23.1024681 ], [ -45.7902655, -23.1031924 ], [ -45.7903795, -23.1039053 ], [ -45.7901332, -23.1048084 ], [ -45.7900746, -23.1055067 ], [ -45.7903245, -23.1067632 ], [ -45.7909568, -23.1072978 ], [ -45.7916342, -23.1075712 ], [ -45.7923737, -23.1075673 ], [ -45.7928119, -23.1074337 ], [ -45.7932043, -23.1071999 ], [ -45.793485, -23.1069796 ], [ -45.7937044, -23.1067023 ], [ -45.7939063, -23.1063669 ], [ -45.7939713, -23.10589 ], [ -45.7940579, -23.1052535 ], [ -45.7942712, -23.104387 ], [ -45.7946294, -23.103803 ], [ -45.7951604, -23.1033203 ], [ -45.7954827, -23.1030194 ], [ -45.7957898, -23.1027969 ], [ -45.7960314, -23.1026301 ], [ -45.7966369, -23.1023846 ], [ -45.7974229, -23.1021474 ], [ -45.7982387, -23.1019885 ], [ -45.7991052, -23.10188 ], [ -45.7995236, -23.1018111 ], [ -45.7996081, -23.1017845 ], [ -45.799628, -23.1017677 ], [ -45.79964, -23.1017516 ], [ -45.7996464, -23.1017264 ], [ -45.7996457, -23.1017102 ], [ -45.7996336, -23.1016829 ], [ -45.7995164, -23.10153 ], [ -45.7995078, -23.1015208 ], [ -45.7992003, -23.1012129 ] ] ] } },
{ "type": "Feature", "properties": { "id": 7, "regiao": "São Francisco Xavier", "populacao": null }, "geometry": { "type": "Polygon", "coordinates": [ [ [ -45.9611884, -22.9071288 ], [ -45.9631362, -22.907507 ], [ -45.9631656, -22.9077432 ], [ -45.9632194, -22.9081067 ], [ -45.9633055, -22.9086217 ], [ -45.9634584, -22.9089276 ], [ -45.9635481, -22.9090607 ], [ -45.9636263, -22.909127 ], [ -45.9637547, -22.909229 ], [ -45.9638055, -22.9092745 ], [ -45.9638616, -22.9093667 ], [ -45.9638635, -22.9093784 ], [ -45.9638732, -22.9094386 ], [ -45.9638627, -22.909526 ], [ -45.9636477, -22.9097278 ], [ -45.9630376, -22.9100985 ], [ -45.9622024, -22.910525 ], [ -45.9616276, -22.9108728 ], [ -45.9615449, -22.9110297 ], [ -45.9615354, -22.9112508 ], [ -45.961575, -22.9113636 ], [ -45.9616759, -22.9115017 ], [ -45.961794, -22.9117169 ], [ -45.9617894, -22.9118505 ], [ -45.9617251, -22.9122343 ], [ -45.9617066, -22.9127586 ], [ -45.9617362, -22.9130205 ], [ -45.9617703, -22.9131283 ], [ -45.9618488, -22.9132511 ], [ -45.9619549, -22.9133327 ], [ -45.9623721, -22.9134638 ], [ -45.9624721, -22.9134735 ], [ -45.9627676, -22.9135095 ], [ -45.9628057, -22.9135897 ], [ -45.9630201, -22.9137675 ], [ -45.9630872, -22.9138644 ], [ -45.9632316, -22.9142025 ], [ -45.9636795, -22.9144067 ], [ -45.9641543, -22.914861 ], [ -45.964468, -22.9150051 ], [ -45.9648866, -22.9151433 ], [ -45.9651515, -22.9152417 ], [ -45.965313, -22.9153167 ], [ -45.9653748, -22.9154901 ], [ -45.9655109, -22.9155264 ], [ -45.9656867, -22.9154372 ], [ -45.9657218, -22.9153543 ], [ -45.9657031, -22.9152743 ], [ -45.9657034, -22.9151349 ], [ -45.9656894, -22.9150114 ], [ -45.9657475, -22.9149584 ], [ -45.9658278, -22.9149189 ], [ -45.9661928, -22.9149396 ], [ -45.9663149, -22.9148807 ], [ -45.9664206, -22.9148568 ], [ -45.9666204, -22.9148355 ], [ -45.9667089, -22.9147036 ], [ -45.9667425, -22.9144894 ], [ -45.9666872, -22.9142653 ], [ -45.9666317, -22.9140678 ], [ -45.9664717, -22.913927 ], [ -45.9664143, -22.9138306 ], [ -45.9664635, -22.9137279 ], [ -45.9663904, -22.9135773 ], [ -45.9664135, -22.9134113 ], [ -45.9665699, -22.9131894 ], [ -45.9666271, -22.9131493 ], [ -45.9666048, -22.9129882 ], [ -45.9667194, -22.9128941 ], [ -45.9668166, -22.9127312 ], [ -45.9668875, -22.9127157 ], [ -45.9669745, -22.9127077 ], [ -45.96707, -22.9126849 ], [ -45.9671512, -22.9126537 ], [ -45.9672323, -22.9126164 ], [ -45.9672791, -22.9125784 ], [ -45.9672951, -22.9125683 ], [ -45.9673343, -22.912574 ], [ -45.9673528, -22.9126148 ], [ -45.9673559, -22.912719 ], [ -45.9673899, -22.912785 ], [ -45.9674429, -22.9127914 ], [ -45.9675078, -22.9127537 ], [ -45.9675819, -22.9126845 ], [ -45.9676432, -22.9125259 ], [ -45.9676919, -22.9122771 ], [ -45.9677562, -22.9121709 ], [ -45.96812, -22.912026 ], [ -45.9682298, -22.9119478 ], [ -45.9682778, -22.9119529 ], [ -45.9684286, -22.912012 ], [ -45.9685586, -22.9120677 ], [ -45.9686376, -22.9120996 ], [ -45.9687225, -22.9121151 ], [ -45.9688417, -22.9122133 ], [ -45.9688808, -22.912494 ], [ -45.9687945, -22.9126348 ], [ -45.968664, -22.9128221 ], [ -45.9684695, -22.9129917 ], [ -45.9683986, -22.9130528 ], [ -45.9683898, -22.9131402 ], [ -45.9683926, -22.9131836 ], [ -45.9684, -22.9132221 ], [ -45.9684213, -22.9132656 ], [ -45.968451, -22.9132959 ], [ -45.9684822, -22.9133205 ], [ -45.968511, -22.9133359 ], [ -45.9685481, -22.9133462 ], [ -45.9685858, -22.9133494 ], [ -45.9686254, -22.9133469 ], [ -45.9686681, -22.91334 ], [ -45.9687786, -22.9133215 ], [ -45.9688129, -22.9133252 ], [ -45.9688437, -22.9133354 ], [ -45.9688715, -22.9133527 ], [ -45.9689246, -22.9134059 ], [ -45.9690258, -22.9135456 ], [ -45.9690604, -22.9135827 ], [ -45.9691057, -22.9136122 ], [ -45.9691493, -22.9136325 ], [ -45.9692106, -22.9136499 ], [ -45.9692678, -22.9136549 ], [ -45.9693874, -22.9136534 ], [ -45.9694759, -22.9136368 ], [ -45.9694736, -22.9135973 ], [ -45.9695227, -22.9135922 ], [ -45.9696006, -22.9136434 ], [ -45.9696195, -22.9136675 ], [ -45.9696202, -22.913679 ], [ -45.9696072, -22.9137393 ], [ -45.9695413, -22.9139379 ], [ -45.9695042, -22.9140457 ], [ -45.9695033, -22.9140692 ], [ -45.9695061, -22.9141004 ], [ -45.9695264, -22.9141797 ], [ -45.9694798, -22.9141819 ], [ -45.9694781, -22.9142254 ], [ -45.9694313, -22.9142273 ], [ -45.9694268, -22.9142608 ], [ -45.9693158, -22.9142989 ], [ -45.9692534, -22.9143437 ], [ -45.9691836, -22.9143986 ], [ -45.9690546, -22.9146068 ], [ -45.9689828, -22.9146571 ], [ -45.9689108, -22.9146857 ], [ -45.9686882, -22.9147091 ], [ -45.9685306, -22.914708 ], [ -45.9684063, -22.9147359 ], [ -45.9683553, -22.9148145 ], [ -45.9684009, -22.9149078 ], [ -45.9684905, -22.914949 ], [ -45.9686119, -22.9149617 ], [ -45.9688171, -22.9149308 ], [ -45.9689931, -22.9149109 ], [ -45.9691119, -22.9148957 ], [ -45.9692413, -22.9148525 ], [ -45.9693211, -22.9148095 ], [ -45.969408, -22.9147532 ], [ -45.9695782, -22.9147551 ], [ -45.9696496, -22.9147364 ], [ -45.9697269, -22.914733 ], [ -45.9698147, -22.9147374 ], [ -45.9702759, -22.9147782 ], [ -45.9703292, -22.914758 ], [ -45.9704283, -22.9147003 ], [ -45.970554, -22.9145564 ], [ -45.9705875, -22.9143088 ], [ -45.9705685, -22.9139653 ], [ -45.9706683, -22.9138693 ], [ -45.9707416, -22.9138326 ], [ -45.9708359, -22.9137953 ], [ -45.9708978, -22.9137619 ], [ -45.9710585, -22.9137288 ], [ -45.9712259, -22.9137499 ], [ -45.9713602, -22.9137703 ], [ -45.9714219, -22.9137952 ], [ -45.9715838, -22.9138934 ], [ -45.9716204, -22.9139718 ], [ -45.9714565, -22.9143377 ], [ -45.9714172, -22.9144198 ], [ -45.9713515, -22.9146275 ], [ -45.9712498, -22.9153363 ], [ -45.9712395, -22.915607 ], [ -45.9711842, -22.9159569 ], [ -45.9711703, -22.9161797 ], [ -45.9711049, -22.916406 ], [ -45.9710992, -22.9165749 ], [ -45.9711156, -22.9166216 ], [ -45.9711023, -22.916666 ], [ -45.9711623, -22.9168031 ], [ -45.9711992, -22.9168739 ], [ -45.9712145, -22.9170144 ], [ -45.9711654, -22.917093 ], [ -45.9710821, -22.9171685 ], [ -45.9710051, -22.9172064 ], [ -45.9708799, -22.9173178 ], [ -45.9708079, -22.9174666 ], [ -45.9706922, -22.9176344 ], [ -45.9704695, -22.9177152 ], [ -45.9704626, -22.9177591 ], [ -45.9703985, -22.9178093 ], [ -45.9700493, -22.9180059 ], [ -45.969965, -22.9180629 ], [ -45.9696786, -22.9181283 ], [ -45.9693177, -22.9181236 ], [ -45.9692269, -22.9182553 ], [ -45.9691465, -22.9184973 ], [ -45.9690941, -22.9186699 ], [ -45.9689768, -22.9189868 ], [ -45.9689024, -22.9189508 ], [ -45.9681343, -22.9187738 ], [ -45.9679382, -22.9188336 ], [ -45.9676681, -22.9189393 ], [ -45.9674896, -22.9189754 ], [ -45.9672805, -22.9189609 ], [ -45.9671269, -22.9188717 ], [ -45.9668944, -22.9183331 ], [ -45.966666, -22.9180087 ], [ -45.9665684, -22.9177114 ], [ -45.9665329, -22.9173968 ], [ -45.9664526, -22.9169571 ], [ -45.9664451, -22.9166391 ], [ -45.9663745, -22.9164664 ], [ -45.9662007, -22.9164818 ], [ -45.9660678, -22.9166084 ], [ -45.9657995, -22.9168351 ], [ -45.9655811, -22.9169285 ], [ -45.9652378, -22.9167955 ], [ -45.9650971, -22.9166796 ], [ -45.9649987, -22.9165675 ], [ -45.9644233, -22.9158551 ], [ -45.9643476, -22.9156393 ], [ -45.9643008, -22.9155165 ], [ -45.9642391, -22.9153352 ], [ -45.9641898, -22.9151779 ], [ -45.9638636, -22.9147406 ], [ -45.9636678, -22.9145754 ], [ -45.9633986, -22.9145035 ], [ -45.9631928, -22.9144656 ], [ -45.9630318, -22.9144908 ], [ -45.9629637, -22.9145275 ], [ -45.9628829, -22.9146254 ], [ -45.9629681, -22.9147165 ], [ -45.963038, -22.9148207 ], [ -45.9630319, -22.914933 ], [ -45.9630162, -22.9150682 ], [ -45.9629823, -22.9151719 ], [ -45.9629229, -22.9152877 ], [ -45.9628481, -22.9154021 ], [ -45.962715, -22.9155237 ], [ -45.9624247, -22.9155607 ], [ -45.9621252, -22.9155472 ], [ -45.9619515, -22.9155584 ], [ -45.9617098, -22.9155694 ], [ -45.9614542, -22.915574 ], [ -45.9612554, -22.9155114 ], [ -45.9611375, -22.9154379 ], [ -45.9611322, -22.9153533 ], [ -45.9611305, -22.9151905 ], [ -45.9610403, -22.9150721 ], [ -45.9609815, -22.9148422 ], [ -45.9608772, -22.9147078 ], [ -45.9606677, -22.9145183 ], [ -45.9604907, -22.9143761 ], [ -45.9603757, -22.9143428 ], [ -45.9602798, -22.9143516 ], [ -45.9602102, -22.9144438 ], [ -45.9601537, -22.9145174 ], [ -45.9600764, -22.9145217 ], [ -45.9599375, -22.9144998 ], [ -45.9598347, -22.9144576 ], [ -45.9597424, -22.9144292 ], [ -45.9595293, -22.9144284 ], [ -45.9592878, -22.914395 ], [ -45.9591249, -22.9143245 ], [ -45.9589206, -22.9141738 ], [ -45.9585863, -22.9140124 ], [ -45.9577055, -22.9134578 ], [ -45.9571473, -22.9131347 ], [ -45.9567065, -22.9128652 ], [ -45.9566084, -22.9127446 ], [ -45.9565528, -22.9126043 ], [ -45.9565353, -22.9124716 ], [ -45.9565157, -22.9123726 ], [ -45.9564544, -22.9123015 ], [ -45.9563628, -22.9122542 ], [ -45.9562333, -22.9122458 ], [ -45.9561111, -22.9122789 ], [ -45.955962, -22.9123645 ], [ -45.9558243, -22.9124626 ], [ -45.9556669, -22.9125469 ], [ -45.9556014, -22.9126521 ], [ -45.9556131, -22.9127626 ], [ -45.9556975, -22.9128269 ], [ -45.9558092, -22.9129092 ], [ -45.9558243, -22.9130051 ], [ -45.955776, -22.9130912 ], [ -45.9556472, -22.9131192 ], [ -45.9555053, -22.9131093 ], [ -45.955363, -22.9131125 ], [ -45.955246, -22.913106 ], [ -45.9551852, -22.9130376 ], [ -45.9551281, -22.9130004 ], [ -45.9549848, -22.9129259 ], [ -45.9549112, -22.912868 ], [ -45.9548961, -22.912808 ], [ -45.9548826, -22.9127453 ], [ -45.954849, -22.9126839 ], [ -45.9548089, -22.9125772 ], [ -45.9548128, -22.9124736 ], [ -45.9548492, -22.9123549 ], [ -45.9548475, -22.9122385 ], [ -45.9548234, -22.9121303 ], [ -45.9547676, -22.912044 ], [ -45.9547152, -22.9120029 ], [ -45.9546428, -22.9119805 ], [ -45.9545669, -22.911864 ], [ -45.9544863, -22.9117565 ], [ -45.9544441, -22.9116739 ], [ -45.9544433, -22.9115819 ], [ -45.9545203, -22.9114928 ], [ -45.9545146, -22.9113994 ], [ -45.9544774, -22.9113067 ], [ -45.9544286, -22.911198 ], [ -45.9543271, -22.9111449 ], [ -45.9541876, -22.9111723 ], [ -45.9540282, -22.9111749 ], [ -45.9538895, -22.9109715 ], [ -45.9537629, -22.9107088 ], [ -45.953654, -22.9106293 ], [ -45.9535148, -22.9105685 ], [ -45.9533814, -22.9105384 ], [ -45.9532593, -22.9105443 ], [ -45.9531268, -22.9106427 ], [ -45.9529666, -22.9107516 ], [ -45.9528892, -22.9108035 ], [ -45.9527044, -22.9108408 ], [ -45.9525434, -22.9108418 ], [ -45.9523878, -22.9108119 ], [ -45.9522654, -22.9107766 ], [ -45.9522099, -22.9107667 ], [ -45.9520546, -22.9107933 ], [ -45.9519329, -22.9108506 ], [ -45.9518005, -22.9109696 ], [ -45.9516735, -22.9110577 ], [ -45.9515356, -22.9111922 ], [ -45.9514472, -22.9112544 ], [ -45.9513426, -22.9113732 ], [ -45.951238, -22.9114972 ], [ -45.9510476, -22.9116533 ], [ -45.9509371, -22.9117157 ], [ -45.9508042, -22.9117679 ], [ -45.9507156, -22.9118044 ], [ -45.9505935, -22.9117948 ], [ -45.9504823, -22.9117698 ], [ -45.9503764, -22.9117088 ], [ -45.9501704, -22.9116277 ], [ -45.9499699, -22.9115313 ], [ -45.9497306, -22.9114106 ], [ -45.9496189, -22.9113432 ], [ -45.9494406, -22.9112415 ], [ -45.9492399, -22.9111194 ], [ -45.9490616, -22.9110177 ], [ -45.9489111, -22.9109363 ], [ -45.9484855, -22.9108527 ], [ -45.9483261, -22.910809 ], [ -45.9482191, -22.9107398 ], [ -45.9479783, -22.9106714 ], [ -45.9477101, -22.9105952 ], [ -45.9475577, -22.9105476 ], [ -45.9473953, -22.9104822 ], [ -45.947246, -22.9104213 ], [ -45.9470309, -22.9103882 ], [ -45.946931, -22.9104183 ], [ -45.9468277, -22.9104979 ], [ -45.9467409, -22.9105933 ], [ -45.9467158, -22.9107035 ], [ -45.9466901, -22.910815 ], [ -45.9466566, -22.9108791 ], [ -45.9466106, -22.910904 ], [ -45.946558, -22.910897 ], [ -45.9464629, -22.9108451 ], [ -45.9463914, -22.910761 ], [ -45.9462828, -22.910641 ], [ -45.9461422, -22.9105655 ], [ -45.9460244, -22.9105454 ], [ -45.9458144, -22.9105437 ], [ -45.9456365, -22.9104874 ], [ -45.9454852, -22.9103581 ], [ -45.9454501, -22.9102631 ], [ -45.9454412, -22.9101798 ], [ -45.9453454, -22.9101008 ], [ -45.9451889, -22.9099667 ], [ -45.9450354, -22.9099299 ], [ -45.9449423, -22.9098734 ], [ -45.9450098, -22.9095862 ], [ -45.9451811, -22.9094876 ], [ -45.9453137, -22.9093994 ], [ -45.9454186, -22.9093269 ], [ -45.9454791, -22.9092546 ], [ -45.9455175, -22.9091927 ], [ -45.9455451, -22.9091617 ], [ -45.9455836, -22.9091204 ], [ -45.9456607, -22.9090274 ], [ -45.9456988, -22.9089245 ], [ -45.9457258, -22.9088215 ], [ -45.9457476, -22.9087546 ], [ -45.9457465, -22.9086056 ], [ -45.945757, -22.9085233 ], [ -45.9458011, -22.9084717 ], [ -45.9459004, -22.908394 ], [ -45.9459832, -22.9083319 ], [ -45.9461161, -22.9082849 ], [ -45.9463375, -22.9082065 ], [ -45.946559, -22.9081384 ], [ -45.9467396, -22.9080826 ], [ -45.94705, -22.9080294 ], [ -45.947377, -22.9079761 ], [ -45.9476761, -22.9079075 ], [ -45.9479697, -22.9078235 ], [ -45.9481136, -22.9077816 ], [ -45.9484015, -22.9076822 ], [ -45.9485343, -22.90763 ], [ -45.948667, -22.9075676 ], [ -45.9488273, -22.9074742 ], [ -45.9489984, -22.9073447 ], [ -45.9491699, -22.9072096 ], [ -45.9548611, -22.9074091 ], [ -45.954855, -22.9076263 ], [ -45.954906, -22.9077698 ], [ -45.9549845, -22.9078875 ], [ -45.9550907, -22.9080254 ], [ -45.9551805, -22.9081687 ], [ -45.955223, -22.9082375 ], [ -45.9553823, -22.9084655 ], [ -45.9555109, -22.9086086 ], [ -45.9556452, -22.9087722 ], [ -45.955724, -22.9089259 ], [ -45.9558294, -22.909141 ], [ -45.9558924, -22.909192 ], [ -45.9559597, -22.9092944 ], [ -45.9561098, -22.9095158 ], [ -45.9562858, -22.9097359 ], [ -45.9564485, -22.9099202 ], [ -45.9565751, -22.91001 ], [ -45.9568368, -22.910142 ], [ -45.9570649, -22.910228 ], [ -45.9572093, -22.9102477 ], [ -45.9573576, -22.9102469 ], [ -45.9575628, -22.9102251 ], [ -45.9577178, -22.9101677 ], [ -45.9578281, -22.9100694 ], [ -45.9579106, -22.9099713 ], [ -45.9579539, -22.9098169 ], [ -45.9579915, -22.909642 ], [ -45.9580394, -22.9095205 ], [ -45.9584953, -22.9094745 ], [ -45.9585847, -22.9095562 ], [ -45.9587015, -22.9095966 ], [ -45.9588035, -22.9095871 ], [ -45.958898, -22.9095537 ], [ -45.9589951, -22.9095332 ], [ -45.9590934, -22.909558 ], [ -45.9591471, -22.9096179 ], [ -45.9592136, -22.9098147 ], [ -45.959285, -22.9098635 ], [ -45.9593502, -22.9098631 ], [ -45.9594853, -22.9097922 ], [ -45.9596234, -22.9097092 ], [ -45.9596729, -22.9096472 ], [ -45.9597939, -22.9094924 ], [ -45.9599038, -22.9093324 ], [ -45.9599752, -22.9092292 ], [ -45.9600021, -22.909116 ], [ -45.9600362, -22.9089224 ], [ -45.9600715, -22.9088838 ], [ -45.9601422, -22.908843 ], [ -45.9602533, -22.9086076 ], [ -45.960308, -22.9085045 ], [ -45.9603847, -22.908355 ], [ -45.960489, -22.908195 ], [ -45.9605493, -22.9080764 ], [ -45.9605895, -22.908001 ], [ -45.9606391, -22.9079442 ], [ -45.9607383, -22.9078459 ], [ -45.9608043, -22.9077581 ], [ -45.9608593, -22.9076807 ], [ -45.9609087, -22.9076033 ], [ -45.9610023, -22.9075 ], [ -45.9610626, -22.9073917 ], [ -45.9611175, -22.907304 ], [ -45.9611391, -22.9072268 ], [ -45.9611884, -22.9071288 ] ] ] } },
{ "type": "Feature", "properties": { "id": 11, "regiao": "Macrozona Rural", "populacao": null }, "geometry": { "type": "Polygon", "coordinates": [ [ [ -45.878277380725123, -23.299458871614284 ], [ -45.877405199148811, -23.298694996724837 ], [ -45.87712934102818, -23.298438394352676 ], [ -45.875493162805107, -23.296872957125366 ], [ -45.874985951466357, -23.296383493309797 ], [ -45.874818370724988, -23.296222182285955 ], [ -45.874320278847343, -23.295744553184907 ], [ -45.873850317978423, -23.295276530509287 ], [ -45.872663874020745, -23.294145741035425 ], [ -45.871890251505356, -23.293396145305632 ], [ -45.87040009881153, -23.291970690453208 ], [ -45.86998274465909, -23.291611312238551 ], [ -45.869223979466909, -23.290966197183874 ], [ -45.868732705647176, -23.290527992760069 ], [ -45.868137374421472, -23.289971893537032 ], [ -45.867739131917304, -23.289623494990391 ], [ -45.867534695367581, -23.289411316324873 ], [ -45.867387084352877, -23.289272283772995 ], [ -45.867160045864502, -23.289047105460458 ], [ -45.866751514374648, -23.288591790247033 ], [ -45.865797823119571, -23.287699343008811 ], [ -45.865266727762311, -23.287249062658031 ], [ -45.863020080568525, -23.285500874415245 ], [ -45.862735765009063, -23.285288902614919 ], [ -45.862375511112475, -23.285003263753893 ], [ -45.862086653280272, -23.284817464549711 ], [ -45.861490312236576, -23.284485185538923 ], [ -45.861012345755775, -23.284226338573973 ], [ -45.860628917360557, -23.284001836729967 ], [ -45.86034089408188, -23.283796085995611 ], [ -45.859816630783747, -23.2833782202697 ], [ -45.859566089575694, -23.28312402041557 ], [ -45.85936299630643, -23.282876858467823 ], [ -45.859243843801991, -23.282778931066364 ], [ -45.85909698482255, -23.282673857067721 ], [ -45.858926275772639, -23.2825470098377 ], [ -45.858759643831867, -23.28243838561206 ], [ -45.858584821503143, -23.282285998717711 ], [ -45.858414296058335, -23.28214645932654 ], [ -45.858345474596725, -23.282090446338998 ], [ -45.858263001499665, -23.28200662486859 ], [ -45.858183327031881, -23.281904831565214 ], [ -45.858067634963945, -23.281730216984091 ], [ -45.857995776964202, -23.281613775381956 ], [ -45.857872526508885, -23.281493965623994 ], [ -45.857650086570182, -23.281308977944253 ], [ -45.857157692198449, -23.280921006586773 ], [ -45.856300029774083, -23.280253892652325 ], [ -45.855791857043265, -23.279869661007726 ], [ -45.855478228379091, -23.279634052779699 ], [ -45.85504952090767, -23.279318745477884 ], [ -45.854700368962419, -23.279086978280233 ], [ -45.854402972658541, -23.278916999439318 ], [ -45.853943266340764, -23.278696788741243 ], [ -45.853646104532629, -23.278563316282156 ], [ -45.853353092781731, -23.278462680715169 ], [ -45.853028422363764, -23.278351260325945 ], [ -45.852695982433175, -23.278261794185241 ], [ -45.852359745885963, -23.27819790074556 ], [ -45.851798211259947, -23.278116975069729 ], [ -45.851564989912482, -23.278096328091085 ], [ -45.851240892131912, -23.278076182773223 ], [ -45.85083789325774, -23.278074719174608 ], [ -45.850276916157874, -23.278081408808134 ], [ -45.849775206702567, -23.278087775510038 ], [ -45.849528760952488, -23.278092415714092 ], [ -45.849316830142484, -23.278075660535372 ], [ -45.848732166830978, -23.278086121949887 ], [ -45.848143563247142, -23.278096602483583 ], [ -45.847712961137923, -23.2781025872988 ], [ -45.846792442598684, -23.278107557170799 ], [ -45.846421167448817, -23.278124156605912 ], [ -45.846227543856422, -23.278140519882037 ], [ -45.846194313652994, -23.278142505562844 ], [ -45.845760389774853, -23.278162882610452 ], [ -45.845009718570424, -23.278181351389389 ], [ -45.844356683375715, -23.278181262483905 ], [ -45.844039845269798, -23.278164929101031 ], [ -45.843762050011669, -23.278141168220372 ], [ -45.843441392147881, -23.278139288037796 ], [ -45.843116596335626, -23.278101344741284 ], [ -45.842826829057493, -23.27803796690543 ], [ -45.842345022388209, -23.277907072079643 ], [ -45.841796095537681, -23.277671921790027 ], [ -45.840996231505237, -23.277329887476547 ], [ -45.840768666775332, -23.277208445913669 ], [ -45.840425200211328, -23.276999242035409 ], [ -45.840219270138697, -23.276897528118901 ], [ -45.839925569523672, -23.276797214045772 ], [ -45.839307539672788, -23.276526692177889 ], [ -45.838784520569341, -23.276284862014659 ], [ -45.837960298122994, -23.275891303317085 ], [ -45.837456918800321, -23.2756311090961 ], [ -45.837052521470774, -23.275403254495583 ], [ -45.83616415847991, -23.274860332892295 ], [ -45.835622399651065, -23.274523000962123 ], [ -45.834600917068762, -23.273886281044405 ], [ -45.834403262615105, -23.27377438078549 ], [ -45.833050817414843, -23.272930867558497 ], [ -45.832400358638651, -23.272521741693232 ], [ -45.831095784789966, -23.271747326529127 ], [ -45.83072291676838, -23.271504682489773 ], [ -45.829830564403196, -23.27094713009107 ], [ -45.829398332808793, -23.27068654192917 ], [ -45.82891856141319, -23.270404290753053 ], [ -45.828627229987333, -23.270239242641878 ], [ -45.82834622816511, -23.270100252404603 ], [ -45.82812152140022, -23.26998817957622 ], [ -45.827896081224807, -23.269883932425898 ], [ -45.827126341692974, -23.269550961254147 ], [ -45.8123449755808, -23.264738078255355 ], [ -45.811763682068758, -23.264558763356185 ], [ -45.811464286500957, -23.264461106836997 ], [ -45.810653105779352, -23.264162328276388 ], [ -45.810150109748292, -23.263977237660654 ], [ -45.809809815482552, -23.263831528141552 ], [ -45.80895746289243, -23.263441796649833 ], [ -45.808462810177225, -23.263194992393984 ], [ -45.807435187284113, -23.262602380797034 ], [ -45.806862850722361, -23.262234067680588 ], [ -45.806557835117268, -23.262023099191932 ], [ -45.806104749282056, -23.261704590192426 ], [ -45.805658188102313, -23.261370121975578 ], [ -45.805203545611562, -23.261021223733501 ], [ -45.804917784178528, -23.260776019187038 ], [ -45.803351147077471, -23.259301358974238 ], [ -45.802386994516176, -23.258398707181176 ], [ -45.799286254005366, -23.255507958456828 ], [ -45.796891794503097, -23.253119021954603 ], [ -45.796329879301396, -23.252556433469906 ], [ -45.795889154324179, -23.252153466496392 ], [ -45.795316343701309, -23.251598426370879 ], [ -45.79443391476979, -23.250690692930185 ], [ -45.793626412921576, -23.249805608667369 ], [ -45.793490339586377, -23.249656716717933 ], [ -45.793256791424781, -23.249366361008104 ], [ -45.792969930358794, -23.248976852517664 ], [ -45.792562421547132, -23.2483915117759 ], [ -45.792223719786172, -23.247898189986845 ], [ -45.792010959492288, -23.247556521711303 ], [ -45.791478411069285, -23.246706900758028 ], [ -45.79118211963609, -23.24626955443523 ], [ -45.790326560791605, -23.245060451044605 ], [ -45.790261962829575, -23.244958382646498 ], [ -45.790212932699546, -23.244890523598698 ], [ -45.790160024642859, -23.244799885798628 ], [ -45.78940705261823, -23.243667263569762 ], [ -45.788909464956056, -23.242922858374207 ], [ -45.786590548738452, -23.239433371118146 ], [ -45.785236597950856, -23.237378073239565 ], [ -45.784407416870039, -23.236436230326046 ], [ -45.784286482596016, -23.236299710011615 ], [ -45.783922669889762, -23.23592282442403 ], [ -45.783719918528817, -23.23571644713995 ], [ -45.783623602184846, -23.2356259691351 ], [ -45.783182676689123, -23.235222693577871 ], [ -45.782952278039986, -23.235035060182163 ], [ -45.782726976179951, -23.23484974952213 ], [ -45.782271272767559, -23.234509411795255 ], [ -45.782025794940751, -23.234333504090078 ], [ -45.781608275975735, -23.234037324434013 ], [ -45.781259048166376, -23.233791061584412 ], [ -45.780989241398238, -23.23360275392821 ], [ -45.780357585649888, -23.233165335038571 ], [ -45.780168416367026, -23.233023884119099 ], [ -45.77973533085278, -23.232728598495992 ], [ -45.779558691016675, -23.232600236128839 ], [ -45.779178198814975, -23.232314443242736 ], [ -45.778596751353668, -23.231896730099596 ], [ -45.778224800129792, -23.231635271509813 ], [ -45.777913565223891, -23.23141072587951 ], [ -45.777683301812409, -23.231244039362636 ], [ -45.777417607936862, -23.231051965435469 ], [ -45.777010172432476, -23.230771981827885 ], [ -45.776696360141436, -23.230540491298047 ], [ -45.776338834890261, -23.230306424946257 ], [ -45.775976557009095, -23.230049727396707 ], [ -45.775736531501622, -23.229875805795228 ], [ -45.775405993097088, -23.229648125588543 ], [ -45.775102591040039, -23.229432821025014 ], [ -45.774794554304663, -23.229196700431245 ], [ -45.771352635394017, -23.226646773994705 ], [ -45.766190896235031, -23.223072986757245 ], [ -45.765511928176359, -23.222635736042125 ], [ -45.765178742105036, -23.222477543416382 ], [ -45.764641997262991, -23.22218884294314 ], [ -45.764393628657565, -23.222075724477296 ], [ -45.763743933052176, -23.221762278546706 ], [ -45.763390410098637, -23.221588111727289 ], [ -45.762915810821667, -23.221373351795712 ], [ -45.762482725152502, -23.221143991028001 ], [ -45.762205574620545, -23.220995835442039 ], [ -45.761880541730214, -23.220803931400621 ], [ -45.761411492877571, -23.220527799151235 ], [ -45.761254446382992, -23.220443201026171 ], [ -45.76067942699256, -23.220156306806814 ], [ -45.760261635767201, -23.219951389382423 ], [ -45.759894225230511, -23.219768709618553 ], [ -45.75938108750136, -23.219539239134257 ], [ -45.759146360261596, -23.219439712666144 ], [ -45.758562357143838, -23.219152619001328 ], [ -45.757840450572722, -23.218807050991856 ], [ -45.757036461495836, -23.218426430617779 ], [ -45.756109671982074, -23.217964777409957 ], [ -45.755679594622386, -23.217729394191782 ], [ -45.755006441695706, -23.217373543186508 ], [ -45.754257173738047, -23.216990405325287 ], [ -45.753581390453284, -23.216662598045659 ], [ -45.752891479546129, -23.216324467847773 ], [ -45.752476405001836, -23.216111838346279 ], [ -45.751755712456266, -23.215755784966511 ], [ -45.751329374104877, -23.215538057567901 ], [ -45.75082461372844, -23.215294779650097 ], [ -45.749497785909767, -23.21462102073685 ], [ -45.74939014818699, -23.21457897172429 ], [ -45.748135742471987, -23.213896579272191 ], [ -45.746706867730602, -23.21301095629358 ], [ -45.745787077841946, -23.212293452280978 ], [ -45.74524148195669, -23.211779179235144 ], [ -45.744284092069464, -23.210862378690216 ], [ -45.743542639363469, -23.210057053429711 ], [ -45.742550813043643, -23.208796647209606 ], [ -45.742161590662029, -23.208218458770787 ], [ -45.741911806466426, -23.207794892707135 ], [ -45.741742079187389, -23.207530800324069 ], [ -45.741612024470179, -23.207280223297257 ], [ -45.741061660248207, -23.206195840331059 ], [ -45.740775605788976, -23.20547558339673 ], [ -45.7406296950262, -23.205042393716152 ], [ -45.740322288170994, -23.204039070109598 ], [ -45.73987045225963, -23.202705084189915 ], [ -45.739744309, -23.202794714 ], [ -45.739395801, -23.203213420999987 ], [ -45.73890045600001, -23.203936816 ], [ -45.738661003, -23.204621206 ], [ -45.73864812, -23.204874871000019 ], [ -45.73876064000001, -23.205408052 ], [ -45.738885800999981, -23.20560173 ], [ -45.739443395000023, -23.206167795999988 ], [ -45.739616872999989, -23.206585463000014 ], [ -45.739617628000019, -23.20674358999997 ], [ -45.739479733, -23.207089992000022 ], [ -45.739185422, -23.207437341999988 ], [ -45.739069375999975, -23.207668468 ], [ -45.739049594999983, -23.208316847999974 ], [ -45.739011114, -23.208432744 ], [ -45.738855675000025, -23.208678557999971 ], [ -45.738197355000011, -23.209387425999978 ], [ -45.737989062, -23.209734433999987 ], [ -45.737760510999976, -23.210214813999983 ], [ -45.737672707, -23.210695788 ], [ -45.737653259000012, -23.211033367000027 ], [ -45.737710128, -23.211465309 ], [ -45.737956017999977, -23.212270912 ], [ -45.738187411000013, -23.213264196000015 ], [ -45.738203912000024, -23.213465959000018 ], [ -45.738175425, -23.213668762 ], [ -45.738105914000016, -23.213869961 ], [ -45.737990372000013, -23.214173374999977 ], [ -45.737822955000013, -23.214822848999972 ], [ -45.737789594, -23.215220725999984 ], [ -45.737743694000017, -23.216148744 ], [ -45.737690838999981, -23.216494787999977 ], [ -45.737575617, -23.216733154999982 ], [ -45.737141410999982, -23.217084437999969 ], [ -45.736089648000018, -23.217667321000022 ], [ -45.7358198, -23.217865099999976 ], [ -45.735355068, -23.21842276000001 ], [ -45.734696190000022, -23.21900963 ], [ -45.734462388999987, -23.219262233 ], [ -45.734269817999973, -23.219652871 ], [ -45.734244252, -23.220589367 ], [ -45.734174935, -23.220878207999981 ], [ -45.734052478000024, -23.221037842999969 ], [ -45.733663727000021, -23.221363692000015 ], [ -45.73343911500001, -23.221645362 ], [ -45.733377861, -23.221775322999974 ], [ -45.733270614, -23.222200848 ], [ -45.733216922, -23.222294798000014 ], [ -45.73266556200003, -23.22263684 ], [ -45.73237766, -23.22295447099998 ], [ -45.732371473, -23.223019417 ], [ -45.732023729, -23.223640505 ], [ -45.731785312, -23.224318573 ], [ -45.731732422, -23.224665517 ], [ -45.731787509000014, -23.225967501000014 ], [ -45.731857717000025, -23.226220778000027 ], [ -45.731926467999983, -23.226791158000022 ], [ -45.731900196000026, -23.227029233999978 ], [ -45.731832769999983, -23.227272025999977 ], [ -45.731639764000022, -23.227634645000023 ], [ -45.731142512000019, -23.228105 ], [ -45.730957155999988, -23.228329513 ], [ -45.730680066, -23.22893644599997 ], [ -45.730540134000023, -23.229138244 ], [ -45.730097818, -23.229501115 ], [ -45.729762967999989, -23.229916419000013 ], [ -45.729388298, -23.230123235999987 ], [ -45.728523812, -23.230428285000016 ], [ -45.727904846, -23.230482744000021 ], [ -45.727454158, -23.230677413000016 ], [ -45.726998816999981, -23.231006622999988 ], [ -45.726762737, -23.231273631000018 ], [ -45.726692948, -23.231389891 ], [ -45.726571248000027, -23.231852205999978 ], [ -45.726447740000026, -23.232112105999988 ], [ -45.726245232, -23.232313733 ], [ -45.725631498999974, -23.232691725999985 ], [ -45.725367526000014, -23.232886877 ], [ -45.725135206, -23.23311238600002 ], [ -45.724252224999987, -23.234240183 ], [ -45.724075046, -23.234543433 ], [ -45.723506325000017, -23.236087703000013 ], [ -45.723336089999975, -23.236434438999986 ], [ -45.723026417000028, -23.23681131 ], [ -45.722654608000028, -23.237166334 ], [ -45.722639077, -23.237209436 ], [ -45.721923716999981, -23.237680539999982 ], [ -45.721305847999986, -23.237922017000013 ], [ -45.721953518000021, -23.238679417000021 ], [ -45.722247295999978, -23.238997064999978 ], [ -45.722633985000016, -23.239167228999971 ], [ -45.723286611, -23.239386223 ], [ -45.724215680999976, -23.239374139 ], [ -45.726717504000021, -23.238649925 ], [ -45.727491601, -23.238515907000025 ], [ -45.728626529, -23.238622969 ], [ -45.730177551, -23.238994635999966 ], [ -45.73138953, -23.239697497 ], [ -45.733462491000012, -23.241398060999984 ], [ -45.734200260000023, -23.242250007999985 ], [ -45.734744165999984, -23.243067019000019 ], [ -45.735520279000013, -23.244104830000019 ], [ -45.735981908, -23.244440677 ], [ -45.736929461999978, -23.244826373000016 ], [ -45.737741868, -23.244978462999985 ], [ -45.738757265, -23.245051792000023 ], [ -45.739735872, -23.245204898999983 ], [ -45.740906339, -23.245494082 ], [ -45.741599125999983, -23.245810358000028 ], [ -45.742318794000028, -23.246298753000019 ], [ -45.742799887, -23.24664033200002 ], [ -45.743413958000019, -23.247227211999981 ], [ -45.743897982000021, -23.248305184 ], [ -45.744061263999981, -23.248894328 ], [ -45.744063688999972, -23.249361475 ], [ -45.743841036, -23.250377730000029 ], [ -45.743846612000027, -23.250539549999985 ], [ -45.743909364, -23.250825217 ], [ -45.744131058, -23.251378311999982 ], [ -45.74444790899998, -23.251915859000015 ], [ -45.744842961000018, -23.252307466 ], [ -45.7452255, -23.252492862999983 ], [ -45.746029194000016, -23.252741436000012 ], [ -45.746313825000023, -23.252786028999985 ], [ -45.746537989999979, -23.252773575999985 ], [ -45.746785218000014, -23.252634123 ], [ -45.747081940999976, -23.2524151 ], [ -45.747353819000011, -23.252265223999988 ], [ -45.747589029999972, -23.252287290000019 ], [ -45.747826476, -23.2524919 ], [ -45.747963992999985, -23.252755345000025 ], [ -45.748253798, -23.253522814 ], [ -45.74831766, -23.253900654 ], [ -45.74829429, -23.254141489 ], [ -45.748197774, -23.254520219000028 ], [ -45.748112041000013, -23.254750055999978 ], [ -45.748162547, -23.255012927 ], [ -45.748312296999984, -23.255104012 ], [ -45.748485599999981, -23.255092499999986 ], [ -45.748634067000012, -23.254953173999983 ], [ -45.748952486, -23.254184291 ], [ -45.749334783999984, -23.253792343999969 ], [ -45.749507981000022, -23.25368776900001 ], [ -45.749669553, -23.253676056000018 ], [ -45.749892649, -23.253766579 ], [ -45.750067426, -23.25392675400002 ], [ -45.750295678999976, -23.254446520999977 ], [ -45.750756174, -23.254842838 ], [ -45.750862164000011, -23.254872644999978 ], [ -45.750991264999982, -23.254871222000013 ], [ -45.751191247, -23.254845703 ], [ -45.751450668000018, -23.254781439999988 ], [ -45.752138527, -23.254561815999971 ], [ -45.752378882000016, -23.254472834 ], [ -45.752478273, -23.25444109 ], [ -45.752624411999989, -23.254369483 ], [ -45.752760157000012, -23.254279629 ], [ -45.753168335, -23.253913409999988 ], [ -45.753403460000015, -23.253743023000027 ], [ -45.753594177000025, -23.253642355 ], [ -45.753834270000027, -23.253615707 ], [ -45.753933030999974, -23.253615573999976 ], [ -45.754075222999973, -23.253644184999985 ], [ -45.754212312999982, -23.253683551999973 ], [ -45.754408429000023, -23.25380342699998 ], [ -45.755067741, -23.254282607999979 ], [ -45.755648838000013, -23.254564403000018 ], [ -45.756790290000026, -23.255188170999986 ], [ -45.757147687999975, -23.255360465000031 ], [ -45.757295444000022, -23.255404527 ], [ -45.757427369000027, -23.255408568 ], [ -45.757688482999981, -23.255308184 ], [ -45.75800988200001, -23.25507691000001 ], [ -45.758152289000016, -23.254996199 ], [ -45.758425435, -23.254880658 ], [ -45.758802349, -23.254808432999983 ], [ -45.759085298, -23.254740942000016 ], [ -45.759385849000012, -23.254624056 ], [ -45.759560528, -23.254542986999976 ], [ -45.759734130000027, -23.254417628 ], [ -45.759815805000017, -23.254342212999976 ], [ -45.759908132000021, -23.254222707 ], [ -45.759962533000028, -23.254092620999984 ], [ -45.760026931000034, -23.253902170999986 ], [ -45.760108421999973, -23.253737307 ], [ -45.760322727000016, -23.253432842 ], [ -45.76035760000002, -23.253400003000024 ], [ -45.760417835, -23.253370303 ], [ -45.760467317, -23.253340421000015 ], [ -45.760734719000027, -23.253218455000027 ], [ -45.760963557000025, -23.253068730999981 ], [ -45.761219336000011, -23.252792973999984 ], [ -45.761425829000018, -23.252537163 ], [ -45.761912892, -23.251691599000033 ], [ -45.762081803, -23.251506528999982 ], [ -45.762201334, -23.251395613 ], [ -45.762354468000012, -23.251315982999976 ], [ -45.76250138, -23.251254318 ], [ -45.762583808999977, -23.251239447999971 ], [ -45.762725792000026, -23.251229199000022 ], [ -45.762843087000022, -23.251231180999973 ], [ -45.763109787000019, -23.251292606999979 ], [ -45.763751593, -23.251619671000018 ], [ -45.764290411999987, -23.252111234999973 ], [ -45.764797326, -23.25268357200002 ], [ -45.765275363, -23.25308466 ], [ -45.765555983000013, -23.253332435999987 ], [ -45.765748560000027, -23.253582338999983 ], [ -45.765900363000014, -23.254064653999979 ], [ -45.76601822300001, -23.254532843 ], [ -45.766202245999978, -23.255067199999981 ], [ -45.766266502, -23.255576044000012 ], [ -45.766276647999973, -23.256398389000022 ], [ -45.766259897, -23.256701679 ], [ -45.766251502, -23.257175867999987 ], [ -45.766260322, -23.257323284999988 ], [ -45.766284370999983, -23.257491739999981 ], [ -45.766373182999985, -23.257896194 ], [ -45.766430629000013, -23.258254943999987 ], [ -45.766551859, -23.258453949999989 ], [ -45.766776086, -23.258636622999973 ], [ -45.766903105999972, -23.25869116899997 ], [ -45.767494925, -23.258778851999978 ], [ -45.767832961000011, -23.258892972000012 ], [ -45.767947733000028, -23.258973511000022 ], [ -45.768119141, -23.259157099 ], [ -45.768218395000019, -23.259280742999977 ], [ -45.768256211, -23.259346431999976 ], [ -45.768267902, -23.259398127999983 ], [ -45.768338997, -23.259610742999989 ], [ -45.768527477000021, -23.259920202999979 ], [ -45.768758441999978, -23.260158100000012 ], [ -45.769229962, -23.260494917000013 ], [ -45.769526461999988, -23.26068241899997 ], [ -45.770372523999981, -23.26101831800003 ], [ -45.770613491, -23.261096464 ], [ -45.770887287999983, -23.261146251000014 ], [ -45.771117116000028, -23.261144702000021 ], [ -45.771312928999976, -23.261082949 ], [ -45.771499125999981, -23.261012903 ], [ -45.771717231000025, -23.260862079999981 ], [ -45.772316779999983, -23.260459282999978 ], [ -45.772623463, -23.260378616000029 ], [ -45.772983354000019, -23.260376543 ], [ -45.773411297, -23.26044428 ], [ -45.773730092, -23.260592396 ], [ -45.773948538000013, -23.260771348 ], [ -45.774126105, -23.260990268999986 ], [ -45.774423565000014, -23.26142714000002 ], [ -45.774682231999975, -23.26169892299998 ], [ -45.774767809000025, -23.261772641 ], [ -45.774982739, -23.261981348 ], [ -45.775373908, -23.262327637 ], [ -45.776153764000014, -23.262997585 ], [ -45.776297887999988, -23.263177090999978 ], [ -45.776528869, -23.263514359999988 ], [ -45.776629464, -23.263818717999989 ], [ -45.776669149999975, -23.264038028 ], [ -45.776716048000026, -23.264536636 ], [ -45.776718960999972, -23.264736355000025 ], [ -45.776688205000028, -23.265255341 ], [ -45.776683597999977, -23.265489265999971 ], [ -45.77672079000002, -23.266182862999987 ], [ -45.776688225999976, -23.266346750000025 ], [ -45.776597520999985, -23.266582841 ], [ -45.776454331000025, -23.266703307999983 ], [ -45.776340593999976, -23.266768253 ], [ -45.776236632, -23.266833362999986 ], [ -45.776171577000021, -23.266909066 ], [ -45.776096086999985, -23.26706771300001 ], [ -45.776074827, -23.267203780999971 ], [ -45.77609164, -23.267293509000012 ], [ -45.776130261999981, -23.267368244 ], [ -45.776223184, -23.267466479 ], [ -45.776306206000015, -23.267521180000013 ], [ -45.77643163800002, -23.267557620999977 ], [ -45.776503837, -23.267566063 ], [ -45.776618462999977, -23.267555341 ], [ -45.776727419, -23.267534585000021 ], [ -45.776814850999983, -23.267514372 ], [ -45.776890961, -23.267473187 ], [ -45.777088024000022, -23.267397895999977 ], [ -45.777257715000019, -23.267371836999985 ], [ -45.777416243, -23.26736637 ], [ -45.777569599, -23.267375271 ], [ -45.777739075999989, -23.267409741 ], [ -45.777908748000016, -23.267483966999976 ], [ -45.778289079999979, -23.267686412999971 ], [ -45.778430793999981, -23.267789983 ], [ -45.77856707, -23.267921471000019 ], [ -45.778836440000021, -23.268395806 ], [ -45.778855210000017, -23.268485565999978 ], [ -45.778973979, -23.268860699000022 ], [ -45.779074014, -23.269094574 ], [ -45.779305102000023, -23.269526706000022 ], [ -45.779414238000015, -23.269695683000013 ], [ -45.779479099000014, -23.269928063 ], [ -45.779512963, -23.270393925 ], [ -45.77975630100002, -23.270949133999967 ], [ -45.779810657999974, -23.27111899800002 ], [ -45.779880016, -23.271222256 ], [ -45.780082924, -23.272093004999984 ], [ -45.780000883000014, -23.272883077 ], [ -45.780002164999985, -23.273116195999982 ], [ -45.780050925000012, -23.273421488 ], [ -45.780289595999989, -23.273916084 ], [ -45.780432865000023, -23.274090151 ], [ -45.780543782999985, -23.27416880800001 ], [ -45.780783288, -23.274422189 ], [ -45.781022156, -23.274708083 ], [ -45.781292154000027, -23.27530078 ], [ -45.78155605500001, -23.275756043999984 ], [ -45.781619105, -23.27583209099998 ], [ -45.781963578999978, -23.276069161 ], [ -45.782116502, -23.276150329000018 ], [ -45.782479600999977, -23.276235926000027 ], [ -45.783300091, -23.276187345999972 ], [ -45.783747995999988, -23.276237319000021 ], [ -45.784120432, -23.276395347 ], [ -45.784500106, -23.276633001 ], [ -45.785006507999981, -23.276991134 ], [ -45.785849268999989, -23.277850909999987 ], [ -45.786274924, -23.278187810000023 ], [ -45.786609498000018, -23.278531314000023 ], [ -45.786799993999978, -23.278741400999987 ], [ -45.787146383999982, -23.279230562 ], [ -45.787475170999983, -23.279620045 ], [ -45.788419084999987, -23.280659485 ], [ -45.788622133999979, -23.280828219 ], [ -45.789001860999974, -23.281263724999974 ], [ -45.789189267999973, -23.281432197000015 ], [ -45.789403365, -23.281686042 ], [ -45.790111234, -23.282644726 ], [ -45.790651559000025, -23.283469600999975 ], [ -45.790813419000017, -23.283744254 ], [ -45.791057476999981, -23.284216335 ], [ -45.791112404999978, -23.284407886 ], [ -45.791410620000022, -23.284961281999983 ], [ -45.791551530999982, -23.285306957999978 ], [ -45.791666881000026, -23.285659434000017 ], [ -45.791718386000021, -23.28647523 ], [ -45.791825174, -23.287065176999988 ], [ -45.791880658000025, -23.287278421 ], [ -45.791933108955163, -23.287409521515595 ], [ -45.792052581, -23.287688761000023 ], [ -45.792202390999989, -23.28827942700002 ], [ -45.792274581000015, -23.288438741 ], [ -45.792521727, -23.288903643000026 ], [ -45.793015637, -23.289703337999985 ], [ -45.793429248999985, -23.290458323999989 ], [ -45.793685448000019, -23.291060701999978 ], [ -45.793760529999986, -23.291622109999985 ], [ -45.793744783000022, -23.291976912 ], [ -45.794356617, -23.291899492000024 ], [ -45.794790063999983, -23.291891369999977 ], [ -45.79533114100002, -23.291931120000019 ], [ -45.795668232000025, -23.292048776999987 ], [ -45.795849364999981, -23.292189128000022 ], [ -45.796149964, -23.292472412999981 ], [ -45.796468772000026, -23.292924952000025 ], [ -45.796797809999987, -23.293154501999989 ], [ -45.797159502, -23.293214744 ], [ -45.798445246000028, -23.292986827 ], [ -45.79892460100001, -23.292881884 ], [ -45.799202033144354, -23.292788088086262 ], [ -45.799476298180565, -23.292691451569251 ], [ -45.799713345999976, -23.292610436 ], [ -45.800360878, -23.292307720999979 ], [ -45.800879163, -23.292212456 ], [ -45.801245497000025, -23.292185129000011 ], [ -45.801595967000026, -23.292218973 ], [ -45.801875543999984, -23.292276932999989 ], [ -45.802348936999977, -23.292477255 ], [ -45.802739433, -23.292865924 ], [ -45.802996673, -23.293066259 ], [ -45.803376609999987, -23.293244242000018 ], [ -45.803849375000027, -23.293376787999989 ], [ -45.804182353, -23.293404915 ], [ -45.804567964, -23.293392356000027 ], [ -45.804934794000019, -23.293339731999989 ], [ -45.805870476, -23.293056243000027 ], [ -45.806214437, -23.292972518 ], [ -45.806410208999978, -23.29291433600002 ], [ -45.806714280999984, -23.29276941400002 ], [ -45.806888742000012, -23.29265034500003 ], [ -45.807503253999982, -23.29213383299998 ], [ -45.807804112, -23.291852431999974 ], [ -45.807939144999978, -23.291748969000025 ], [ -45.808101491, -23.291598979 ], [ -45.808231529000011, -23.291500853999985 ], [ -45.808441491999986, -23.29131642 ], [ -45.80879619000001, -23.290932011999985 ], [ -45.809117406, -23.290609386000025 ], [ -45.809475019, -23.289924168000034 ], [ -45.809610752000026, -23.289784576999967 ], [ -45.80992862, -23.289533268 ], [ -45.81037403800002, -23.289361774999978 ], [ -45.810600223999984, -23.289248078000014 ], [ -45.810952691000011, -23.289178939 ], [ -45.811263248999978, -23.289152471000019 ], [ -45.811684332000027, -23.289075434999965 ], [ -45.812138195999978, -23.289073025999979 ], [ -45.812430622000022, -23.289123953999987 ], [ -45.81303991599998, -23.289427687 ], [ -45.813297345000024, -23.28956838 ], [ -45.813529432999985, -23.289603849999985 ], [ -45.814009036000016, -23.289585600000013 ], [ -45.814274981999972, -23.289590008 ], [ -45.814517247000026, -23.289655459 ], [ -45.814728246000016, -23.289870367999981 ], [ -45.814866515, -23.290204233999987 ], [ -45.81494256000002, -23.290518997999982 ], [ -45.815000990999977, -23.29118672800001 ], [ -45.815063067999972, -23.291515716999989 ], [ -45.815089264999983, -23.291627278000021 ], [ -45.815135087999984, -23.291735549999988 ], [ -45.815249963999982, -23.291863939 ], [ -45.815370325, -23.291961700999988 ], [ -45.815719838, -23.292196069999989 ], [ -45.816030631, -23.292359325 ], [ -45.816422102, -23.292598903999988 ], [ -45.817101013000013, -23.292693266000011 ], [ -45.817748784, -23.292678693000024 ], [ -45.818234603, -23.292542178000016 ], [ -45.818526799999972, -23.292504550999976 ], [ -45.819045152, -23.292556494 ], [ -45.819352771000013, -23.29273234 ], [ -45.819637877, -23.293060497999988 ], [ -45.819903211999986, -23.293197696999982 ], [ -45.820424440000011, -23.293404177000017 ], [ -45.820887341, -23.293491335999985 ], [ -45.821339091000027, -23.293447307 ], [ -45.82161048900003, -23.293524070999972 ], [ -45.821838806000017, -23.293805209000027 ], [ -45.821914833, -23.294121776999983 ], [ -45.822111880000023, -23.294401494999981 ], [ -45.822350762999974, -23.294642151 ], [ -45.822571492, -23.29481023 ], [ -45.82307765500002, -23.295239609000021 ], [ -45.823263763999989, -23.295326706000029 ], [ -45.823445019000019, -23.295361320999966 ], [ -45.823676056000011, -23.295350681999988 ], [ -45.823817539, -23.29531778299997 ], [ -45.824030908, -23.295209277000019 ], [ -45.824292432999982, -23.29508891699998 ], [ -45.824537981, -23.294985457999982 ], [ -45.824768878999976, -23.294880853999977 ], [ -45.825309402000016, -23.294697338 ], [ -45.825726530999987, -23.294622910999973 ], [ -45.825974416, -23.294600801 ], [ -45.826713180000013, -23.294635577 ], [ -45.827358183, -23.294511600000014 ], [ -45.827904831000019, -23.294415813 ], [ -45.828787826999985, -23.293819626000019 ], [ -45.829221537000024, -23.293595487 ], [ -45.829412514000012, -23.29343059 ], [ -45.829677765, -23.293218129000032 ], [ -45.829792669000035, -23.293143226999977 ], [ -45.829933711000024, -23.29308230800001 ], [ -45.830078088999983, -23.293051258999984 ], [ -45.830218154000022, -23.293040917999985 ], [ -45.830289269, -23.293055642000013 ], [ -45.830416222999986, -23.293116458999972 ], [ -45.830483952, -23.293154617000024 ], [ -45.830700584, -23.293281961 ], [ -45.830963714, -23.293483251 ], [ -45.831084977999978, -23.293585534 ], [ -45.831235384000024, -23.293698233999972 ], [ -45.831782480000015, -23.294136390999988 ], [ -45.832346280000024, -23.294317332999984 ], [ -45.83251802, -23.294338229000015 ], [ -45.832788601, -23.294305641 ], [ -45.833121688, -23.294227101 ], [ -45.833555078000018, -23.294019208 ], [ -45.833807895000014, -23.293842674000022 ], [ -45.833999168, -23.293763604999974 ], [ -45.834202437999977, -23.293721775999977 ], [ -45.834399825999981, -23.293731348 ], [ -45.834507611, -23.293771970000027 ], [ -45.834609022999985, -23.293838688 ], [ -45.834666541, -23.293899263000014 ], [ -45.834687355000028, -23.293935744 ], [ -45.834707751999986, -23.293993901000025 ], [ -45.834670954999979, -23.294482072 ], [ -45.834610419, -23.294781027999985 ], [ -45.834479206000026, -23.295803401 ], [ -45.834458359999985, -23.296174383 ], [ -45.834495209000011, -23.296647502999971 ], [ -45.834586924, -23.296862229999984 ], [ -45.834659165, -23.296970930999976 ], [ -45.834824194000021, -23.297137172000014 ], [ -45.834927235, -23.297221083000011 ], [ -45.835339450999989, -23.297300139000015 ], [ -45.836886291999974, -23.297276780000011 ], [ -45.837472049999974, -23.297334289999977 ], [ -45.838068002, -23.297573560999975 ], [ -45.838153270000021, -23.297666212000021 ], [ -45.838279675000024, -23.297959203999987 ], [ -45.83838562699998, -23.298400029 ], [ -45.838445101, -23.299070474000022 ], [ -45.838432606000026, -23.299363895 ], [ -45.838458111000023, -23.299512482 ], [ -45.838516165999977, -23.299697743000024 ], [ -45.838653272999977, -23.29994302699998 ], [ -45.83874441, -23.30003577399998 ], [ -45.838925854000024, -23.300111933999975 ], [ -45.839253354, -23.300120925999973 ], [ -45.839614056000016, -23.30003108 ], [ -45.840323063000028, -23.299682236000017 ], [ -45.840520277, -23.299599643000022 ], [ -45.840616451000017, -23.299583152000029 ], [ -45.840723172000025, -23.299577676 ], [ -45.840897610000013, -23.299611256 ], [ -45.841895981, -23.299982698 ], [ -45.842262269, -23.300212765000023 ], [ -45.842534832000013, -23.30048466 ], [ -45.842705204000026, -23.300678989 ], [ -45.842842226000016, -23.300878190999978 ], [ -45.842950944, -23.301074218999986 ], [ -45.843004441, -23.301191643 ], [ -45.843043045, -23.301320568 ], [ -45.843061166999973, -23.301446446 ], [ -45.843059958000033, -23.301560263 ], [ -45.842996595999978, -23.301905251 ], [ -45.842954867, -23.30224426900002 ], [ -45.842951875999972, -23.302501708000012 ], [ -45.842974991, -23.302927618000012 ], [ -45.843050129, -23.303242352 ], [ -45.84323013300002, -23.303495563 ], [ -45.843349483, -23.303647494000014 ], [ -45.843562728999984, -23.303850656000012 ], [ -45.843736173000025, -23.303987210999988 ], [ -45.844238743, -23.304201438 ], [ -45.844580249999979, -23.30429647699998 ], [ -45.845124453999972, -23.304533065999969 ], [ -45.845514938, -23.30472648 ], [ -45.845855831, -23.30490462500001 ], [ -45.846051821, -23.305038836999987 ], [ -45.846174271999985, -23.305233279999971 ], [ -45.846410850999973, -23.305546138000011 ], [ -45.846567591, -23.305941711 ], [ -45.846772024000025, -23.306247718 ], [ -45.846991199, -23.306448261 ], [ -45.847334070999977, -23.306625531 ], [ -45.847591724999972, -23.306655949 ], [ -45.847980432999975, -23.306585515999984 ], [ -45.848264288, -23.306320930000027 ], [ -45.848735401, -23.305829926 ], [ -45.849135514000018, -23.305572660999982 ], [ -45.849544295999976, -23.305373358 ], [ -45.849732945000028, -23.305329463000017 ], [ -45.850111955999978, -23.305356440000025 ], [ -45.850790035999978, -23.305498528999973 ], [ -45.850848161999977, -23.305476892 ], [ -45.85134079300002, -23.304985330000022 ], [ -45.85185842300001, -23.304669445999984 ], [ -45.852630275000024, -23.304460709000015 ], [ -45.853056219, -23.30438635500002 ], [ -45.853987454999981, -23.30443589499998 ], [ -45.854601452999987, -23.304501932999987 ], [ -45.855453940000018, -23.304475191 ], [ -45.855914184000028, -23.304601957999981 ], [ -45.856498342, -23.305000880000019 ], [ -45.856987759, -23.305085658 ], [ -45.857319683000014, -23.305222072999982 ], [ -45.85774677500001, -23.305445867 ], [ -45.857890157999975, -23.305467178000015 ], [ -45.858078407999983, -23.30544404699998 ], [ -45.858658831000014, -23.305271009000023 ], [ -45.858928645, -23.305176929000019 ], [ -45.85947967300001, -23.305057616999985 ], [ -45.859668887, -23.304983904999972 ], [ -45.860029703, -23.304785600999988 ], [ -45.860320100000024, -23.304535554999973 ], [ -45.860610197000028, -23.304352360999989 ], [ -45.860846381999977, -23.304277606000021 ], [ -45.861241012999983, -23.304203624000021 ], [ -45.861465962000011, -23.304102484999984 ], [ -45.86150650899998, -23.303823072 ], [ -45.861537253, -23.303800986 ], [ -45.861653782000019, -23.303486672000023 ], [ -45.861841707, -23.303224114 ], [ -45.861991743864991, -23.303099258949956 ], [ -45.862210484, -23.302915712 ], [ -45.862263706000022, -23.302638312 ], [ -45.862255022, -23.302478258000011 ], [ -45.862340244, -23.302317925000015 ], [ -45.862473277999982, -23.302163791999984 ], [ -45.862709858000017, -23.302016763999973 ], [ -45.86283477500001, -23.301877855999976 ], [ -45.862681418000022, -23.301354063000012 ], [ -45.862735754000035, -23.301274539000023 ], [ -45.863019017999989, -23.301038828 ], [ -45.863088882999989, -23.300914383000013 ], [ -45.863102555000019, -23.300710423 ], [ -45.863061424000023, -23.300405286999986 ], [ -45.863174432, -23.300070134 ], [ -45.863316531, -23.300004687 ], [ -45.863650553000014, -23.299979403 ], [ -45.86379254000002, -23.300022368999979 ], [ -45.864038083000025, -23.300174530999982 ], [ -45.864227312000033, -23.3002535 ], [ -45.864921863, -23.300197938999986 ], [ -45.865253204, -23.300262052 ], [ -45.865450119, -23.30034837199997 ], [ -45.865578293999988, -23.300448932999981 ], [ -45.865759685, -23.300528676 ], [ -45.866154054999981, -23.300570322 ], [ -45.866438444999972, -23.300634571999979 ], [ -45.866672295, -23.300733235999981 ], [ -45.866974653, -23.300675809999969 ], [ -45.867163737, -23.300608411999978 ], [ -45.867980790999979, -23.300180795000021 ], [ -45.868122889, -23.300063846000011 ], [ -45.868185473999972, -23.299961868000022 ], [ -45.868215941000017, -23.299954231000015 ], [ -45.868293185000027, -23.299647404999966 ], [ -45.868220474, -23.29945920799997 ], [ -45.867974211999979, -23.299190493000026 ], [ -45.867950425, -23.299052781 ], [ -45.867973209000013, -23.29898629500002 ], [ -45.868139066000026, -23.298854372 ], [ -45.868468560999986, -23.298707037999971 ], [ -45.868609252, -23.298561155000019 ], [ -45.86863286099998, -23.298451316000019 ], [ -45.868797035999989, -23.298304910000013 ], [ -45.869253561, -23.298112656999987 ], [ -45.870127212999989, -23.297947953 ], [ -45.870742924000012, -23.29792270899997 ], [ -45.871121384999981, -23.298029133 ], [ -45.871597263000012, -23.29836209899997 ], [ -45.871818092000012, -23.298528304 ], [ -45.872054807999973, -23.298527626000013 ], [ -45.872519596000018, -23.298466500000025 ], [ -45.872773139, -23.298661240999987 ], [ -45.872987091000027, -23.29867464799997 ], [ -45.873184284, -23.298643513 ], [ -45.873389539000016, -23.298702854 ], [ -45.87378649599998, -23.29907157600001 ], [ -45.874039185000015, -23.299156982999985 ], [ -45.874191140999983, -23.299447649999987 ], [ -45.874348930999986, -23.299534228000024 ], [ -45.874451653, -23.299636177000025 ], [ -45.874564481, -23.299875615000019 ], [ -45.874635639000019, -23.299940011 ], [ -45.87501561900001, -23.300069940000011 ], [ -45.875263146, -23.300118219 ], [ -45.875646608000011, -23.300167795999979 ], [ -45.876025317000028, -23.30015857 ], [ -45.876513575999979, -23.300097812 ], [ -45.87695406000001, -23.300080548999976 ], [ -45.877395639999975, -23.300005481000024 ], [ -45.877742472000023, -23.299871961 ], [ -45.878024714, -23.299688608 ], [ -45.878277380725123, -23.299458871614284 ] ] ] } },
{ "type": "Feature", "properties": { "id": 10, "regiao": "Macrozona Rural", "populacao": null }, "geometry": { "type": "Polygon", "coordinates": [ [ [ -45.944069110378805, -22.909472750969051 ], [ -45.943888098657858, -22.909529865399811 ], [ -45.94377724056276, -22.909530524014514 ], [ -45.943605395528529, -22.909456826255212 ], [ -45.943444278448489, -22.909476462758882 ], [ -45.943253065400832, -22.909514957407634 ], [ -45.943203258563216, -22.909599302421206 ], [ -45.943163911197402, -22.909739633257459 ], [ -45.94312412118925, -22.909814578972199 ], [ -45.942983480019926, -22.909880792527431 ], [ -45.942914487616427, -22.90988672101151 ], [ -45.942762473503969, -22.909984833135688 ], [ -45.942511564213895, -22.910135758952958 ], [ -45.94232124387878, -22.910304995623438 ], [ -45.942221563906358, -22.910464354696344 ], [ -45.942040872703366, -22.910568164242267 ], [ -45.941930400807607, -22.910624849152651 ], [ -45.941728652431266, -22.910598025794034 ], [ -45.941596672376427, -22.910458719887597 ], [ -45.941353898227746, -22.910329410197761 ], [ -45.941264503302079, -22.910316381789542 ], [ -45.941138970854894, -22.91036377946817 ], [ -45.941092582674884, -22.910433687382021 ], [ -45.94104290311882, -22.910536719681126 ], [ -45.941043934525716, -22.910686141627853 ], [ -45.941034755320047, -22.910816944404502 ], [ -45.940995028355751, -22.910901238079834 ], [ -45.940934557877327, -22.910901596263429 ], [ -45.94079288325873, -22.910818376964386 ], [ -45.940681121884623, -22.910688290385202 ], [ -45.940559739812045, -22.910623630323474 ], [ -45.940407800650071, -22.910512461032774 ], [ -45.94029674836154, -22.9104850989232 ], [ -45.939983368838938, -22.910346865189652 ], [ -45.939756282267801, -22.910309115090008 ], [ -45.939741782405143, -22.910528253093194 ], [ -45.939765206530083, -22.910698480452407 ], [ -45.939541457894229, -22.911104125968755 ], [ -45.939467067981262, -22.911267859235092 ], [ -45.939233690550488, -22.911494722692876 ], [ -45.93914241280676, -22.911643001325661 ], [ -45.939207701266, -22.911770139105819 ], [ -45.939529875452969, -22.911858416538315 ], [ -45.939764904591726, -22.911963079352088 ], [ -45.939858650512562, -22.912121961036249 ], [ -45.939846593375925, -22.912293735091026 ], [ -45.939727032639944, -22.912463742427654 ], [ -45.93958594209014, -22.912458040329728 ], [ -45.939559839948977, -22.912437163582076 ], [ -45.939481654089839, -22.912365698548445 ], [ -45.93944818963773, -22.912340207461167 ], [ -45.939402449054356, -22.912313289499423 ], [ -45.939253443107965, -22.912264291968519 ], [ -45.939214456431671, -22.912243964059584 ], [ -45.939092135472322, -22.912208728017163 ], [ -45.939025374002107, -22.912183433642817 ], [ -45.938925032347186, -22.912117229868105 ], [ -45.938852677923023, -22.912086828870425 ], [ -45.938791429047207, -22.912056362207302 ], [ -45.938696847816132, -22.912020961912734 ], [ -45.938630051119311, -22.911990527968552 ], [ -45.938552194070496, -22.911965298984875 ], [ -45.938413361515963, -22.91195070033374 ], [ -45.938319063287558, -22.911956396972609 ], [ -45.938202502774864, -22.911951945791778 ], [ -45.938041514119377, -22.911942626303702 ], [ -45.937980477590301, -22.911942986717765 ], [ -45.937930572161193, -22.911948411966179 ], [ -45.937836415268443, -22.911974656886837 ], [ -45.937794701684091, -22.911978859469347 ], [ -45.937677787623798, -22.911988221015097 ], [ -45.937591327623622, -22.911993735470652 ], [ -45.937478080840705, -22.91203444585307 ], [ -45.937397341888364, -22.912084972540669 ], [ -45.937343733843186, -22.912150351502063 ], [ -45.937306546892984, -22.912245667285177 ], [ -45.937280207384667, -22.912345923213707 ], [ -45.937264808796492, -22.912466140102541 ], [ -45.937227759326767, -22.912581471547444 ], [ -45.937164232523038, -22.912777043214433 ], [ -45.937063965463466, -22.913132990605202 ], [ -45.936993324159964, -22.913336236814867 ], [ -45.936966743410068, -22.913401456227486 ], [ -45.936891989964863, -22.913537035509979 ], [ -45.936827808734492, -22.913637514521216 ], [ -45.93674765331869, -22.913773125633295 ], [ -45.936656777980708, -22.913923812253362 ], [ -45.936576450261434, -22.914034394624547 ], [ -45.936501111523732, -22.914084889078683 ], [ -45.936447124073482, -22.91409521561468 ], [ -45.936387622020014, -22.914090562239164 ], [ -45.936344310254654, -22.914080809314832 ], [ -45.936268249490574, -22.914026203282177 ], [ -45.936170562460212, -22.913971724671413 ], [ -45.936062131017266, -22.913927317561711 ], [ -45.935932323642788, -22.913918074219072 ], [ -45.935851239383467, -22.913918551928347 ], [ -45.935775625581329, -22.913929005650044 ], [ -45.935564930272079, -22.913950263221246 ], [ -45.935381228599738, -22.913966357434642 ], [ -45.935273287980543, -22.913992022679111 ], [ -45.935051950936511, -22.914038371881361 ], [ -45.934830623512866, -22.914084720722297 ], [ -45.934658009330484, -22.91414079087567 ], [ -45.934534083857059, -22.914201578553822 ], [ -45.934383370254707, -22.914297561587112 ], [ -45.934265061840655, -22.914388349760028 ], [ -45.934044581193149, -22.914559822749119 ], [ -45.933906817517986, -22.914684489370266 ], [ -45.933837084902223, -22.914764983373697 ], [ -45.933702619508793, -22.914865874416741 ], [ -45.933562855033379, -22.914981817863737 ], [ -45.933498396429606, -22.915042255233672 ], [ -45.933423432963131, -22.915147800430873 ], [ -45.933386276803255, -22.9152481193364 ], [ -45.933349566133145, -22.915413507261309 ], [ -45.93334508961653, -22.915548662959935 ], [ -45.933340877640504, -22.915723868190103 ], [ -45.93334728305252, -22.915868977250224 ], [ -45.933358987523157, -22.915999042759609 ], [ -45.933354295670632, -22.916104175001863 ], [ -45.933327781199729, -22.916179401704838 ], [ -45.933268758080757, -22.916244820168309 ], [ -45.933182466421627, -22.916275351932558 ], [ -45.9330472208012, -22.916261134081765 ], [ -45.932857908341738, -22.916247233709463 ], [ -45.932739073681908, -22.916262943957427 ], [ -45.932577063772399, -22.916288924940751 ], [ -45.932388230611274, -22.9163450879423 ], [ -45.932242650834318, -22.916400996855103 ], [ -45.932070203746804, -22.916482092962841 ], [ -45.931887089612474, -22.916583267977408 ], [ -45.931768836213081, -22.916684062327196 ], [ -45.931655891602198, -22.916769813040133 ], [ -45.931591431307709, -22.916830249678497 ], [ -45.931511029392553, -22.916930821789567 ], [ -45.931461093776321, -22.917003484756695 ], [ -45.931416593397849, -22.917078157241527 ], [ -45.931331775417412, -22.917223178099963 ], [ -45.931168902726469, -22.917361430335085 ], [ -45.931044588047982, -22.917434420868883 ], [ -45.930888774983373, -22.917464238849092 ], [ -45.930670656343977, -22.917508874135812 ], [ -45.930452784178833, -22.91758963857308 ], [ -45.930270238864793, -22.917680258221683 ], [ -45.930180751857364, -22.917735755450646 ], [ -45.929924270702621, -22.917874554698173 ], [ -45.929745350986082, -22.917947863918439 ], [ -45.92962073923934, -22.917977498018985 ], [ -45.929495930339023, -22.91797822850873 ], [ -45.929402422189227, -22.917993228086718 ], [ -45.929293460712806, -22.918029996542032 ], [ -45.9291692921757, -22.918124663266479 ], [ -45.92911224694533, -22.918200275677712 ], [ -45.929091654054623, -22.918334938495192 ], [ -45.92910342819625, -22.91848436111508 ], [ -45.929152738295372, -22.918618605952634 ], [ -45.929228873199989, -22.918742739803221 ], [ -45.929283033130162, -22.918788805907354 ], [ -45.929385229454532, -22.918903826694933 ], [ -45.929456075628337, -22.918997352380778 ], [ -45.929495768696604, -22.919098286486911 ], [ -45.929543361013842, -22.919213626729555 ], [ -45.929544149636556, -22.9193292409051 ], [ -45.929513355541296, -22.919453639063882 ], [ -45.929475521034817, -22.919560880122997 ], [ -45.929399485792928, -22.919850372049922 ], [ -45.929400471412876, -22.919994889763629 ], [ -45.929401457077752, -22.920139407440008 ], [ -45.929356082100725, -22.920349232006725 ], [ -45.929294809946647, -22.920515792543252 ], [ -45.929225638366113, -22.920667946931591 ], [ -45.929040244039633, -22.920936400001672 ], [ -45.928846703509791, -22.921154317314528 ], [ -45.928645164569112, -22.921343376445478 ], [ -45.928458734268482, -22.921460085291166 ], [ -45.928311012125512, -22.921533210641673 ], [ -45.928061830618901, -22.921599702609168 ], [ -45.927648488228442, -22.921616570024909 ], [ -45.927469119690755, -22.921624843873307 ], [ -45.927383163676375, -22.92160366732638 ], [ -45.927023541656219, -22.921490148218538 ], [ -45.926734372786839, -22.921412348046996 ], [ -45.926531307348142, -22.921377402022074 ], [ -45.926390893666927, -22.92137822119993 ], [ -45.926242875712909, -22.921407989281722 ], [ -45.926157312880719, -22.921444619222097 ], [ -45.926009884078553, -22.921561097784121 ], [ -45.925823991183876, -22.921757288404297 ], [ -45.925599486453258, -22.922011513300401 ], [ -45.925406036913941, -22.922243878404636 ], [ -45.925204442448525, -22.922425707477306 ], [ -45.925033756433045, -22.922563999223463 ], [ -45.924886276368213, -22.922673250887765 ], [ -45.924769509038526, -22.922710061814854 ], [ -45.924683748854456, -22.922717787389264 ], [ -45.924558543138566, -22.922660706996911 ], [ -45.924300135162333, -22.922517687735247 ], [ -45.924096284449014, -22.922367124361536 ], [ -45.923845580306057, -22.922209607135581 ], [ -45.923650021202128, -22.922131256722881 ], [ -45.923517211552998, -22.922103124394631 ], [ -45.923384499855828, -22.922089443780159 ], [ -45.923080317352756, -22.922098438377066 ], [ -45.922854534377578, -22.922164786282192 ], [ -45.922652349327109, -22.922259901456645 ], [ -45.922520762783243, -22.922412415748763 ], [ -45.922344034043547, -22.922810882288591 ], [ -45.922305763473894, -22.922919497281271 ], [ -45.922236289390796, -22.923028293490081 ], [ -45.922120156690447, -22.923159039152871 ], [ -45.921988568741021, -22.923311553034488 ], [ -45.921903590224638, -22.9234348914901 ], [ -45.921857958255202, -22.923608584736403 ], [ -45.921858838309433, -22.923738650895103 ], [ -45.921890970877982, -22.923875761774976 ], [ -45.921977758880047, -22.924019781505528 ], [ -45.922166252586408, -22.92420656763888 ], [ -45.922409304461517, -22.924385810442605 ], [ -45.922566252938736, -22.924522196035021 ], [ -45.922652748460486, -22.924622859976903 ], [ -45.922708236029628, -22.924752608776416 ], [ -45.922748121770674, -22.924882448219837 ], [ -45.922741005966763, -22.924983656080446 ], [ -45.922694787391407, -22.925070638779609 ], [ -45.922601713914268, -22.925150667559794 ], [ -45.922500545741805, -22.925187386241035 ], [ -45.922360225855662, -22.925202653773432 ], [ -45.922188653025756, -22.925210876501986 ], [ -45.921962473257437, -22.925219416093146 ], [ -45.92186905696154, -22.925248863203525 ], [ -45.921799141408229, -22.925292626190021 ], [ -45.921784028337783, -22.925364975694691 ], [ -45.921792464920699, -22.925458867075633 ], [ -45.921847560886128, -22.925530809009881 ], [ -45.921925962127716, -22.925588163247657 ], [ -45.92205887273812, -22.925630748551136 ], [ -45.922238687353712, -22.925687513674596 ], [ -45.922379643809371, -22.92576618288297 ], [ -45.922489347358784, -22.925837807344223 ], [ -45.922568140519232, -22.925952968401962 ], [ -45.92261602333101, -22.926111666100237 ], [ -45.922648499886527, -22.9262993580166 ], [ -45.922657818081873, -22.926523315368673 ], [ -45.922682885265104, -22.926768859707757 ], [ -45.922683521525514, -22.926862796301673 ], [ -45.922644907624509, -22.926920830115201 ], [ -45.92259049579561, -22.926950051008106 ], [ -45.922512484917966, -22.926950504256045 ], [ -45.922301659864985, -22.926922824351671 ], [ -45.92205168274814, -22.926873692986657 ], [ -45.921848707885523, -22.92685319301286 ], [ -45.921607118729753, -22.926890726387416 ], [ -45.921326670577209, -22.926950163413711 ], [ -45.921069967470238, -22.927060045443657 ], [ -45.920875477377237, -22.927140661560529 ], [ -45.920572406322876, -22.927315847334395 ], [ -45.920417018772852, -22.927410688539037 ], [ -45.920292640229576, -22.927476445137653 ], [ -45.920160167589565, -22.927498891468154 ], [ -45.920054941174072, -22.92752130626015 ], [ -45.919809263403238, -22.927522603253241 ], [ -45.91970799509879, -22.927544868428999 ], [ -45.919536711760195, -22.927596443783248 ], [ -45.919412332599521, -22.927662199709996 ], [ -45.919403995000543, -22.927582760012033 ], [ -45.919332760731699, -22.92743142266562 ], [ -45.919249588028499, -22.92723348233185 ], [ -45.91920350519959, -22.927125690616773 ], [ -45.919181613954024, -22.926998726883678 ], [ -45.919150214537638, -22.926970003930855 ], [ -45.91905630891079, -22.926927190434547 ], [ -45.918923202887733, -22.926855698997251 ], [ -45.918844902797183, -22.926791586204029 ], [ -45.918681188530918, -22.926614859765373 ], [ -45.918510266067294, -22.926374187009507 ], [ -45.918374218274046, -22.92616996712383 ], [ -45.918262751637918, -22.925972505977718 ], [ -45.918143200291972, -22.925718474328626 ], [ -45.917936575981336, -22.925156026558913 ], [ -45.917827452774183, -22.924860356641346 ], [ -45.917778034190611, -22.92471308358185 ], [ -45.917585840202975, -22.924359813119224 ], [ -45.917501487117235, -22.924262494116082 ], [ -45.91739263634269, -22.924159093028017 ], [ -45.916952269695607, -22.923795964385562 ], [ -45.916818681585376, -22.923652211976176 ], [ -45.916755836739171, -22.923587539097127 ], [ -45.91666973503321, -22.92354467903392 ], [ -45.916575978366595, -22.923523541658721 ], [ -45.916419960269486, -22.923524442148452 ], [ -45.916388708047528, -22.923517396301808 ], [ -45.91632600925778, -22.923474400987516 ], [ -45.916257563103372, -22.923427952164644 ], [ -45.916160658606564, -22.923305566704823 ], [ -45.916098034051053, -22.923215573538947 ], [ -45.916034323981577, -22.923133815413269 ], [ -45.915883541791324, -22.922870531765 ], [ -45.91582377774715, -22.922654759161105 ], [ -45.915802366807355, -22.922360722490193 ], [ -45.915833465075487, -22.922154849628186 ], [ -45.915901864279469, -22.921741812554977 ], [ -45.915862351183577, -22.921645986300891 ], [ -45.915758711329204, -22.921439616820468 ], [ -45.915724318736203, -22.921352622126378 ], [ -45.915691078834101, -22.921226743839753 ], [ -45.915644647659605, -22.921064919023664 ], [ -45.915611690314215, -22.9209810684346 ], [ -45.915494796336802, -22.920939713005517 ], [ -45.915326026151526, -22.920892667783896 ], [ -45.915085996163846, -22.920846023987007 ], [ -45.914365739639969, -22.920826461656457 ], [ -45.914267833314391, -22.92078966588879 ], [ -45.91414545162332, -22.920677343669006 ], [ -45.914101726881491, -22.92058287803447 ], [ -45.914060235921724, -22.920536480773769 ], [ -45.913965817145304, -22.920518037351183 ], [ -45.913888003608484, -22.920547389944481 ], [ -45.913818378426633, -22.92063450494808 ], [ -45.913601410962585, -22.92085253909357 ], [ -45.913495389928116, -22.920908573916751 ], [ -45.913344406200387, -22.920909442311157 ], [ -45.913197768373394, -22.920876367651452 ], [ -45.91312905596277, -22.920864044629887 ], [ -45.913032752612985, -22.920830680385798 ], [ -45.91298682097807, -22.920805508228888 ], [ -45.912904105057542, -22.920750874956752 ], [ -45.91275695630641, -22.92064148513882 ], [ -45.912654828813089, -22.920601867323132 ], [ -45.912509187150583, -22.920536918734584 ], [ -45.912446991688384, -22.920525018656654 ], [ -45.912336975572778, -22.920543662029434 ], [ -45.912171937226042, -22.920571708278445 ], [ -45.912075584529532, -22.920576073509508 ], [ -45.912045558185405, -22.920585965180738 ], [ -45.91196473418001, -22.920676982623821 ], [ -45.911949960070167, -22.920844417152605 ], [ -45.91199822673029, -22.921425397201638 ], [ -45.912030300488063, -22.921555284553531 ], [ -45.912054573483537, -22.921685216697984 ], [ -45.912054960422665, -22.921743024052965 ], [ -45.91204191196784, -22.921814249929632 ], [ -45.912032186728673, -22.921837095394512 ], [ -45.911962608064407, -22.921931435532183 ], [ -45.911846127653021, -22.922011592568332 ], [ -45.911729405310872, -22.922055619907145 ], [ -45.91163589206424, -22.922070609169577 ], [ -45.911589280444602, -22.922099781540403 ], [ -45.911553492971898, -22.922126055459149 ], [ -45.91158359652956, -22.922204901122395 ], [ -45.911655750519088, -22.922336554697075 ], [ -45.91166915152602, -22.922402516152594 ], [ -45.911638599397179, -22.922475260639089 ], [ -45.911498909093488, -22.922584455465362 ], [ -45.911211437002471, -22.922759533974947 ], [ -45.911196125203332, -22.92280297902176 ], [ -45.911196753385092, -22.922896915965651 ], [ -45.911170908417823, -22.922935751508522 ], [ -45.911109243916435, -22.922964034568409 ], [ -45.910960277433553, -22.922970895992535 ], [ -45.910729618256156, -22.923036893496672 ], [ -45.910698559593477, -22.923058750199996 ], [ -45.910621275103296, -22.923167586365945 ], [ -45.910590795913151, -22.923276154100549 ], [ -45.910591230517475, -22.923341187371392 ], [ -45.910607266982765, -22.923406131206896 ], [ -45.910665745071711, -22.923494867743596 ], [ -45.910702181971033, -22.923600694196235 ], [ -45.910686869923175, -22.923644139197691 ], [ -45.910640354158133, -22.923687763148994 ], [ -45.910568123741506, -22.923795612811727 ], [ -45.910499636643813, -22.923817196363959 ], [ -45.910358022773046, -22.923851926237791 ], [ -45.910188615871597, -22.923839790838489 ], [ -45.910006894091708, -22.923792805235635 ], [ -45.909747025558502, -22.923686235498639 ], [ -45.909597497097295, -22.923609049173823 ], [ -45.909404263215272, -22.923543665839876 ], [ -45.909126009803899, -22.923551916282442 ], [ -45.908869180505413, -22.923580647307052 ], [ -45.908626368011063, -22.923535400786804 ], [ -45.908511732529099, -22.923497893297053 ], [ -45.908433844326758, -22.923481384433348 ], [ -45.908319463354644, -22.92348203875418 ], [ -45.908189610034249, -22.923513917356164 ], [ -45.908055095754953, -22.923545840562848 ], [ -45.907925522413265, -22.923546581478529 ], [ -45.90782806240702, -22.923505118322325 ], [ -45.907762835776673, -22.923439452748802 ], [ -45.907711273291191, -22.923343377084009 ], [ -45.907703804074465, -22.923331731392643 ], [ -45.9076728683361, -22.923265273614199 ], [ -45.907654000655349, -22.923180591022689 ], [ -45.907644148063611, -22.923074657023019 ], [ -45.90765553708161, -22.922975005851217 ], [ -45.90767778446471, -22.922801449865791 ], [ -45.907668660300871, -22.922633592165603 ], [ -45.90765434748338, -22.92254464715878 ], [ -45.907589756063011, -22.922464462261324 ], [ -45.907360445369001, -22.922361155309758 ], [ -45.907190665783595, -22.922283946822702 ], [ -45.907112416708379, -22.922248262826848 ], [ -45.907066618604972, -22.922234270741608 ], [ -45.906915238089454, -22.922175781118643 ], [ -45.90681430547717, -22.92213395775779 ], [ -45.906708761733853, -22.922087924287233 ], [ -45.906644481446456, -22.922054382334633 ], [ -45.906572667539557, -22.922027332748552 ], [ -45.906516033638717, -22.922004234097688 ], [ -45.906419589978611, -22.921949675769909 ], [ -45.906306525778568, -22.921891553988594 ], [ -45.906052211809552, -22.921748264289455 ], [ -45.905827236734609, -22.921630839220459 ], [ -45.905616066239993, -22.921526053244961 ], [ -45.905417153033682, -22.921441737541706 ], [ -45.905273503228344, -22.921398837937108 ], [ -45.90507824306713, -22.921363819862147 ], [ -45.9049377805662, -22.921357394121085 ], [ -45.9047428292861, -22.921361530887285 ], [ -45.90446437229275, -22.921381128373493 ], [ -45.904212449472389, -22.921383204281163 ], [ -45.903965639834965, -22.921401979377922 ], [ -45.903690130705527, -22.921436760868808 ], [ -45.903487549155294, -22.921474044585437 ], [ -45.903253716273866, -22.921504279576684 ], [ -45.903151912393554, -22.921517612824264 ], [ -45.903066305112105, -22.921476440566167 ], [ -45.903011699412502, -22.921476751083329 ], [ -45.902910432417656, -22.921499005505122 ], [ -45.902832759377596, -22.921550030568486 ], [ -45.902708472816776, -22.921630225416717 ], [ -45.902545181969877, -22.921710641855132 ], [ -45.902365954276704, -22.921740565197418 ], [ -45.902194192439588, -22.921719862464538 ], [ -45.902108144061096, -22.921684220231668 ], [ -45.902038698228232, -22.921618485851468 ], [ -45.901909691240242, -22.921483555516669 ], [ -45.901691422349138, -22.92128703165011 ], [ -45.901456714279036, -22.9211363517291 ], [ -45.901207273027595, -22.921118464415429 ], [ -45.901035227605881, -22.921100453774685 ], [ -45.900866828580305, -22.921107415944331 ], [ -45.900778181267832, -22.921113672670131 ], [ -45.900513145076381, -22.921144080614827 ], [ -45.900450834150739, -22.921158886333899 ], [ -45.900232889016316, -22.921232384077982 ], [ -45.900201781255888, -22.92124701284737 ], [ -45.9000151822775, -22.921342011266248 ], [ -45.899886725852667, -22.921389041169036 ], [ -45.899704026584743, -22.921436712528322 ], [ -45.899612625123929, -22.921454184845775 ], [ -45.899521261408324, -22.921475902269115 ], [ -45.899423031774994, -22.921470885432939 ], [ -45.899376373898299, -22.921475702174209 ], [ -45.899025336784895, -22.921477689838479 ], [ -45.898782773675791, -22.921469253269617 ], [ -45.898565092248077, -22.92148979717733 ], [ -45.898316138316019, -22.921582870171001 ], [ -45.898129680375966, -22.921699544251016 ], [ -45.897935754616235, -22.921866843845596 ], [ -45.897734265544365, -22.922070317071213 ], [ -45.897587048763555, -22.922222899759532 ], [ -45.897377329429617, -22.922361383134565 ], [ -45.897019725846633, -22.922551285151968 ], [ -45.896903360391256, -22.922595561687181 ], [ -45.896786792974474, -22.922718803733709 ], [ -45.896717440860094, -22.92284926729463 ], [ -45.896601378217561, -22.922994446974787 ], [ -45.896461769938902, -22.923118080865063 ], [ -45.896353032367863, -22.923190956841001 ], [ -45.896228692811775, -22.9232639208374 ], [ -45.896096409625621, -22.923315250860909 ], [ -45.895847207235249, -22.923381692901899 ], [ -45.895722487217839, -22.923396848876123 ], [ -45.895557931129552, -22.923410377727002 ], [ -45.89531021768839, -22.923414096003764 ], [ -45.89520743509442, -22.923370848445707 ], [ -45.895136941788522, -22.923327888525133 ], [ -45.895003993558646, -22.92327805436037 ], [ -45.894847785012317, -22.923250029803675 ], [ -45.894754173778999, -22.923250557301802 ], [ -45.894645197908822, -22.923287302393057 ], [ -45.894544070379638, -22.923331229435725 ], [ -45.894373161170599, -22.923440585394477 ], [ -45.894280024083223, -22.923513372149763 ], [ -45.894015455505219, -22.923616028970095 ], [ -45.893928686955519, -22.923633986843836 ], [ -45.893825074452948, -22.923602440503068 ], [ -45.893609642031734, -22.923544298620801 ], [ -45.893527061024862, -22.923510845220584 ], [ -45.893398838718475, -22.923494612154759 ], [ -45.893147171662271, -22.923491782440355 ], [ -45.892954004104645, -22.923542512946032 ], [ -45.892868525077191, -22.923593577145176 ], [ -45.892728675959852, -22.923681078072715 ], [ -45.892595473876654, -22.923787420031612 ], [ -45.892511290312981, -22.923841276931871 ], [ -45.892299043396811, -22.923937476506794 ], [ -45.892168851806133, -22.923966047037197 ], [ -45.892036518982636, -22.924010147838139 ], [ -45.891919693436172, -22.924039708946506 ], [ -45.891834166357697, -22.924083546667624 ], [ -45.891694316051023, -22.924171046715617 ], [ -45.891663301236136, -22.924200125772689 ], [ -45.89155427645489, -22.924229642813074 ], [ -45.891414094861268, -22.924266560933177 ], [ -45.891195666811285, -22.924267787004815 ], [ -45.890571539425729, -22.924264062365026 ], [ -45.890378721614148, -22.924246274180444 ], [ -45.890223198632178, -22.924241139337902 ], [ -45.889978521596191, -22.92424570849365 ], [ -45.889791533472724, -22.924282887492581 ], [ -45.88967480152013, -22.924326898928431 ], [ -45.889480200903364, -22.924393025156462 ], [ -45.889379117913862, -22.924444174926819 ], [ -45.889231275932111, -22.924502812707555 ], [ -45.889106789713395, -22.924554093368283 ], [ -45.888857345583645, -22.924584394775238 ], [ -45.888592204976987, -22.924600331178986 ], [ -45.888317469039187, -22.924607342251687 ], [ -45.888217849934058, -22.924616878100739 ], [ -45.887999609563281, -22.92464700361737 ], [ -45.887920248014446, -22.924636120309149 ], [ -45.887846851763008, -22.924606857992774 ], [ -45.887710265191963, -22.924540228043259 ], [ -45.887624595168965, -22.924562385632981 ], [ -45.88748527667228, -22.924652688277259 ], [ -45.887368934661538, -22.924695358989286 ], [ -45.887297594068983, -22.924683753079464 ], [ -45.887206535677194, -22.924630227747603 ], [ -45.887096316728808, -22.92461883897063 ], [ -45.887050599243722, -22.924590108172676 ], [ -45.886950019519638, -22.924603388176092 ], [ -45.886904238877214, -22.92459940750372 ], [ -45.886805205163682, -22.924523606455899 ], [ -45.886742843986625, -22.924531180969545 ], [ -45.886618403759172, -22.924589685659353 ], [ -45.886555901473336, -22.924575582181152 ], [ -45.886482836151885, -22.924529688042981 ], [ -45.886400063045755, -22.924466550254937 ], [ -45.886344639288467, -22.924386305252018 ], [ -45.886234223513995, -22.924293648968963 ], [ -45.88616986412098, -22.924247371852658 ], [ -45.886085489953594, -22.924216896359692 ], [ -45.885983982859536, -22.924203010302499 ], [ -45.885796523762252, -22.924167924970561 ], [ -45.885576820639152, -22.924093022061768 ], [ -45.885429078056667, -22.92404712836041 ], [ -45.885241854048537, -22.924048172197008 ], [ -45.885179539926305, -22.924062972046386 ], [ -45.885023942315726, -22.924128875430988 ], [ -45.884806640383161, -22.924303515981681 ], [ -45.884697989206821, -22.924390836133394 ], [ -45.884600718404869, -22.924434654132384 ], [ -45.884393357421288, -22.924429802391643 ], [ -45.884327959188681, -22.924400674538369 ], [ -45.884030317521393, -22.924395801167311 ], [ -45.883785269492911, -22.924395918687367 ], [ -45.88375411226508, -22.924403318316642 ], [ -45.883613693838711, -22.92440409977096 ], [ -45.883510502739497, -22.924410220081807 ], [ -45.883401721055712, -22.924375290306745 ], [ -45.883304306241214, -22.9243398094467 ], [ -45.883050661772927, -22.924197671032136 ], [ -45.882980312159134, -22.924176383518741 ], [ -45.882902114707605, -22.924147913391206 ], [ -45.882823964110536, -22.924126669216481 ], [ -45.882738152999003, -22.924127146244167 ], [ -45.882614218546564, -22.924178147829931 ], [ -45.882536377758463, -22.924170098672125 ], [ -45.882467501208936, -22.924132326935425 ], [ -45.882375610962363, -22.924073483078196 ], [ -45.882281552744459, -22.924033728477927 ], [ -45.881980706398267, -22.924015735359028 ], [ -45.881738594596449, -22.923973722498882 ], [ -45.881518671619958, -22.923870497329869 ], [ -45.881320998038213, -22.92372744916446 ], [ -45.881244981353021, -22.923644055745832 ], [ -45.88114573897478, -22.923600347989165 ], [ -45.881022218008503, -22.923942604979398 ], [ -45.880994001998822, -22.924196954007364 ], [ -45.881024206003858, -22.924353760998702 ], [ -45.881279266002643, -22.924845819994687 ], [ -45.881661244974431, -22.925487216985864 ], [ -45.882226518973994, -22.926237300002111 ], [ -45.882779203006564, -22.926931155000911 ], [ -45.882918669006123, -22.927139427006999 ], [ -45.883179840006818, -22.927515021992534 ], [ -45.883410457990202, -22.927907288997694 ], [ -45.883577687982545, -22.92829853000168 ], [ -45.883645417987772, -22.928483050977754 ], [ -45.883690257990338, -22.928691596979029 ], [ -45.883719542002154, -22.929104096992752 ], [ -45.883742688992456, -22.929324940982475 ], [ -45.88382155600285, -22.929487956002074 ], [ -45.88401502000346, -22.929678125992673 ], [ -45.88427526398003, -22.929896483985864 ], [ -45.884475619982162, -22.930031646992344 ], [ -45.884885430993791, -22.930233450004096 ], [ -45.885349421009145, -22.930355709988337 ], [ -45.885741803990946, -22.93039548999116 ], [ -45.886008037986969, -22.930399796988397 ], [ -45.886311322988675, -22.930508612978183 ], [ -45.886643341976836, -22.930697406007646 ], [ -45.886991995984133, -22.930935259977741 ], [ -45.887326487996162, -22.931199990993196 ], [ -45.887719430985634, -22.931520784005855 ], [ -45.888098684005868, -22.93179165898238 ], [ -45.888368878001586, -22.932000230981402 ], [ -45.888690537977638, -22.932221380999813 ], [ -45.889186929998893, -22.932540226986614 ], [ -45.889821139993963, -22.933000446999571 ], [ -45.890638269974112, -22.933745528994141 ], [ -45.890802049005877, -22.933803290999034 ], [ -45.890972994993824, -22.933843096979174 ], [ -45.891180568979102, -22.933854580004677 ], [ -45.891401779007168, -22.933867186983868 ], [ -45.891808880002543, -22.933851169005983 ], [ -45.892355429992328, -22.933889807001556 ], [ -45.89276184199845, -22.933962324008533 ], [ -45.893339512995958, -22.934109887995184 ], [ -45.893576327982402, -22.934122742990198 ], [ -45.893738423008408, -22.934114514980472 ], [ -45.893926536006937, -22.934071466993164 ], [ -45.894483752978253, -22.933802153977016 ], [ -45.894690445991223, -22.933756694007293 ], [ -45.895398540999075, -22.933660583990953 ], [ -45.895561295000611, -22.933721034995223 ], [ -45.895599864005192, -22.933745150001265 ], [ -45.895632342984896, -22.933781816006533 ], [ -45.895670300973741, -22.933838447981863 ], [ -45.895681069977542, -22.933888317976692 ], [ -45.895681713999018, -22.933957902004433 ], [ -45.895677584002961, -22.934021988997632 ], [ -45.895664624993444, -22.934088643974896 ], [ -45.895636970007281, -22.934158675979504 ], [ -45.8955782509776, -22.934272481975313 ], [ -45.895486355975194, -22.934386656978759 ], [ -45.895428263980797, -22.934467041998762 ], [ -45.895258338986899, -22.934736275001061 ], [ -45.895086477995115, -22.935108483994355 ], [ -45.894995597001568, -22.935480189978847 ], [ -45.894916411974066, -22.935696671991032 ], [ -45.894730758973488, -22.936075885991649 ], [ -45.894599482994408, -22.936468626981007 ], [ -45.894507217006726, -22.93686199597472 ], [ -45.894439330987481, -22.937255757989746 ], [ -45.894409786992547, -22.937633874007126 ], [ -45.894373143979408, -22.938026332983419 ], [ -45.894383584994706, -22.938405093995769 ], [ -45.894401573985157, -22.938797529997181 ], [ -45.8943815269742, -22.939189351976019 ], [ -45.894376092004904, -22.939582313995263 ], [ -45.894338744984722, -22.939960303974338 ], [ -45.894247721973805, -22.940339235986837 ], [ -45.894178199001203, -22.940664301008177 ], [ -45.893953604998394, -22.941350096993482 ], [ -45.893845916996248, -22.941629367998473 ], [ -45.893690670001583, -22.941843718987158 ], [ -45.893520218972554, -22.94198463597677 ], [ -45.892762078004715, -22.942301302977942 ], [ -45.892411126001726, -22.942442921983961 ], [ -45.891975595997103, -22.942724130006034 ], [ -45.8913710229995, -22.943226691984822 ], [ -45.890954400999348, -22.943695239997588 ], [ -45.890703890005156, -22.943890882002407 ], [ -45.890202614989569, -22.944191805983358 ], [ -45.889798171992069, -22.944375925997512 ], [ -45.889278089984003, -22.944535587979246 ], [ -45.889134037976625, -22.944569404005229 ], [ -45.888988158975536, -22.944648367002042 ], [ -45.888865296986395, -22.94474848497666 ], [ -45.888795408991477, -22.944833193978052 ], [ -45.888758838985574, -22.944961811975411 ], [ -45.888742150972931, -22.945070873995959 ], [ -45.888753660982921, -22.945184907996957 ], [ -45.888782455996164, -22.945313679002197 ], [ -45.88893591497478, -22.94571282200133 ], [ -45.889030576994919, -22.946073968003766 ], [ -45.889060709980939, -22.946390701002144 ], [ -45.889061984972315, -22.946633780005264 ], [ -45.889030331978013, -22.946812172984629 ], [ -45.889005545995502, -22.946884960987557 ], [ -45.888928766002486, -22.947024675982842 ], [ -45.888810817999513, -22.947174569008425 ], [ -45.888686705997777, -22.947289122999035 ], [ -45.888540637973506, -22.947378021981709 ], [ -45.888318816000584, -22.947448530007581 ], [ -45.887954300006157, -22.947480589007931 ], [ -45.887386027993742, -22.947556337976252 ], [ -45.886860441985434, -22.947748431996377 ], [ -45.886704124983382, -22.947863366998785 ], [ -45.886482127985865, -22.948098316990482 ], [ -45.886183433000433, -22.948675379977669 ], [ -45.885950922995619, -22.949053826003926 ], [ -45.885615804007998, -22.949544459997728 ], [ -45.885234406002787, -22.949953926976775 ], [ -45.884780927997902, -22.950305303979928 ], [ -45.884404626008042, -22.950496190980882 ], [ -45.884001851002587, -22.950693876002887 ], [ -45.882973339989952, -22.950909440995648 ], [ -45.882810938973385, -22.950984517004226 ], [ -45.882642278993991, -22.95113268099777 ], [ -45.88260802497534, -22.95118995397721 ], [ -45.882589257988727, -22.951253802989726 ], [ -45.882626142985046, -22.951418847993541 ], [ -45.883186036976099, -22.951942943008159 ], [ -45.883870192986649, -22.952603677980193 ], [ -45.884236516987137, -22.952993620003276 ], [ -45.884796159981796, -22.953428252997401 ], [ -45.885122949999626, -22.953690150984951 ], [ -45.885783470992507, -22.954104727001432 ], [ -45.886040585992369, -22.95438808498109 ], [ -45.886558370004778, -22.955232249979897 ], [ -45.887122381975757, -22.956108784982867 ], [ -45.887375847986839, -22.956637849993143 ], [ -45.887518931982569, -22.957070256990882 ], [ -45.887646471001922, -22.957602706981408 ], [ -45.88767600900033, -22.957795642003827 ], [ -45.887645687998244, -22.958161996982316 ], [ -45.887569430977514, -22.95848062398446 ], [ -45.887395206990604, -22.958820256007293 ], [ -45.887012453978386, -22.959404091983693 ], [ -45.886725009978065, -22.95974550799983 ], [ -45.886452246988519, -22.960084448997652 ], [ -45.886083201002819, -22.960561884993691 ], [ -45.885897733990689, -22.960773029004564 ], [ -45.885700616003248, -22.961032775977777 ], [ -45.885569507981948, -22.961155346006116 ], [ -45.885498304999281, -22.961205696981839 ], [ -45.885347989998046, -22.961260189985733 ], [ -45.88511010800044, -22.96130151998123 ], [ -45.884779627003923, -22.961337736998033 ], [ -45.884420415004065, -22.961396979984478 ], [ -45.884231508008888, -22.961428258979062 ], [ -45.883897145003722, -22.961515009978516 ], [ -45.883536632983414, -22.96159139897922 ], [ -45.88328068299387, -22.961711042993038 ], [ -45.88316296898487, -22.961795878980872 ], [ -45.883083348006778, -22.961878619995968 ], [ -45.883024777002511, -22.961983388007813 ], [ -45.88290828598543, -22.962210101996956 ], [ -45.882847324008694, -22.962389827005111 ], [ -45.88273230598589, -22.962900281004266 ], [ -45.882307365972615, -22.963959597995245 ], [ -45.882146137987142, -22.964178357997483 ], [ -45.881996853989179, -22.964384661993357 ], [ -45.881594953983139, -22.964791981007938 ], [ -45.881450113998447, -22.964917939986172 ], [ -45.881287595979593, -22.965049936985451 ], [ -45.881158223004391, -22.965131872002718 ], [ -45.881066770978428, -22.965169242992761 ], [ -45.880993937998923, -22.965202398989128 ], [ -45.880796726978645, -22.965259740978784 ], [ -45.880691859984964, -22.965335747975459 ], [ -45.880616924993348, -22.965428503977616 ], [ -45.880601031984604, -22.965546611995542 ], [ -45.880636340988985, -22.965640251000448 ], [ -45.880706801990563, -22.965732651981561 ], [ -45.880785850990513, -22.965783627994369 ], [ -45.881012434973108, -22.965824344979545 ], [ -45.881323662978126, -22.965878180001805 ], [ -45.881517782992475, -22.965932826991938 ], [ -45.88163696397519, -22.96597722500492 ], [ -45.881749025994658, -22.966036868008477 ], [ -45.881972144004841, -22.966209446974727 ], [ -45.882070842995226, -22.966305014978907 ], [ -45.882161960003579, -22.966388714984735 ], [ -45.882235518979755, -22.966472129980868 ], [ -45.882322017979291, -22.966593703005618 ], [ -45.88249591300147, -22.966944389003395 ], [ -45.882664682999028, -22.967153132007766 ], [ -45.882825356001234, -22.967325602997711 ], [ -45.883257236974451, -22.96760456498961 ], [ -45.883962340978819, -22.968141847976643 ], [ -45.884724075005998, -22.96862583000366 ], [ -45.885121387973399, -22.968823810979593 ], [ -45.88547457797884, -22.968981321992711 ], [ -45.885727409006627, -22.969079380986372 ], [ -45.88629630799128, -22.969285554978384 ], [ -45.887130250999171, -22.969666784988107 ], [ -45.888070691995679, -22.970144603001327 ], [ -45.889235219983021, -22.970537487986697 ], [ -45.889587636980252, -22.970736539978802 ], [ -45.889930816992276, -22.970959837976938 ], [ -45.89042034698118, -22.971391508998881 ], [ -45.890493107982387, -22.971465871003296 ], [ -45.890593569990884, -22.971623807983434 ], [ -45.890649164000862, -22.971832522993751 ], [ -45.890658546977562, -22.972007963978314 ], [ -45.890670049983818, -22.972174403989492 ], [ -45.89066122099095, -22.972332382998509 ], [ -45.890661976994039, -22.972499552986015 ], [ -45.890663555973809, -22.972674867994677 ], [ -45.890720043003171, -22.973043525979655 ], [ -45.890868771004982, -22.973644079997683 ], [ -45.890896682973676, -22.973768316997059 ], [ -45.890888336003222, -22.973952507002327 ], [ -45.890766048989704, -22.97448724397724 ], [ -45.890767344978364, -22.974729417976643 ], [ -45.890849451000712, -22.974929524985104 ], [ -45.891102328000159, -22.975285088984826 ], [ -45.891682865993978, -22.975911583994424 ], [ -45.891813386984673, -22.976079942995256 ], [ -45.892046241977702, -22.976410785979169 ], [ -45.892238181997186, -22.976789761005016 ], [ -45.892421475982971, -22.977265275995538 ], [ -45.89267950498715, -22.977814279993382 ], [ -45.892911966983043, -22.978373714007219 ], [ -45.892965643972047, -22.978529086987585 ], [ -45.892984488997577, -22.97866853798751 ], [ -45.8930099089904, -22.978821648984759 ], [ -45.89301087198578, -22.978977978989768 ], [ -45.89297158300441, -22.979406533003328 ], [ -45.892900497992009, -22.979865293975472 ], [ -45.892866360002195, -22.980798113006419 ], [ -45.892909907981576, -22.980973201005632 ], [ -45.892979822972926, -22.981095403989976 ], [ -45.893042954009019, -22.981163284980983 ], [ -45.894068275984722, -22.98159544998326 ], [ -45.894322431999058, -22.981780256989996 ], [ -45.894430956007, -22.981977173980681 ], [ -45.89447349300179, -22.982361868988523 ], [ -45.894422314993392, -22.982696261007302 ], [ -45.894252847984525, -22.98335312199217 ], [ -45.894217027975955, -22.983960634983582 ], [ -45.894264704974297, -22.984383361974871 ], [ -45.894475295976349, -22.985068937006698 ], [ -45.894532905002912, -22.985171062991526 ], [ -45.894583975002682, -22.985257722978215 ], [ -45.894754421008216, -22.985535150000295 ], [ -45.894944161978671, -22.98572072397593 ], [ -45.895410718974468, -22.986132128999159 ], [ -45.896143561002361, -22.986706845986692 ], [ -45.896431807976327, -22.986895812001194 ], [ -45.89663186899859, -22.986947826000144 ], [ -45.896889982999383, -22.986974570994757 ], [ -45.897583197007634, -22.986853813002892 ], [ -45.89768500897641, -22.986888883003552 ], [ -45.897893528987062, -22.987062107000952 ], [ -45.898002486008835, -22.987236439004473 ], [ -45.898198778002786, -22.98785310800465 ], [ -45.898515762000486, -22.98859098799166 ], [ -45.898682945986984, -22.988834925983909 ], [ -45.898935943993337, -22.989134456982157 ], [ -45.899284808996029, -22.98942197699176 ], [ -45.899772877993477, -22.989676495978067 ], [ -45.900232161005235, -22.989852845985503 ], [ -45.900440049005368, -22.989904076977968 ], [ -45.900591587993588, -22.989941751991097 ], [ -45.900742099979745, -22.98998212099081 ], [ -45.900886325985887, -22.989993474985244 ], [ -45.901143578973176, -22.989962371988309 ], [ -45.901543773979057, -22.989854958006763 ], [ -45.901862305992786, -22.98983477800795 ], [ -45.902327413984096, -22.989856707978358 ], [ -45.902665886984188, -22.989918166005129 ], [ -45.903236200007029, -22.990054727992334 ], [ -45.903985354983185, -22.990230301988646 ], [ -45.904167641983193, -22.990293765997222 ], [ -45.904400487978279, -22.990419483986393 ], [ -45.904642599994638, -22.990571553001594 ], [ -45.905030541007221, -22.990857879999815 ], [ -45.905156003990122, -22.990933080996236 ], [ -45.905438113009083, -22.990981881977063 ], [ -45.905639276991046, -22.991027576993396 ], [ -45.905721045008242, -22.99103882800609 ], [ -45.905821030000688, -22.991067538982023 ], [ -45.905935107998964, -22.991125389991911 ], [ -45.906053978996063, -22.991187835001714 ], [ -45.906224679007295, -22.991244785986172 ], [ -45.906367929978686, -22.991256119980964 ], [ -45.906869722975387, -22.991195498991846 ], [ -45.907079925991361, -22.991175379006226 ], [ -45.907245849984008, -22.991226830994069 ], [ -45.90747249097889, -22.9913714189953 ], [ -45.907637222975708, -22.991590912006181 ], [ -45.90766269900611, -22.991689807004377 ], [ -45.907664640974318, -22.992003369993377 ], [ -45.907641743982779, -22.992236117990497 ], [ -45.907552023999408, -22.99374540997615 ], [ -45.90757391299686, -22.994088205977938 ], [ -45.907621182977891, -22.994482909977403 ], [ -45.907685699004951, -22.99484265300736 ], [ -45.907794146005763, -22.9950973850057 ], [ -45.907958113997587, -22.995253617000351 ], [ -45.908084242983236, -22.995293588007865 ], [ -45.908697883985752, -22.995202226982837 ], [ -45.909618101999598, -22.99515643498075 ], [ -45.90993854300779, -22.995191385981265 ], [ -45.910153087000815, -22.995252649993116 ], [ -45.910355277993844, -22.995400455975979 ], [ -45.910678303005824, -22.995819453992869 ], [ -45.910879658996464, -22.996168736975758 ], [ -45.910969659004294, -22.996418654005058 ], [ -45.911002627996631, -22.99674355497875 ], [ -45.911015326009121, -22.997631039998396 ], [ -45.911091877008495, -22.997765087006488 ], [ -45.911148498000841, -22.99781659199498 ], [ -45.911418539975777, -22.997937472988177 ], [ -45.911682849002595, -22.997999531975751 ], [ -45.912098423000948, -22.998114610003821 ], [ -45.912446474977607, -22.998187042995017 ], [ -45.912955111981468, -22.99828372997899 ], [ -45.91337058600535, -22.998404224004773 ], [ -45.914215430999306, -22.998685186991121 ], [ -45.914819164979711, -22.998916210003291 ], [ -45.915221282996775, -22.999125032983546 ], [ -45.915530172980596, -22.999308872986926 ], [ -45.91593296499596, -22.999586374977671 ], [ -45.916487511996799, -22.99999550700765 ], [ -45.916987035999057, -23.000372134003602 ], [ -45.9175488220056, -23.000916909998118 ], [ -45.918000961984653, -23.001374999988741 ], [ -45.918258212997955, -23.001764016989377 ], [ -45.918597190979881, -23.002114583977917 ], [ -45.919122450980979, -23.002682261984802 ], [ -45.919498730008861, -23.002969269996267 ], [ -45.919623387979136, -23.003088720004882 ], [ -45.919738709992011, -23.003237837979803 ], [ -45.919767578974366, -23.003312389977044 ], [ -45.919767528994122, -23.003419910994015 ], [ -45.919759790000512, -23.003520983982071 ], [ -45.91974271499619, -23.003599319983127 ], [ -45.919513417979218, -23.004276932007965 ], [ -45.919447420987694, -23.004466527007629 ], [ -45.919324090994593, -23.004799773002748 ], [ -45.919272173994763, -23.005019408998216 ], [ -45.919285078004791, -23.005269896006006 ], [ -45.919394664974988, -23.005831842008671 ], [ -45.919482953990041, -23.006122384987187 ], [ -45.91965653797233, -23.006287792989603 ], [ -45.920065733007313, -23.006380159005058 ], [ -45.920656520986157, -23.006522405006088 ], [ -45.921287302987444, -23.006875812995737 ], [ -45.921686177985215, -23.007313162994809 ], [ -45.921869646007814, -23.007734428980132 ], [ -45.921996345992362, -23.007849391991151 ], [ -45.922287750999132, -23.008030227990137 ], [ -45.922486172985309, -23.008224941989749 ], [ -45.922797657007976, -23.008690713991907 ], [ -45.922984153972259, -23.008949388006528 ], [ -45.923208857004866, -23.009148133990788 ], [ -45.923740147981434, -23.009603852986118 ], [ -45.92417429497317, -23.009877314982102 ], [ -45.924255453993439, -23.009921977980618 ], [ -45.924511266000053, -23.010075136992754 ], [ -45.924735585000498, -23.010242250990277 ], [ -45.924825830999303, -23.010323199006198 ], [ -45.924865100009072, -23.010363580991918 ], [ -45.924915626973785, -23.010480941996232 ], [ -45.92498452599429, -23.010607631987824 ], [ -45.9250858099917, -23.010724897989224 ], [ -45.925231408982583, -23.010821184982177 ], [ -45.925439390996381, -23.010922078993143 ], [ -45.925719837998784, -23.011115383996344 ], [ -45.925953830991041, -23.011234762002985 ], [ -45.925993503008883, -23.011253464984126 ], [ -45.926615749974985, -23.011490157005166 ], [ -45.927109169999788, -23.011883820989887 ], [ -45.927607269985508, -23.012288400008327 ], [ -45.928468141998337, -23.013289662987102 ], [ -45.928776209974885, -23.013783377002238 ], [ -45.929441070998593, -23.015143835994426 ], [ -45.92978342999379, -23.015788984003656 ], [ -45.930086598985078, -23.016757878989736 ], [ -45.930114569995965, -23.017512778974879 ], [ -45.930423027007414, -23.018460071997872 ], [ -45.930799886975542, -23.01887716997728 ], [ -45.931332745987, -23.019620211989825 ], [ -45.932098124977941, -23.020089558001413 ], [ -45.932382545996816, -23.020385916997597 ], [ -45.932425011997559, -23.020728128990321 ], [ -45.93225526798043, -23.021143771002311 ], [ -45.931971595977274, -23.021333526974587 ], [ -45.93183774498528, -23.021445246987014 ], [ -45.931497622007157, -23.021625973982744 ], [ -45.931163575977372, -23.021847455983377 ], [ -45.930936133002938, -23.02205798099051 ], [ -45.930747502002916, -23.022228463981474 ], [ -45.930515253972288, -23.02254010800192 ], [ -45.930399682003056, -23.022771384979837 ], [ -45.930350419980847, -23.02300642499538 ], [ -45.930340757007755, -23.023158968996107 ], [ -45.930368969999883, -23.02332205398627 ], [ -45.930392126980415, -23.023389283996583 ], [ -45.930459554977176, -23.02349064797821 ], [ -45.930674670992737, -23.023734407000436 ], [ -45.930781742004541, -23.023856279004761 ], [ -45.930893529004393, -23.024039665989374 ], [ -45.931024888999517, -23.024273058001416 ], [ -45.931159750992343, -23.02452819098712 ], [ -45.931250174973599, -23.024758221995906 ], [ -45.931354491985999, -23.025133942990767 ], [ -45.931429848005571, -23.025439631974908 ], [ -45.931397724999485, -23.025803246995462 ], [ -45.931243032985194, -23.026038419994929 ], [ -45.93096979999909, -23.026243699988449 ], [ -45.930671556981125, -23.026376299997398 ], [ -45.930146460002646, -23.026423974992209 ], [ -45.929474073988587, -23.026518099005333 ], [ -45.929349615004668, -23.026544130987148 ], [ -45.929174362997834, -23.026624470000982 ], [ -45.92907459000336, -23.026687938990275 ], [ -45.929002968005456, -23.026759985974959 ], [ -45.928977563989015, -23.02681379497556 ], [ -45.928945752983616, -23.026897318007222 ], [ -45.928939531982977, -23.026969501998011 ], [ -45.928965670986202, -23.027086473987023 ], [ -45.929034350990136, -23.027278211980907 ], [ -45.929056582003554, -23.027342715975699 ], [ -45.929247043981128, -23.027705351993184 ], [ -45.929505427995636, -23.027985037005845 ], [ -45.92982860800651, -23.028244970975617 ], [ -45.930391544975762, -23.028736405000757 ], [ -45.930599779996236, -23.028877955007108 ], [ -45.930851930981291, -23.029020201992957 ], [ -45.931146789002838, -23.029175775985014 ], [ -45.931486292982115, -23.029398016993778 ], [ -45.931494907976067, -23.029407189986596 ], [ -45.931671173972902, -23.029535581002456 ], [ -45.931879209997881, -23.029687967998406 ], [ -45.931930420007603, -23.029769195995438 ], [ -45.931952841985485, -23.029876168984632 ], [ -45.931927063996156, -23.030055563004048 ], [ -45.931854804989072, -23.030161936008057 ], [ -45.931743541992823, -23.030265883004802 ], [ -45.93158289199809, -23.030348263997077 ], [ -45.931447779002553, -23.030369609974141 ], [ -45.931224123984137, -23.030375092996533 ], [ -45.93053595300686, -23.030477102999932 ], [ -45.930531056982481, -23.030477927982375 ], [ -45.930202093998318, -23.030582028980412 ], [ -45.929622119976123, -23.030745386987157 ], [ -45.928963521998199, -23.030779191999969 ], [ -45.92834470298304, -23.030826274990353 ], [ -45.928019130996702, -23.030852721987301 ], [ -45.927718262987376, -23.030915701974848 ], [ -45.927455777979219, -23.031014528995279 ], [ -45.92710501099198, -23.031241158003251 ], [ -45.926699243992736, -23.031590695003061 ], [ -45.92657650297545, -23.031734210974989 ], [ -45.92646707400538, -23.03194931800445 ], [ -45.9263568089793, -23.032261994006614 ], [ -45.926264144976891, -23.032573143002494 ], [ -45.926010858986608, -23.033017264987762 ], [ -45.925899912979183, -23.033208855982259 ], [ -45.925438814981696, -23.033646054985066 ], [ -45.925217420991729, -23.033897327993998 ], [ -45.924831434989436, -23.034389933991179 ], [ -45.924334637998676, -23.035224116992737 ], [ -45.924203883006115, -23.03543075098257 ], [ -45.924027394005826, -23.035681833000698 ], [ -45.923938131992472, -23.035809616993152 ], [ -45.923810688982343, -23.035943116980757 ], [ -45.923710452991898, -23.036030970976036 ], [ -45.923632763991229, -23.036061356997401 ], [ -45.923488943986506, -23.036078040000724 ], [ -45.923352829982562, -23.036047861975831 ], [ -45.923331676664183, -23.036034975156092 ], [ -45.923534283743273, -23.036836907775285 ], [ -45.923831048081695, -23.037377022347918 ], [ -45.924591734934332, -23.037930304591793 ], [ -45.925231418376647, -23.038340898379886 ], [ -45.925664548464134, -23.038752698361304 ], [ -45.925993327753581, -23.039005745991009 ], [ -45.926617558378794, -23.0396713962663 ], [ -45.927499000591446, -23.040192116399908 ], [ -45.928658583921852, -23.041109589722605 ], [ -45.929472501274624, -23.041821914520661 ], [ -45.929618386096571, -23.042320044008804 ], [ -45.929889326952157, -23.042955988801761 ], [ -45.930269227220592, -23.043282802488786 ], [ -45.931538541179435, -23.043727782061421 ], [ -45.932251796402831, -23.04407319413151 ], [ -45.932654909906766, -23.044543835147639 ], [ -45.932591102072834, -23.044955527686334 ], [ -45.933074676438586, -23.046391455396613 ], [ -45.933397587268963, -23.046735732009289 ], [ -45.933189866540452, -23.04760242253802 ], [ -45.933087453497436, -23.048245956034012 ], [ -45.93351720263113, -23.048589601751743 ], [ -45.933841825198378, -23.049181151638471 ], [ -45.934009941235558, -23.050317638550627 ], [ -45.933908212668385, -23.051060074850788 ], [ -45.933220028182745, -23.051979064569757 ], [ -45.932396230122279, -23.052602122547693 ], [ -45.93191746742459, -23.052901673997049 ], [ -45.931495013378296, -23.0536212678611 ], [ -45.93144855966532, -23.054635383649018 ], [ -45.931184505253078, -23.055082036796307 ], [ -45.931240655908994, -23.05547735039001 ], [ -45.931508794185959, -23.055624139520493 ], [ -45.932152953045609, -23.056065440186284 ], [ -45.932556361195772, -23.056458714211779 ], [ -45.932746412457874, -23.056902690358989 ], [ -45.93315289302582, -23.057741032876667 ], [ -45.933556650169024, -23.058183746200466 ], [ -45.934225314786886, -23.058303433472517 ], [ -45.934918987844924, -23.058175694746431 ], [ -45.935293986416667, -23.058321845128511 ], [ -45.935805800248062, -23.058937012868832 ], [ -45.936128748997874, -23.059281282187644 ], [ -45.93655752484117, -23.059476564131195 ], [ -45.938002248380336, -23.059789465928606 ], [ -45.938459448594877, -23.060231848860663 ], [ -45.939022646876353, -23.060549963249663 ], [ -45.939717356125051, -23.060570565719871 ], [ -45.940278335153948, -23.060567229603901 ], [ -45.940413449715038, -23.060788969527593 ], [ -45.94025642945563, -23.06125973123849 ], [ -45.940554569477015, -23.061876153425953 ], [ -45.941118648882309, -23.062317892099358 ], [ -45.941629988143056, -23.06285885817335 ], [ -45.942088243444729, -23.063449591963298 ], [ -45.942817952999846, -23.064656891688585 ], [ -45.942981161180278, -23.065076282934257 ], [ -45.943276047386561, -23.065222891495999 ], [ -45.943918909705346, -23.065466327704069 ], [ -45.944270682008437, -23.066107143527681 ], [ -45.944249659854179, -23.066923285696646 ], [ -45.944440800581965, -23.067515607565753 ], [ -45.945190006161262, -23.067684227493846 ], [ -45.94574979406503, -23.067507778977916 ], [ -45.946496060332464, -23.067256036710969 ], [ -45.946632922041523, -23.067725043531048 ], [ -45.946395438952081, -23.06814683049987 ], [ -45.946186218239333, -23.068791009203725 ], [ -45.946375467608426, -23.069111334295599 ], [ -45.946722752753416, -23.069109254007383 ], [ -45.947391317845799, -23.069204153152235 ], [ -45.948139669509224, -23.069249126720027 ], [ -45.948699469350224, -23.069072667676078 ], [ -45.948887164098601, -23.069170455799433 ], [ -45.949911176190369, -23.07042541379495 ], [ -45.950580956034024, -23.070693390952467 ], [ -45.951434447448754, -23.070490433058822 ], [ -45.952342221815968, -23.070410780470006 ], [ -45.953196753750213, -23.0703561658582 ], [ -45.9536046228814, -23.071367540371902 ], [ -45.953715144649905, -23.071886151952178 ], [ -45.953745000528208, -23.072331066422556 ], [ -45.954523229113846, -23.072820923434712 ], [ -45.955273348142036, -23.073113116597376 ], [ -45.955862667274644, -23.07333210413055 ], [ -45.956534920708044, -23.073946228716913 ], [ -45.957045665537215, -23.074388229968513 ], [ -45.957129834948375, -23.074956451104104 ], [ -45.957216455395638, -23.075870854673585 ], [ -45.95778817727372, -23.077375770449283 ], [ -45.958138285574016, -23.077769288489666 ], [ -45.958011016972328, -23.078660248269685 ], [ -45.957535716203374, -23.079454412217938 ], [ -45.957062694961451, -23.080570009232488 ], [ -45.956667191091604, -23.081314234323756 ], [ -45.956085888405319, -23.082232672837446 ], [ -45.956409294950774, -23.082626355899556 ], [ -45.957694172250051, -23.082964758400397 ], [ -45.958496918097147, -23.083132987428776 ], [ -45.959292214199429, -23.083028431502512 ], [ -45.960029240936585, -23.082746087179082 ], [ -45.960492023403042, -23.08287151674914 ], [ -45.960727520689915, -23.083511309157164 ], [ -45.960847548788749, -23.084151794574719 ], [ -45.961059951817283, -23.084791717753017 ], [ -45.961387373521653, -23.085366818857494 ], [ -45.961619677101602, -23.085557769181971 ], [ -45.961967159723812, -23.085705275974185 ], [ -45.962473868294957, -23.085509824158951 ], [ -45.962842917976403, -23.085443453136413 ], [ -45.963189934830794, -23.085526829463735 ], [ -45.963859976542444, -23.085565492287895 ], [ -45.964392972279185, -23.085818724487556 ], [ -45.965021396157837, -23.086498851286844 ], [ -45.965786862040716, -23.086964393080805 ], [ -45.966276734993635, -23.087645361734097 ], [ -45.966650068075992, -23.088177419374411 ], [ -45.966888356549184, -23.089201912648683 ], [ -45.966696305403744, -23.090286351253123 ], [ -45.967069282249042, -23.090271828207104 ], [ -45.968443058626292, -23.09021832816487 ], [ -45.96939209556421, -23.09051174104782 ], [ -45.974667587395217, -23.091127461416242 ], [ -45.97584902833669, -23.092331486973688 ], [ -45.976704789124447, -23.09249718883693 ], [ -45.977286033938356, -23.093027942219148 ], [ -45.978079473110128, -23.094155840968611 ], [ -45.978222694305792, -23.094796166132564 ], [ -45.978179598792273, -23.095223902061743 ], [ -45.978349781187831, -23.096398400464313 ], [ -45.978606775648579, -23.096802914754328 ], [ -45.978794180580771, -23.097165109528149 ], [ -45.979144953923644, -23.097761395937734 ], [ -45.97928957897026, -23.098594074487039 ], [ -45.979085575966522, -23.099129689210152 ], [ -45.97888065184555, -23.099537057986208 ], [ -45.978800282750178, -23.099652783003854 ], [ -45.978893433684824, -23.099878052190075 ], [ -45.979370172413354, -23.100153862856647 ], [ -45.979788079155561, -23.100450504642851 ], [ -45.980386267153918, -23.100126184708646 ], [ -45.980870209616164, -23.099973565291251 ], [ -45.981978074038302, -23.099859805786863 ], [ -45.982787532010256, -23.100004381253239 ], [ -45.983250091353305, -23.100087001581457 ], [ -45.983392867694079, -23.100663202319069 ], [ -45.983491174780276, -23.101474793746831 ], [ -45.983797655974136, -23.102327829020275 ], [ -45.983313708917201, -23.102480466572977 ], [ -45.982808846523369, -23.102932458774657 ], [ -45.982325517825167, -23.103170581372666 ], [ -45.981821727307448, -23.103772176820772 ], [ -45.981271428532459, -23.104331318477687 ], [ -45.981287281579021, -23.104665347081138 ], [ -45.980978464024219, -23.105337706971493 ], [ -45.980634946073224, -23.105745939192651 ], [ -45.980243690635255, -23.10594074218805 ], [ -45.979649198220791, -23.10677800820574 ], [ -45.979353426733454, -23.107399684505594 ], [ -45.97873086318998, -23.107553159702768 ], [ -45.977763382430986, -23.107922513011982 ], [ -45.977168556654519, -23.108717021783082 ], [ -45.97654970393198, -23.109383443830012 ], [ -45.976163675770557, -23.110304908085027 ], [ -45.975894691343285, -23.111439381748589 ], [ -45.975923191689688, -23.112187279386728 ], [ -45.975627855265692, -23.112873058526517 ], [ -45.973977231385987, -23.114614536120808 ], [ -45.973285953818269, -23.114853915843419 ], [ -45.97254739869539, -23.114943961945659 ], [ -45.971830859038441, -23.114884255991143 ], [ -45.970927379704968, -23.114526462058684 ], [ -45.970255042502558, -23.114188621351229 ], [ -45.969606425828424, -23.113936123823652 ], [ -45.969209298938239, -23.113318722361743 ], [ -45.968789523085192, -23.112765580053829 ], [ -45.96876106196374, -23.112017679807096 ], [ -45.968506518780472, -23.11195512112343 ], [ -45.967720084368082, -23.111810333000982 ], [ -45.967003572426968, -23.111750604366559 ], [ -45.966633994745578, -23.111752868833818 ], [ -45.965754569398008, -23.111523139383557 ], [ -45.965384839393572, -23.111504031073633 ], [ -45.965088676346028, -23.112082934254424 ], [ -45.964814086440981, -23.112447970427979 ], [ -45.964609863453923, -23.112962180226656 ], [ -45.965146026765041, -23.113642864756223 ], [ -45.965772917070311, -23.114087877661348 ], [ -45.965963668957563, -23.11492028620399 ], [ -45.965646701231385, -23.115819923910152 ], [ -45.96546680363921, -23.116504987828716 ], [ -45.965933378299646, -23.117143344205118 ], [ -45.966098594315909, -23.117633931640288 ], [ -45.966055285387753, -23.118040468547996 ], [ -45.966436813199429, -23.118215535694336 ], [ -45.967199476226796, -23.118474834429982 ], [ -45.967961974494443, -23.118712127396702 ], [ -45.968801967356775, -23.119806858362999 ], [ -45.969162370530427, -23.120332589638224 ], [ -45.96954702886822, -23.120924161774237 ], [ -45.969645441388771, -23.12138550189713 ], [ -45.969435742436957, -23.121980735606318 ], [ -45.970293842814613, -23.122283419826964 ], [ -45.97149279161318, -23.123086405440716 ], [ -45.972347978051481, -23.123590632083282 ], [ -45.972589372511393, -23.124095085276227 ], [ -45.972689393709992, -23.124776397414792 ], [ -45.973095311485231, -23.125015871811783 ], [ -45.973477778871292, -23.125299477723523 ], [ -45.974051721180544, -23.125757887623035 ], [ -45.973817939101679, -23.126309269317773 ], [ -45.973588123817827, -23.127410573271209 ], [ -45.973567201859694, -23.127806655996039 ], [ -45.973901017632905, -23.127936585431492 ], [ -45.974617143804984, -23.128328114897499 ], [ -45.97480973480414, -23.128656887257723 ], [ -45.975169082400285, -23.129028616043414 ], [ -45.975788686754022, -23.12922276457936 ], [ -45.976316368048202, -23.129857429808315 ], [ -45.976595538657499, -23.129926820751976 ], [ -45.977931063743902, -23.129561459207679 ], [ -45.978618492600091, -23.129271220144535 ], [ -45.978661076623808, -23.129690320893182 ], [ -45.978889926623971, -23.130633390678906 ], [ -45.979513536696807, -23.131377436419712 ], [ -45.979474567425719, -23.131624197967568 ], [ -45.979646295245402, -23.131576743860212 ], [ -45.981426159988942, -23.131015542562452 ], [ -45.981933336105953, -23.131069915062131 ], [ -45.98252265664226, -23.131338794845124 ], [ -45.982833301241634, -23.131534910786453 ], [ -45.983642625801053, -23.131617880408637 ], [ -45.984784781339151, -23.131676774979301 ], [ -45.985500731755437, -23.132002382228453 ], [ -45.985763332051782, -23.132132769253481 ], [ -45.986290304217668, -23.132635603932787 ], [ -45.986722134931334, -23.13313902309454 ], [ -45.986986187913566, -23.133467450391727 ], [ -45.987390207535171, -23.133420917523434 ], [ -45.987840837352806, -23.133242045274081 ], [ -45.988645496592554, -23.13268686917494 ], [ -45.989099188336219, -23.132926087907148 ], [ -45.989458543452258, -23.133275914822296 ], [ -45.989665052212942, -23.133875161310236 ], [ -45.98972825517636, -23.134374496775632 ], [ -45.989755264250228, -23.134814433449556 ], [ -45.990493263828085, -23.134897823939127 ], [ -45.991540948827861, -23.135045277887279 ], [ -45.992134121114283, -23.134843495201256 ], [ -45.9922012692019, -23.13427092948157 ], [ -45.992648655735906, -23.133651967052046 ], [ -45.993142633676456, -23.132900672723093 ], [ -45.993568816453212, -23.132633922531291 ], [ -45.994044348864271, -23.132608914783631 ], [ -45.994671885459432, -23.133130260007125 ], [ -45.99519219720262, -23.133437882779464 ], [ -45.995926281897951, -23.132993133183628 ], [ -45.99668805303282, -23.133076344710091 ], [ -45.998144964021904, -23.133881325996871 ], [ -45.998984934016789, -23.134888254265768 ], [ -45.999416818299999, -23.135391645643377 ], [ -46.000136258400204, -23.136179278456279 ], [ -46.001021059651379, -23.136811819253357 ], [ -46.001374245927053, -23.136325459098771 ], [ -46.001246823563527, -23.135181984317459 ], [ -46.001384799778911, -23.134542952044601 ], [ -46.002351321162124, -23.133370525047493 ], [ -46.00294104185415, -23.132706617615789 ], [ -46.003842077230622, -23.1323267929724 ], [ -46.004648868514721, -23.132139292793983 ], [ -46.005789149909312, -23.13187428085277 ], [ -46.006214482345165, -23.131497476444828 ], [ -46.006409505974204, -23.131353687812457 ], [ -46.006562183236788, -23.131446338713566 ], [ -46.006790210285558, -23.131590719107667 ], [ -46.006923817957414, -23.131646263925102 ], [ -46.007360330278573, -23.131657638635851 ], [ -46.007717762837011, -23.131680518892779 ], [ -46.008019338355695, -23.131734284719546 ], [ -46.008303743951011, -23.131820585865601 ], [ -46.008606889895944, -23.131971971000493 ], [ -46.008891572514607, -23.132157859774253 ], [ -46.009127334618, -23.13230046202036 ], [ -46.009380383288473, -23.132411692322716 ], [ -46.009719932669761, -23.13251894507987 ], [ -46.009901229397656, -23.132563758589733 ], [ -46.010357427203949, -23.13261598753482 ], [ -46.010521908684851, -23.132597221137697 ], [ -46.010919127980067, -23.132545259146379 ], [ -46.011332917468735, -23.132517649398359 ], [ -46.011858146767565, -23.132469976272528 ], [ -46.012067440254938, -23.132449186483075 ], [ -46.012263503956333, -23.132557715900141 ], [ -46.012332078501444, -23.132118478008888 ], [ -46.012539867683557, -23.131280938594269 ], [ -46.012614278180941, -23.131082570390504 ], [ -46.012736053120513, -23.13075793378497 ], [ -46.01305287518074, -23.129913318760757 ], [ -46.013501307173179, -23.129448322514914 ], [ -46.013498331347655, -23.129052249597358 ], [ -46.013303925475128, -23.128503368441358 ], [ -46.013537630953685, -23.127951727197949 ], [ -46.01382072874781, -23.127641830926756 ], [ -46.014215785935001, -23.126406993317595 ], [ -46.014394971072143, -23.124931489453726 ], [ -46.015077571860303, -23.123980866208917 ], [ -46.015311594111296, -23.123473241714716 ], [ -46.015440757421956, -23.122822192736791 ], [ -46.013589791144589, -23.12223000646895 ], [ -46.01180268994792, -23.120900211754655 ], [ -46.010916862895549, -23.121014860171755 ], [ -46.010105944061834, -23.120711977758155 ], [ -46.009698515172786, -23.120296482677727 ], [ -46.008451790177375, -23.118962131119392 ], [ -46.008613988201198, -23.118388960918011 ], [ -46.008966607371519, -23.117836565398012 ], [ -46.008431998568732, -23.115830748897299 ], [ -46.007687594993286, -23.115358136809736 ], [ -46.007139293361007, -23.115185597351601 ], [ -46.006653100889579, -23.115152774163995 ], [ -46.007073019512369, -23.114597215965397 ], [ -46.007648120823717, -23.113972401395284 ], [ -46.007721976037601, -23.113647244696121 ], [ -46.007979229085471, -23.113363257296527 ], [ -46.008604839729514, -23.11337338208083 ], [ -46.009199618421661, -23.113341342783073 ], [ -46.009702649549943, -23.113281661173374 ], [ -46.010113299081219, -23.113109624553552 ], [ -46.010476494087229, -23.112712028186152 ], [ -46.010687438510274, -23.112357756108743 ], [ -46.011066723249698, -23.112072991230637 ], [ -46.011507564993146, -23.11185840784001 ], [ -46.012042797289247, -23.112024384114683 ], [ -46.012652932029319, -23.112006347066885 ], [ -46.013097902150967, -23.112342298082375 ], [ -46.013585455112228, -23.112603478105662 ], [ -46.013956697608343, -23.112929687683781 ], [ -46.014431118602609, -23.113124273578077 ], [ -46.014904701785433, -23.113205936688324 ], [ -46.015440261711532, -23.113414239754647 ], [ -46.015883639981574, -23.113538434959978 ], [ -46.016434566567732, -23.113760758240989 ], [ -46.017256912682271, -23.113557823428977 ], [ -46.017817564709745, -23.113046001975803 ], [ -46.01801323241996, -23.112691819204702 ], [ -46.01834439662494, -23.112096776958101 ], [ -46.018676516559673, -23.111628777073374 ], [ -46.019161507915257, -23.1112021389891 ], [ -46.019509306524618, -23.110790499508706 ], [ -46.019781349861056, -23.11044993474885 ], [ -46.019961644964326, -23.110081735496742 ], [ -46.020095964060083, -23.109685597058537 ], [ -46.019058999336934, -23.109748760252693 ], [ -46.018644538299746, -23.109412638216188 ], [ -46.018458480823199, -23.109018559718642 ], [ -46.018699060636422, -23.108551150607994 ], [ -46.019031597269887, -23.108139619753416 ], [ -46.019211145786123, -23.107672603969796 ], [ -46.019222567094154, -23.107164324133219 ], [ -46.019064904331799, -23.106487728115713 ], [ -46.0190633064826, -23.106275989616499 ], [ -46.019103421267808, -23.105527539444125 ], [ -46.018992373559648, -23.104963577845808 ], [ -46.018897222476497, -23.104484222055909 ], [ -46.018851198980798, -23.104161851873588 ], [ -46.018436263612486, -23.104049567753261 ], [ -46.018495054374945, -23.103752739940884 ], [ -46.018643980145811, -23.103271799672516 ], [ -46.018914743259785, -23.10276184563622 ], [ -46.019185494631358, -23.102251891238911 ], [ -46.019487608933048, -23.101854669577325 ], [ -46.019942700593084, -23.101512922358445 ], [ -46.020440882886135, -23.10081798354172 ], [ -46.020498663072118, -23.100346747738243 ], [ -46.020663626307886, -23.100011879658307 ], [ -46.02076571577031, -23.099390077387394 ], [ -46.020837292499387, -23.098768472355754 ], [ -46.019246929407402, -23.09852193019319 ], [ -46.018625597710759, -23.098810995340592 ], [ -46.018332997105908, -23.098445839413174 ], [ -46.017798450584827, -23.09836458710225 ], [ -46.016990284013346, -23.098412145337537 ], [ -46.01546079606279, -23.097885547928698 ], [ -46.014368472623545, -23.097946743559792 ], [ -46.016174045140268, -23.097060167061585 ], [ -46.017334178132835, -23.095815845086094 ], [ -46.018327811878201, -23.094649892136687 ], [ -46.019487904598549, -23.093405555403425 ], [ -46.020902066038978, -23.092623386787835 ], [ -46.022072056290121, -23.09269312073689 ], [ -46.024239708391669, -23.092137952914932 ], [ -46.025480905837647, -23.090583835608065 ], [ -46.024969774180903, -23.089273001912836 ], [ -46.02412747729457, -23.088350829601836 ], [ -46.023955154374278, -23.087656219037857 ], [ -46.023862845778396, -23.086497270722106 ], [ -46.024612015004244, -23.085719764900144 ], [ -46.025344620396844, -23.086101453839365 ], [ -46.026846979678453, -23.085760908882005 ], [ -46.027880262746734, -23.085580089564907 ], [ -46.028317274574263, -23.086151763240089 ], [ -46.028677727751152, -23.086549836692505 ], [ -46.029061375985414, -23.087522285493911 ], [ -46.030379872827595, -23.08774001137937 ], [ -46.031304539272845, -23.08811698452627 ], [ -46.032116476329307, -23.088512109439225 ], [ -46.032736719998532, -23.088438417242209 ], [ -46.033458874645468, -23.087758871231514 ], [ -46.034043909752846, -23.087176358454311 ], [ -46.03558921908251, -23.087531838681112 ], [ -46.036609690354702, -23.088134483919255 ], [ -46.037423245298569, -23.088738481739224 ], [ -46.037482480365185, -23.089103689487203 ], [ -46.036833442013041, -23.090326632875065 ], [ -46.03644387021761, -23.091042981725074 ], [ -46.036637330733164, -23.091738100522303 ], [ -46.037137119418361, -23.09312758664402 ], [ -46.038265696664872, -23.09310276686459 ], [ -46.039883109426867, -23.093039888195857 ], [ -46.040314576774577, -23.092880360436766 ], [ -46.041064101306688, -23.092492412250298 ], [ -46.041997704666876, -23.091580945987985 ], [ -46.042560038390469, -23.091316097662773 ], [ -46.043690748892537, -23.091569764288494 ], [ -46.044298501502531, -23.092314367963564 ], [ -46.044586996928615, -23.093130709444079 ], [ -46.045808149026264, -23.0929137059228 ], [ -46.047510773251744, -23.093011790016082 ], [ -46.048475225448712, -23.092356325287319 ], [ -46.04914893165715, -23.091899196971443 ], [ -46.049892202372163, -23.090710402753057 ], [ -46.050393476371354, -23.089853997051236 ], [ -46.051239178020637, -23.089743918490203 ], [ -46.051730029541474, -23.089966971973229 ], [ -46.052728929670891, -23.090204049140709 ], [ -46.053895773005493, -23.090265902530568 ], [ -46.054726594003043, -23.090660773627661 ], [ -46.055931751047417, -23.090809413147017 ], [ -46.05700440516484, -23.090854461731354 ], [ -46.058041348205435, -23.091143475379287 ], [ -46.058678705525224, -23.091139203389705 ], [ -46.058940089760185, -23.091765728511493 ], [ -46.05919772272491, -23.092318069152689 ], [ -46.059421393929711, -23.092740111555841 ], [ -46.059576404883259, -23.093052806924213 ], [ -46.059765563018594, -23.093396646463685 ], [ -46.060140436390562, -23.093645118235607 ], [ -46.060514695545663, -23.09381515932661 ], [ -46.060837858546215, -23.093954169249411 ], [ -46.061144318254357, -23.094124664303543 ], [ -46.061400051073178, -23.09431118656525 ], [ -46.06186425030792, -23.094484429651565 ], [ -46.062606251991916, -23.094498633836015 ], [ -46.06301838002031, -23.094585455603859 ], [ -46.063528557751816, -23.0948283908284 ], [ -46.063846173889495, -23.095207006996223 ], [ -46.063993499180143, -23.095474784250321 ], [ -46.064117681861468, -23.095877102297425 ], [ -46.064409698795117, -23.096076715758834 ], [ -46.064869176746697, -23.096028819237077 ], [ -46.065739738096099, -23.095933357909029 ], [ -46.066465795687705, -23.095928455005559 ], [ -46.067071719772301, -23.096036346651339 ], [ -46.068040324657453, -23.096096984829018 ], [ -46.068452470238483, -23.096183792012901 ], [ -46.069010525062112, -23.096359188006812 ], [ -46.069693839014647, -23.096708809273856 ], [ -46.070296957478135, -23.096820823235813 ], [ -46.070926734672405, -23.096883740205481 ], [ -46.071314860055473, -23.096993101663344 ], [ -46.071775581497306, -23.097101960295557 ], [ -46.072334542538094, -23.097389323899861 ], [ -46.072722482772129, -23.097476284133478 ], [ -46.072941899917275, -23.097676365535865 ], [ -46.073043154565305, -23.098235615060684 ], [ -46.073046890354696, -23.098705940603526 ], [ -46.072977841918586, -23.099154352852199 ], [ -46.073390533380106, -23.099308330826393 ], [ -46.073633622743365, -23.099441062315627 ], [ -46.074070161753781, -23.099550078378016 ], [ -46.074507404284567, -23.099748684160687 ], [ -46.074895708916209, -23.099880425131623 ], [ -46.075429415860057, -23.100033573531952 ], [ -46.076106374950598, -23.099939364299249 ], [ -46.076904155792654, -23.099821938134358 ], [ -46.077194770614938, -23.099842354188603 ], [ -46.077654969866472, -23.099884010953474 ], [ -46.078018906417483, -23.099993511558722 ], [ -46.078681992441226, -23.100384150018783 ], [ -46.079473197072893, -23.100252342098621 ], [ -46.079763087081567, -23.100183162675819 ], [ -46.08029482979093, -23.100089937864933 ], [ -46.080852018515131, -23.100153311353527 ], [ -46.081047080055683, -23.100331157830865 ], [ -46.081171318007975, -23.100733460138866 ], [ -46.081101937531464, -23.101137088537996 ], [ -46.081108109015453, -23.101908150473868 ], [ -46.081329620408781, -23.102367387257598 ], [ -46.081548520045288, -23.10250027184799 ], [ -46.082083141151436, -23.102765376302486 ], [ -46.082495663848086, -23.102896931983857 ], [ -46.083052874659479, -23.102960297135024 ], [ -46.083536928953301, -23.102956974884769 ], [ -46.084117624004179, -23.102930588547395 ], [ -46.084602037791747, -23.10297205834696 ], [ -46.085280263128382, -23.103034583943941 ], [ -46.085789060215824, -23.103098281293928 ], [ -46.085886771435867, -23.103209594425984 ], [ -46.086119209355033, -23.103715135737325 ], [ -46.086426087379309, -23.104056985980446 ], [ -46.086743067693128, -23.104345970980624 ], [ -46.087066944232504, -23.104885776391821 ], [ -46.087379025654535, -23.105170285449567 ], [ -46.087815691873487, -23.105568386582483 ], [ -46.088278519820378, -23.105656833349432 ], [ -46.088328369992588, -23.105835662378897 ], [ -46.088331257923926, -23.10619400605967 ], [ -46.088455703958807, -23.106618689899772 ], [ -46.088820740361491, -23.10686255016045 ], [ -46.089185968376746, -23.107128798034715 ], [ -46.089429990063209, -23.107373482915147 ], [ -46.089528610907486, -23.10759677246978 ], [ -46.089531321578711, -23.10793271832236 ], [ -46.089486347776003, -23.108358570702102 ], [ -46.089342932828771, -23.108583540105485 ], [ -46.089055559523281, -23.108966276817632 ], [ -46.089057907874952, -23.109257427490565 ], [ -46.08920529867985, -23.10952517823824 ], [ -46.089668597684756, -23.109947521484024 ], [ -46.090176897805385, -23.109944010685719 ], [ -46.090443864404733, -23.110031761438343 ], [ -46.090831850939857, -23.110118666134028 ], [ -46.09119582474689, -23.110228134754362 ], [ -46.091608921671664, -23.110426858029317 ], [ -46.091779617314877, -23.110582459837701 ], [ -46.092223514980972, -23.111121637306475 ], [ -46.092732250333896, -23.111000196619553 ], [ -46.092845147285871, -23.110642271364906 ], [ -46.093256625275856, -23.110639421077753 ], [ -46.093987886632924, -23.110596741679601 ], [ -46.094153635373736, -23.110812385267323 ], [ -46.094446262405377, -23.111079123588713 ], [ -46.094989731530525, -23.111574510165454 ], [ -46.095032256275147, -23.111702179457929 ], [ -46.095204410860632, -23.112036948636387 ], [ -46.09527884057875, -23.112260401942542 ], [ -46.09533015648276, -23.112618399421674 ], [ -46.095333063908662, -23.112976732929081 ], [ -46.095190562835668, -23.113313686008514 ], [ -46.09504751604274, -23.113583446399218 ], [ -46.095217818418256, -23.113930937399775 ], [ -46.095729605581035, -23.11411624594297 ], [ -46.095852092936767, -23.114294576546417 ], [ -46.096072844356883, -23.114651396720994 ], [ -46.096196414168283, -23.114964103226981 ], [ -46.096322349242286, -23.115567950273668 ], [ -46.096349828453945, -23.115970910349255 ], [ -46.09652399356154, -23.116552032197326 ], [ -46.096744204668198, -23.116841658580345 ], [ -46.097038316256487, -23.117287562178483 ], [ -46.097308943181325, -23.117823214544455 ], [ -46.097678048583766, -23.118559783116414 ], [ -46.097995081659391, -23.118848711690273 ], [ -46.098408579240768, -23.119092201503538 ], [ -46.098681226916113, -23.119278454158302 ], [ -46.098766992478104, -23.119358388165104 ], [ -46.098941468986077, -23.119284868980852 ], [ -46.09910492099732, -23.119153577006703 ], [ -46.099221258000547, -23.118979122002862 ], [ -46.099337443006846, -23.118869714994599 ], [ -46.099563008978855, -23.118817948001059 ], [ -46.099781388995481, -23.118729934003881 ], [ -46.099795628985518, -23.118584683004457 ], [ -46.099934324993256, -23.11835996299374 ], [ -46.100403974980203, -23.11837144498768 ], [ -46.1009047150066, -23.118505357998195 ], [ -46.101076652977738, -23.118504292975242 ], [ -46.101590029001876, -23.118247178981754 ], [ -46.10183967198509, -23.118158721993812 ], [ -46.102620993974426, -23.118109763982954 ], [ -46.102792455996742, -23.118079777984317 ], [ -46.103155060005108, -23.117955045988261 ], [ -46.103254294978413, -23.117865263000994 ], [ -46.103595781995224, -23.117662515998717 ], [ -46.103710133973202, -23.117545851976132 ], [ -46.103926416993403, -23.117240058998991 ], [ -46.103972152998665, -23.117080817990573 ], [ -46.103999687993216, -23.116618635990562 ], [ -46.103957799981991, -23.116329800999097 ], [ -46.103823310982278, -23.11614259297529 ], [ -46.103698038985016, -23.116100080980477 ], [ -46.103526454991346, -23.116137294001742 ], [ -46.103153324972524, -23.116306141998418 ], [ -46.102638330001284, -23.116375310994453 ], [ -46.102293982980235, -23.116348524990816 ], [ -46.101987284981277, -23.116234657981288 ], [ -46.10183798500627, -23.116113183983231 ], [ -46.101640768973816, -23.115825659982413 ], [ -46.101535390996418, -23.115367832992966 ], [ -46.101538636985346, -23.115236874986657 ], [ -46.101460055976744, -23.115092958 ], [ -46.10117428297842, -23.114166253003038 ], [ -46.100958616976058, -23.113647158998067 ], [ -46.100863436994061, -23.11350299599739 ], [ -46.100343822984655, -23.112993850981034 ], [ -46.100201514008759, -23.112807426990475 ], [ -46.10018496400378, -23.112691534989114 ], [ -46.100154201008692, -23.112663069985203 ], [ -46.100167398997009, -23.112352462980883 ], [ -46.100220462974058, -23.112221338980984 ], [ -46.100397528977602, -23.111924003999476 ], [ -46.100923277003176, -23.11123339700773 ], [ -46.10101495000044, -23.11101610900673 ], [ -46.101029913986295, -23.110885323991965 ], [ -46.100950034989239, -23.110647424006522 ], [ -46.100831529974336, -23.110496589986184 ], [ -46.100666612998907, -23.110374882993355 ], [ -46.100506902009037, -23.110178262993205 ], [ -46.100575878983946, -23.109805237981845 ], [ -46.100559228989049, -23.109638747979872 ], [ -46.100464501982856, -23.109581326008524 ], [ -46.100332010975364, -23.109561291984292 ], [ -46.100003952979087, -23.109553715975611 ], [ -46.099807773980388, -23.109432447997481 ], [ -46.099930226990764, -23.109242723004652 ], [ -46.100483308989666, -23.109003366978502 ], [ -46.10066889800914, -23.10877753400565 ], [ -46.100667522000634, -23.108575129998226 ], [ -46.10056290699837, -23.108242898999524 ], [ -46.100539581006586, -23.108236228983987 ], [ -46.100552651973473, -23.107932846983459 ], [ -46.100630827978293, -23.107874374996939 ], [ -46.100755866008406, -23.107873518981286 ], [ -46.10100531598853, -23.107907935982183 ], [ -46.101107993986524, -23.107957343990645 ], [ -46.101351281986936, -23.108234710004016 ], [ -46.101439220003265, -23.108289319990494 ], [ -46.101535451975813, -23.108428980977219 ], [ -46.101697890983559, -23.108524449006755 ], [ -46.102058960005557, -23.108543352974561 ], [ -46.102385634992594, -23.108461458006612 ], [ -46.102619394972187, -23.108330299983418 ], [ -46.102883005009048, -23.108111040986905 ], [ -46.103068923982377, -23.107922253979783 ], [ -46.103130631987796, -23.107799389004299 ], [ -46.103137156978597, -23.107704617990652 ], [ -46.103089801978712, -23.107618987987358 ], [ -46.10291742499242, -23.107533312987677 ], [ -46.102572524002774, -23.107427011001771 ], [ -46.102446910001071, -23.107348352983468 ], [ -46.102186951991222, -23.107018338001062 ], [ -46.101993718002078, -23.106614321980246 ], [ -46.101796764995932, -23.106312344992975 ], [ -46.101308010975167, -23.104812521986226 ], [ -46.101273042984545, -23.104350316001582 ], [ -46.101300498988827, -23.103836632000949 ], [ -46.101422377980334, -23.103510468995385 ], [ -46.101577546982035, -23.103292314974475 ], [ -46.102278581998142, -23.102911488984049 ], [ -46.102510444981803, -23.102663751984792 ], [ -46.102626020991188, -23.10247572999884 ], [ -46.102730333982215, -23.102261338987272 ], [ -46.10273682698589, -23.10216837500252 ], [ -46.102941986004787, -23.101996135005475 ], [ -46.103207597008144, -23.101886229002346 ], [ -46.103510001977043, -23.101681999986436 ], [ -46.10368100598604, -23.101564367007533 ], [ -46.103782486993047, -23.101513466992785 ], [ -46.104383470984139, -23.10149526099049 ], [ -46.104468274007722, -23.101335692996006 ], [ -46.104467094994433, -23.101234484002372 ], [ -46.104434919008277, -23.10111836000393 ], [ -46.104292390973619, -23.100888567976931 ], [ -46.104244475999849, -23.10072251798389 ], [ -46.104360516994554, -23.100620334008006 ], [ -46.104586777989503, -23.100583025995732 ], [ -46.104924250979984, -23.100609704991967 ], [ -46.105087527990698, -23.100543455991104 ], [ -46.105118577994162, -23.100498740984623 ], [ -46.105179078975368, -23.100332488998816 ], [ -46.105178148985814, -23.100216826998611 ], [ -46.105080660996038, -23.099754600005486 ], [ -46.105054437976555, -23.099407267977103 ], [ -46.105131802990812, -23.099225905998811 ], [ -46.105356280003484, -23.099065694976058 ], [ -46.105621962992188, -23.099064205008471 ], [ -46.105849415995777, -23.099127201992282 ], [ -46.106019196974763, -23.098967083976284 ], [ -46.106398625006129, -23.098487517990296 ], [ -46.106872282005611, -23.098263227978315 ], [ -46.107003559976135, -23.098239872000065 ], [ -46.107371058991355, -23.098054667983703 ], [ -46.107518605983898, -23.097937588002122 ], [ -46.107658238979013, -23.097769794978145 ], [ -46.108014473995411, -23.097275426001097 ], [ -46.107997426006584, -23.097131516999209 ], [ -46.107926388997292, -23.097059993974622 ], [ -46.107768457006678, -23.096930265995478 ], [ -46.107562099000546, -23.09660737598184 ], [ -46.107448921978751, -23.096148530994416 ], [ -46.107466197997951, -23.09605301500503 ], [ -46.107519579990864, -23.096015857981346 ], [ -46.107516601986703, -23.095905586992291 ], [ -46.107586860974521, -23.095739478003797 ], [ -46.107842861986519, -23.095506546006568 ], [ -46.10786451300784, -23.095383989998187 ], [ -46.107845200994674, -23.094862384986378 ], [ -46.107795484992117, -23.094574335980518 ], [ -46.107732547003536, -23.09442974899876 ], [ -46.107606113000593, -23.094286029984005 ], [ -46.107276306008437, -23.094042628993478 ], [ -46.106688271004941, -23.093765591990493 ], [ -46.106546318972235, -23.09367223900356 ], [ -46.106236143980574, -23.093366783994544 ], [ -46.106046164003196, -23.092549014992198 ], [ -46.106013826003704, -23.09249884397596 ], [ -46.105987929985403, -23.092245481006128 ], [ -46.105883565003907, -23.091898798990485 ], [ -46.105740582983927, -23.091639184997685 ], [ -46.105244708007582, -23.091172867983744 ], [ -46.104836395975042, -23.090951789974909 ], [ -46.104670647995071, -23.090822845991919 ], [ -46.104529207007424, -23.090643665976419 ], [ -46.10447275798974, -23.090463032988509 ], [ -46.104477306004881, -23.090087243006266 ], [ -46.104724358993529, -23.08963734297609 ], [ -46.104846138976448, -23.089202753989863 ], [ -46.104939010973006, -23.089027945982743 ], [ -46.105098415007554, -23.088507177997595 ], [ -46.105142506987121, -23.088159982003884 ], [ -46.105117121981657, -23.087933729993011 ], [ -46.105008895990565, -23.087076510994631 ], [ -46.105004224984057, -23.086556023976268 ], [ -46.105075403999095, -23.085658994983447 ], [ -46.105094236004085, -23.085417134986315 ], [ -46.10510079698841, -23.085037760981852 ], [ -46.105068405987133, -23.084821344004592 ], [ -46.104980372988543, -23.084547182981179 ], [ -46.104877983009111, -23.084425500981112 ], [ -46.104673524988989, -23.084333026983199 ], [ -46.104511415987623, -23.084389354982495 ], [ -46.104221360005255, -23.084559436000852 ], [ -46.103816354974406, -23.084656437998415 ], [ -46.103659276977631, -23.084534848979789 ], [ -46.103555727004341, -23.084311052994874 ], [ -46.103469662001949, -23.084261891978219 ], [ -46.102985482978724, -23.084250201980502 ], [ -46.102765288972222, -23.084107799977435 ], [ -46.102546288992755, -23.084065703990923 ], [ -46.102357228001445, -23.083930086998752 ], [ -46.102206941980882, -23.083698370004395 ], [ -46.102183042987129, -23.083612182981749 ], [ -46.102182216990848, -23.083547117995003 ], [ -46.10231255397963, -23.083408102977021 ], [ -46.102134615998516, -23.083306983997744 ], [ -46.101899097994561, -23.083260124975553 ], [ -46.101821337008673, -23.083239096001076 ], [ -46.101648215982976, -23.083254599005706 ], [ -46.101383614988031, -23.08336451800481 ], [ -46.101150956995092, -23.083547190998889 ], [ -46.101011596992613, -23.083699623989833 ], [ -46.100919073983931, -23.083910574978617 ], [ -46.100834327981183, -23.083954493986447 ], [ -46.100559921975297, -23.083841099977928 ], [ -46.100387651009115, -23.083863842983529 ], [ -46.100333661975512, -23.083936225999558 ], [ -46.100204562996915, -23.084341791994181 ], [ -46.099952155989939, -23.084536818995254 ], [ -46.099690358996014, -23.084541066006711 ], [ -46.099533999996311, -23.084490860974778 ], [ -46.099486154973974, -23.084434133991035 ], [ -46.099486305995065, -23.08436908399845 ], [ -46.099562567990766, -23.084194935000813 ], [ -46.099570053977288, -23.084101082005706 ], [ -46.099467535008849, -23.084043543995566 ], [ -46.099029394975183, -23.08396747200538 ], [ -46.098626571001994, -23.083994923007367 ], [ -46.098420383999553, -23.08405872198804 ], [ -46.098148066994476, -23.084219117987157 ], [ -46.098077740997645, -23.084219879996542 ], [ -46.097842420977081, -23.084105256004538 ], [ -46.097663299972915, -23.084128798003864 ], [ -46.097468894987031, -23.084245174000731 ], [ -46.09730541099119, -23.084268043976007 ], [ -46.096968141974727, -23.0841193779764 ], [ -46.096418617980596, -23.083765171990013 ], [ -46.096089283990594, -23.083553376980639 ], [ -46.095808119972766, -23.083548294979298 ], [ -46.095542983981588, -23.083744932986644 ], [ -46.095046462991554, -23.084219121007543 ], [ -46.094750443991487, -23.084394517987374 ], [ -46.09461040600852, -23.084416830978295 ], [ -46.094469153004972, -23.084396660978705 ], [ -46.094187665999613, -23.0842976069777 ], [ -46.093935541994554, -23.084082437984833 ], [ -46.093840334986623, -23.083828944006584 ], [ -46.093870547993703, -23.083720068977851 ], [ -46.094001853986555, -23.083581977993816 ], [ -46.094024463000267, -23.083517261991346 ], [ -46.093937052005252, -23.083264787974997 ], [ -46.093957722980569, -23.082918149008229 ], [ -46.093916786993226, -23.082744971007106 ], [ -46.093962996007889, -23.082614649997815 ], [ -46.093978060987212, -23.082534461978174 ], [ -46.093921614007854, -23.082354728988214 ], [ -46.093904500975597, -23.082159317004553 ], [ -46.094020660005668, -23.082049912979286 ], [ -46.094011913002397, -23.081935037976837 ], [ -46.09394874497513, -23.081804897008684 ], [ -46.093758901006687, -23.081546381992865 ], [ -46.093465083993955, -23.081314327993159 ], [ -46.093272654981909, -23.081260868993553 ], [ -46.093163026972583, -23.081275501003528 ], [ -46.092898281981967, -23.081393536002821 ], [ -46.092731000989239, -23.081354002990643 ], [ -46.092629944003164, -23.081156438984838 ], [ -46.092579864003632, -23.080722914004923 ], [ -46.092548147975677, -23.080693529977687 ], [ -46.09256046997691, -23.080209434004011 ], [ -46.09251254799868, -23.080101203987692 ], [ -46.092031780004682, -23.079613383995564 ], [ -46.091522763986198, -23.079458534979413 ], [ -46.091065013994665, -23.079163500992685 ], [ -46.090871451981187, -23.079007022980601 ], [ -46.090752984988207, -23.078856179974935 ], [ -46.090751343006453, -23.078726051007784 ], [ -46.090836370000567, -23.07860986097446 ], [ -46.090938437987276, -23.078580662004484 ], [ -46.091437854998588, -23.078613395987855 ], [ -46.091688255007419, -23.078590018003919 ], [ -46.091882391000318, -23.078545021974332 ], [ -46.092061296975814, -23.078421193992696 ], [ -46.092130051001924, -23.078173752990626 ], [ -46.092049605983206, -23.07791415298259 ], [ -46.091811502983745, -23.077511259004034 ], [ -46.091623340995163, -23.077325045983883 ], [ -46.091489698976517, -23.077260713984071 ], [ -46.090738401980587, -23.077056176978932 ], [ -46.090455290976138, -23.076826986985651 ], [ -46.090414834005891, -23.076682726981915 ], [ -46.090445534988547, -23.076545851002049 ], [ -46.090561535978715, -23.076501499981724 ], [ -46.090695050993929, -23.076573059007075 ], [ -46.09078214898534, -23.076730662978228 ], [ -46.090853306999811, -23.076738047001747 ], [ -46.090883173000016, -23.076593026999817 ], [ -46.090874068002371, -23.076498926978338 ], [ -46.090843313983797, -23.076470459995477 ], [ -46.090872010979055, -23.076224229984888 ], [ -46.091057429982122, -23.076006534992949 ], [ -46.091057110972294, -23.075912565006192 ], [ -46.090985053990813, -23.075844632981692 ], [ -46.090697135002927, -23.075835827988936 ], [ -46.090476886001554, -23.075641906975441 ], [ -46.090069731978083, -23.075470500987372 ], [ -46.089682269991378, -23.075009360990645 ], [ -46.089505741989669, -23.074491730999888 ], [ -46.089431342003124, -23.073885272002787 ], [ -46.089438440007342, -23.073757983002153 ], [ -46.08966896297207, -23.073305145995811 ], [ -46.089876732001912, -23.072813118975766 ], [ -46.089875185984717, -23.072733586985223 ], [ -46.089906961008488, -23.072703340976187 ], [ -46.089981268979408, -23.072305098007408 ], [ -46.090032981976549, -23.071914648983693 ], [ -46.090037818973805, -23.071524404988335 ], [ -46.090158210008227, -23.071003066988652 ], [ -46.090139823995287, -23.070656748984387 ], [ -46.090006122983048, -23.070483993995705 ], [ -46.089949810986504, -23.07029703298177 ], [ -46.089987581984964, -23.07020272699679 ], [ -46.090383429003047, -23.069844508984033 ], [ -46.09052196600323, -23.069627020002883 ], [ -46.090534809996477, -23.069506141008453 ], [ -46.090507189008406, -23.069409958007128 ], [ -46.090370353998459, -23.069192883977546 ], [ -46.090266679006113, -23.068978111987885 ], [ -46.090170415989917, -23.068617985001495 ], [ -46.089808151999463, -23.068281000003033 ], [ -46.089729831989629, -23.068180446979067 ], [ -46.089729263005729, -23.06810092897636 ], [ -46.089705959972235, -23.068093354000581 ], [ -46.089704443992112, -23.06795599799803 ], [ -46.089904114002245, -23.067536130005731 ], [ -46.089955921005711, -23.067196278986753 ], [ -46.090048530996341, -23.067092851978057 ], [ -46.090103339988467, -23.06708553698498 ], [ -46.090173405974731, -23.067099229981341 ], [ -46.09024438799274, -23.0671725679857 ], [ -46.090393055985629, -23.067214537006734 ], [ -46.090587125993103, -23.067060216983791 ], [ -46.090773923975611, -23.066987103990151 ], [ -46.091093771006342, -23.066955727006704 ], [ -46.091226359000622, -23.066911621996624 ], [ -46.091342158975102, -23.066766073976794 ], [ -46.091402718995404, -23.06648417698764 ], [ -46.091713153975576, -23.066207807984313 ], [ -46.091681345008261, -23.066127824987152 ], [ -46.091539414993775, -23.066035361005049 ], [ -46.090834008999266, -23.065722180977957 ], [ -46.090613457995225, -23.065434290996702 ], [ -46.090488381978382, -23.065046629001124 ], [ -46.090443889994908, -23.064685464994479 ], [ -46.090354509979107, -23.064322729989808 ], [ -46.090291433980745, -23.064244087993966 ], [ -46.090100846007985, -23.063861774986819 ], [ -46.090076484981381, -23.063746665997641 ], [ -46.090090366003238, -23.063566170004783 ], [ -46.089980588988411, -23.063421779990076 ], [ -46.08986317898492, -23.063379372980098 ], [ -46.089612932007299, -23.063395521989399 ], [ -46.089090005977077, -23.063594632984955 ], [ -46.088919112003857, -23.063595699998558 ], [ -46.088834276972563, -23.063532996002344 ], [ -46.088830495005013, -23.063357659007679 ], [ -46.089356351978104, -23.062653529991522 ], [ -46.089432835981249, -23.062522756996181 ], [ -46.089463423977982, -23.062392202979012 ], [ -46.089469844000099, -23.062247737003652 ], [ -46.089421169983154, -23.061958792007353 ], [ -46.089269382974372, -23.061591511008018 ], [ -46.089169290974553, -23.061451782001019 ], [ -46.088531660008989, -23.061060995982704 ], [ -46.088318396981258, -23.06085994798114 ], [ -46.088152634975536, -23.060622563001139 ], [ -46.088119270981871, -23.06051996898405 ], [ -46.088093257002456, -23.060275632999637 ], [ -46.08813176200745, -23.059914801986 ], [ -46.088097985002022, -23.059611621999391 ], [ -46.087970843976976, -23.059287172001056 ], [ -46.087741633981707, -23.058992822992209 ], [ -46.087677788995684, -23.058790387983542 ], [ -46.087661003998477, -23.058688944004906 ], [ -46.087590373992342, -23.058595733005564 ], [ -46.087463961993805, -23.058509820991979 ], [ -46.087291435991403, -23.058380755988992 ], [ -46.08721265098756, -23.058251281999489 ], [ -46.087286768983994, -23.057751840979762 ], [ -46.087221931985141, -23.057550293975272 ], [ -46.086599105990999, -23.056759463986932 ], [ -46.086566688973747, -23.056658690974331 ], [ -46.086557619008545, -23.05650676498276 ], [ -46.08663446500141, -23.056355217992767 ], [ -46.086672169982037, -23.056152489977578 ], [ -46.0865653909866, -23.055444349999359 ], [ -46.086454679001186, -23.055242118004848 ], [ -46.086178451998187, -23.055013020994078 ], [ -46.086185095973129, -23.054911926997423 ], [ -46.086427109005818, -23.054751097975366 ], [ -46.086604791976477, -23.054583888974403 ], [ -46.086586670003882, -23.05439116999127 ], [ -46.086510060005729, -23.054193060979017 ], [ -46.086382534979258, -23.054003227976953 ], [ -46.086248902975584, -23.054051829995917 ], [ -46.086116513993829, -23.054197126977623 ], [ -46.086070494981115, -23.054204572006125 ], [ -46.085976189988436, -23.054125462976032 ], [ -46.085950889996738, -23.053952513994467 ], [ -46.086236053983775, -23.053444477001044 ], [ -46.086171598976577, -23.053221250988237 ], [ -46.08600573898061, -23.052990187002351 ], [ -46.085963938975219, -23.052643516997154 ], [ -46.085947975005084, -23.052607137989579 ], [ -46.085854001992686, -23.052565076976844 ], [ -46.085760390977697, -23.052558259005501 ], [ -46.085510382987458, -23.052617772986213 ], [ -46.085385867988087, -23.052647537981642 ], [ -46.085190820977985, -23.052634687007522 ], [ -46.084901471005367, -23.052542726002255 ], [ -46.084444926976097, -23.052184441990132 ], [ -46.084035664981627, -23.051746448979316 ], [ -46.083841090992237, -23.051762516995904 ], [ -46.083538954000197, -23.052067908976035 ], [ -46.083398567972509, -23.052111890981994 ], [ -46.083225044002845, -23.052096648981973 ], [ -46.083152954981813, -23.052031422007492 ], [ -46.083089938986156, -23.051782014002065 ], [ -46.08298726299946, -23.051623267983814 ], [ -46.082916859988686, -23.051573425983985 ], [ -46.082783372989226, -23.051501861003928 ], [ -46.082256473995002, -23.051427125978577 ], [ -46.082054898982456, -23.051284970979591 ], [ -46.081683989994346, -23.051111371987709 ], [ -46.081611230986297, -23.050860913982923 ], [ -46.081887058998255, -23.050720475992989 ], [ -46.081963954978775, -23.050510202987375 ], [ -46.082188945004937, -23.050429538979071 ], [ -46.082298017003936, -23.050333590007547 ], [ -46.082405767997685, -23.050145462983586 ], [ -46.082385944982775, -23.049603057000105 ], [ -46.08260961697863, -23.049262160981154 ], [ -46.082949991003844, -23.048891384991315 ], [ -46.082956889006169, -23.048775837983708 ], [ -46.082877986984634, -23.04865358798401 ], [ -46.082705477002406, -23.048524518007088 ], [ -46.082641813982185, -23.048424179984899 ], [ -46.082505757975937, -23.047940572006222 ], [ -46.082283147976781, -23.047493619001234 ], [ -46.082069727972879, -23.047191364999737 ], [ -46.081966837986307, -23.046989245989536 ], [ -46.081950042976253, -23.04688870498083 ], [ -46.082004154000302, -23.046809100985939 ], [ -46.082308465001418, -23.046770280976435 ], [ -46.082378317998064, -23.046683684001227 ], [ -46.082393385980062, -23.046603496004792 ], [ -46.082462388976673, -23.046509657987624 ], [ -46.082443475988413, -23.046082916005677 ], [ -46.082380160008924, -23.046018723974822 ], [ -46.082270717991463, -23.045968297990211 ], [ -46.081942670982748, -23.045912796986777 ], [ -46.081746092985732, -23.045820409983957 ], [ -46.081425728972107, -23.045772251006902 ], [ -46.081316144977045, -23.045729953992748 ], [ -46.081253350997642, -23.045635952976646 ], [ -46.081329082988425, -23.045324468001876 ], [ -46.08107877498319, -23.045290005995572 ], [ -46.080845118988165, -23.04536421297971 ], [ -46.080723299991703, -23.04540756698146 ], [ -46.080635786974, -23.045387283998881 ], [ -46.080603673979581, -23.045325365008079 ], [ -46.080646447976711, -23.044888701985602 ], [ -46.080736963997978, -23.044569307997101 ], [ -46.080709230977867, -23.04442432999603 ], [ -46.080625655983837, -23.044346281000646 ], [ -46.080523896976274, -23.044303196980636 ], [ -46.080257327991788, -23.044305533985831 ], [ -46.079961316991373, -23.044372482975934 ], [ -46.079851623987388, -23.044336507993219 ], [ -46.079804430996759, -23.044243642989279 ], [ -46.07978721697463, -23.044055454008564 ], [ -46.079472816991995, -23.043833904981526 ], [ -46.079425767002178, -23.043732910976885 ], [ -46.079425076993424, -23.043660618977114 ], [ -46.079595888996302, -23.043551138994186 ], [ -46.07963497997838, -23.043492995975942 ], [ -46.079633566986026, -23.043406236989231 ], [ -46.079570850992958, -23.043363735998032 ], [ -46.079203642977518, -23.043314871978218 ], [ -46.078644487007551, -23.043300177003147 ], [ -46.078342496989642, -23.043039056974635 ], [ -46.078207409005628, -23.042780434998161 ], [ -46.078196135000475, -23.042252611992868 ], [ -46.078356616002388, -23.041896318977855 ], [ -46.078363896005712, -23.041759093002689 ], [ -46.078159209004994, -23.041572613997126 ], [ -46.078110966979011, -23.041428232000989 ], [ -46.078272919003496, -23.041211102005782 ], [ -46.078397335007629, -23.04113074497781 ], [ -46.078513631997758, -23.040956299976319 ], [ -46.078535911992383, -23.040854536000367 ], [ -46.078463139005322, -23.040493847002661 ], [ -46.078485782983783, -23.040371306991403 ], [ -46.078563080984388, -23.040305604006029 ], [ -46.078703999986651, -23.040398066000275 ], [ -46.078743981983344, -23.040456488986891 ], [ -46.07882861100628, -23.040474019974074 ], [ -46.078875161992734, -23.040435864977511 ], [ -46.078903077000177, -23.040346835004151 ], [ -46.07888759898254, -23.040115303004203 ], [ -46.078909177003659, -23.039886131979245 ], [ -46.078784460983499, -23.039704464999915 ], [ -46.07823518898325, -23.039404404990357 ], [ -46.077625103972622, -23.039176617000052 ], [ -46.077366220001899, -23.039019140981807 ], [ -46.077294286974762, -23.038889763994668 ], [ -46.077188008989495, -23.038435508975827 ], [ -46.077070006004291, -23.038205150994973 ], [ -46.076872789986801, -23.037982640974452 ], [ -46.076447815992474, -23.037609445007938 ], [ -46.076297718007233, -23.037372279998944 ], [ -46.076262294003108, -23.037220861992449 ], [ -46.076265747003298, -23.03713507900104 ], [ -46.076395520995831, -23.036915661978476 ], [ -46.076605507994394, -23.036798639992483 ], [ -46.077166632993453, -23.036643509998186 ], [ -46.077947286004992, -23.036551298988222 ], [ -46.078259620993499, -23.036499053986436 ], [ -46.078399174000694, -23.036446028976144 ], [ -46.078601167006063, -23.036227690992881 ], [ -46.078685706978533, -23.036082586999989 ], [ -46.078831038008637, -23.035698959974596 ], [ -46.078838011974803, -23.034741334000511 ], [ -46.078816515005308, -23.03463078200139 ], [ -46.079007548004753, -23.034424928977771 ], [ -46.0791011809766, -23.034373926981011 ], [ -46.079319405974267, -23.034343763007637 ], [ -46.080163539974109, -23.034416930986325 ], [ -46.080351022992716, -23.034358296998843 ], [ -46.080818096990853, -23.034109587974907 ], [ -46.081207607000636, -23.033997957007351 ], [ -46.081425798991248, -23.034025615004023 ], [ -46.081786571007349, -23.03421803797999 ], [ -46.082068057001379, -23.034310791976758 ], [ -46.082146165980191, -23.034310152974914 ], [ -46.082270918994361, -23.034265937978606 ], [ -46.082394979979732, -23.034149431979831 ], [ -46.082569811985628, -23.033808707975773 ], [ -46.082569456001508, -23.033549391974706 ], [ -46.082497305994607, -23.033208590993311 ], [ -46.082113513990997, -23.032097847976885 ], [ -46.082107533975872, -23.031433672002233 ], [ -46.082067131991359, -23.031231582975295 ], [ -46.081956446008483, -23.031029345986337 ], [ -46.081853990001441, -23.030914873998519 ], [ -46.081397022994906, -23.030529465995492 ], [ -46.081204797980767, -23.030412747982208 ], [ -46.080737760992243, -23.029989239002525 ], [ -46.08050980997622, -23.029738263980228 ], [ -46.08044570199327, -23.029608100984007 ], [ -46.080341212988095, -23.029218927986708 ], [ -46.08032428598861, -23.028958459987383 ], [ -46.080413414986381, -23.028438462001489 ], [ -46.080519837983125, -23.028046118979415 ], [ -46.080695550003689, -23.027654812985897 ], [ -46.080895204999713, -23.027234047980993 ], [ -46.080956365999853, -23.026973844975917 ], [ -46.080771483990652, -23.026325062008649 ], [ -46.080781048981038, -23.025609615996721 ], [ -46.080622726976785, -23.025284690007314 ], [ -46.080251068990449, -23.024766831998466 ], [ -46.080187283973288, -23.024506566982353 ], [ -46.080196773980667, -23.024130843984725 ], [ -46.080182738006165, -23.02404028197569 ], [ -46.080063215975549, -23.02378550698872 ], [ -46.079622443981975, -23.023368711006341 ], [ -46.079385630998942, -23.023067003985528 ], [ -46.07922937997288, -23.022679764989626 ], [ -46.078988815994762, -23.022201813975641 ], [ -46.078670056983448, -23.021394712991494 ], [ -46.078490125972884, -23.020631252981516 ], [ -46.07839293700787, -23.0199367949829 ], [ -46.078296720000132, -23.019633576977423 ], [ -46.078059732986532, -23.019230671005364 ], [ -46.07790182598265, -23.019050310976251 ], [ -46.077650272002316, -23.018810724002101 ], [ -46.076927234991338, -23.01834903299736 ], [ -46.076534361986063, -23.018041367997025 ], [ -46.076219499997244, -23.017682467984084 ], [ -46.075777419996086, -23.01706325199579 ], [ -46.075510120992789, -23.016775536976418 ], [ -46.07514862597823, -23.016460207980661 ], [ -46.074834310987477, -23.016237744999327 ], [ -46.074520884974824, -23.016131848990479 ], [ -46.074392468985103, -23.016107335003948 ], [ -46.073817719997535, -23.016208943008326 ], [ -46.07359917897805, -23.016202952983331 ], [ -46.073333205992363, -23.016118548004659 ], [ -46.073324929977694, -23.016089510975831 ], [ -46.07280012197603, -23.01584762199024 ], [ -46.072517508976006, -23.015654542983377 ], [ -46.072156380993903, -23.015374448996237 ], [ -46.07176356499216, -23.015008947993326 ], [ -46.070959806972162, -23.014421330984941 ], [ -46.070849263990617, -23.014045610993911 ], [ -46.070848109998465, -23.013944398004288 ], [ -46.070986987978813, -23.013538993986916 ], [ -46.071531475987328, -23.012378913984424 ], [ -46.071653745980257, -23.011974162985489 ], [ -46.071810983984008, -23.011133535007456 ], [ -46.07177613800765, -23.010671309003659 ], [ -46.071404886973909, -23.008129534005096 ], [ -46.071471555985582, -23.007667025985601 ], [ -46.071460145982947, -23.007204248991798 ], [ -46.071307260976312, -23.006627308981525 ], [ -46.070966965005432, -23.006051167979731 ], [ -46.070798394972165, -23.005589642977572 ], [ -46.070719401989784, -23.005474612004562 ], [ -46.069530451986395, -23.004203550991672 ], [ -46.069270440006086, -23.003836423993931 ], [ -46.068930159984752, -23.003260278996834 ], [ -46.068724350999759, -23.003030397991981 ], [ -46.06777258197765, -23.002205618991542 ], [ -46.06740960998868, -23.001810736996482 ], [ -46.067203923989297, -23.001407378990621 ], [ -46.067107744994047, -23.001104152989136 ], [ -46.067094629990464, -23.000906082974776 ], [ -46.06715367997618, -23.000655789985174 ], [ -46.067208295990255, -23.000491265994345 ], [ -46.067215411979419, -23.000475109976907 ], [ -46.067225318982295, -23.000411107975768 ], [ -46.067225126991545, -23.000199678994534 ], [ -46.067207904993786, -23.000124426989984 ], [ -46.067178393989543, -23.000026401988549 ], [ -46.066810050980457, -22.999604331995101 ], [ -46.066242146996331, -22.999264189000183 ], [ -46.065959243996119, -22.998978933007468 ], [ -46.065646578996656, -22.998498968996778 ], [ -46.065518800991235, -22.998105815982438 ], [ -46.065486603988923, -22.997883062977149 ], [ -46.065582163008258, -22.997221311004449 ], [ -46.066088610996019, -22.995725460979358 ], [ -46.066301066982497, -22.995020290976587 ], [ -46.066389900998203, -22.994574379984211 ], [ -46.066459039991578, -22.9944163989895 ], [ -46.066743138005023, -22.994077333001528 ], [ -46.067036311001281, -22.993888390001235 ], [ -46.067299664981547, -22.993785735980516 ], [ -46.067562726984775, -22.993755360000502 ], [ -46.067990322997225, -22.993803354998324 ], [ -46.068697260978063, -22.994005535997374 ], [ -46.069239820979902, -22.994009176001125 ], [ -46.069541909973218, -22.993979382980733 ], [ -46.070005974997827, -22.993839987005288 ], [ -46.070190882994133, -22.993702718983393 ], [ -46.070345329003686, -22.993521623004323 ], [ -46.07047470397297, -22.993211848982121 ], [ -46.07062280497405, -22.992334939002408 ], [ -46.070588670993651, -22.992055235002912 ], [ -46.070461303982917, -22.991582581006192 ], [ -46.069954460972852, -22.99032176600868 ], [ -46.069929109972271, -22.990042192998995 ], [ -46.069989179995503, -22.989733184994538 ], [ -46.070195808978504, -22.98935861399076 ], [ -46.070565307991593, -22.988990104982662 ], [ -46.071012344001687, -22.988707690991088 ], [ -46.071591533977774, -22.988401962979768 ], [ -46.072294927999586, -22.988080930982765 ], [ -46.072968112007679, -22.987868768996428 ], [ -46.073785031990916, -22.987417518976908 ], [ -46.07457958499473, -22.986794258005801 ], [ -46.075674900974839, -22.98604810598944 ], [ -46.076037941997363, -22.985880070989211 ], [ -46.076525748976458, -22.985776249981235 ], [ -46.076812693974929, -22.985774225976812 ], [ -46.077122908972235, -22.9858367019831 ], [ -46.078304894984718, -22.986216727976036 ], [ -46.078530559994029, -22.986314978980047 ], [ -46.078780077006215, -22.986500325989631 ], [ -46.079215874992563, -22.986748094992702 ], [ -46.079949258976704, -22.986999413981316 ], [ -46.080038166004577, -22.987049534983065 ], [ -46.08010570397736, -22.98709391599521 ], [ -46.080212124979084, -22.987147010000267 ], [ -46.080600060001267, -22.987341653995511 ], [ -46.080832859008865, -22.98736682199193 ], [ -46.081198632974051, -22.987265678975334 ], [ -46.081400075975772, -22.987130451985703 ], [ -46.081687772995124, -22.986805869993283 ], [ -46.081916665983933, -22.986383731008122 ], [ -46.082107409985504, -22.9860784789958 ], [ -46.082346305988899, -22.985754070001583 ], [ -46.082610015998974, -22.98546165497882 ], [ -46.082188765994069, -22.985442705984994 ], [ -46.08189866097829, -22.985346206979816 ], [ -46.081711154985996, -22.985242207002575 ], [ -46.081479826985642, -22.985077013984164 ], [ -46.081371600990941, -22.984903723999718 ], [ -46.080958683992264, -22.983792526998176 ], [ -46.080626286980078, -22.982820772987868 ], [ -46.080534320004205, -22.982610679974353 ], [ -46.079990458005675, -22.981678225982289 ], [ -46.079248338991796, -22.980364220976611 ], [ -46.079047141982286, -22.980150684977097 ], [ -46.078669758002071, -22.979911920995981 ], [ -46.078309050003597, -22.979780022989448 ], [ -46.078208804007581, -22.979708949986627 ], [ -46.078111768974196, -22.979621660006014 ], [ -46.077922331994095, -22.979349568998053 ], [ -46.077854549992118, -22.978984428979718 ], [ -46.077885298997643, -22.978397592983946 ], [ -46.077910282006975, -22.977917287996345 ], [ -46.077905040990522, -22.977658797984002 ], [ -46.077876961002765, -22.977534593000485 ], [ -46.077826947975645, -22.977381147002589 ], [ -46.07772289999177, -22.977248574989865 ], [ -46.077646666996948, -22.977199545993642 ], [ -46.077560156993925, -22.977180179001607 ], [ -46.07728780000695, -22.977186036005463 ], [ -46.077000537002576, -22.977263049001106 ], [ -46.076765908000326, -22.977343560997539 ], [ -46.075855878990204, -22.977710304982562 ], [ -46.075378475991641, -22.977946196004019 ], [ -46.074979129002273, -22.978238371991122 ], [ -46.074419804975172, -22.978861551006968 ], [ -46.073509209983811, -22.979761358983055 ], [ -46.073333498983231, -22.979876180975975 ], [ -46.073112067991929, -22.979927068977947 ], [ -46.072819918979867, -22.979836847002847 ], [ -46.072413137009029, -22.979605758996492 ], [ -46.072089433977034, -22.979422902003922 ], [ -46.071766795993405, -22.979290657003602 ], [ -46.071405726003121, -22.979235538995365 ], [ -46.070951890001659, -22.97923956297446 ], [ -46.070442170985025, -22.979314124994573 ], [ -46.069906556984172, -22.979474131983402 ], [ -46.069143553980396, -22.979746369976596 ], [ -46.068665813999402, -22.979889172983405 ], [ -46.068391048994002, -22.979976296981878 ], [ -46.068146448003205, -22.980068391991136 ], [ -46.067902273979641, -22.980136097998678 ], [ -46.067672654994603, -22.980208541001598 ], [ -46.067530956991938, -22.980219961986649 ], [ -46.067381818976251, -22.980210488981836 ], [ -46.067242031972128, -22.980168629978479 ], [ -46.067120313004928, -22.980098129979666 ], [ -46.067028099984277, -22.980014519998953 ], [ -46.06685424598146, -22.979856495990894 ], [ -46.066641551978101, -22.97963192898138 ], [ -46.066456927974073, -22.979420432981698 ], [ -46.06635787797638, -22.979281604993506 ], [ -46.066245924007539, -22.978932961991067 ], [ -46.066071977994696, -22.978446951976633 ], [ -46.065989934995791, -22.978228867990563 ], [ -46.065889513986725, -22.978001471997135 ], [ -46.06569090298148, -22.977586469993781 ], [ -46.065134645974588, -22.976477586002815 ], [ -46.064801922981147, -22.975809378980955 ], [ -46.064590808977883, -22.975495382993021 ], [ -46.064304000974118, -22.975157656999528 ], [ -46.06404291398345, -22.974855555988221 ], [ -46.063661003992735, -22.974543501985089 ], [ -46.063448558973128, -22.97441651499102 ], [ -46.062655605991672, -22.974062120979514 ], [ -46.06212290197994, -22.973835432993141 ], [ -46.061685522990643, -22.973681560006888 ], [ -46.061364675000952, -22.973615279001521 ], [ -46.060834791006435, -22.973561204002831 ], [ -46.060456392980292, -22.973549169984715 ], [ -46.059963909005816, -22.973587816974813 ], [ -46.059180989989059, -22.973661833978188 ], [ -46.058986184003636, -22.97364172497549 ], [ -46.058645905971993, -22.973570627974926 ], [ -46.058350518986209, -22.973499304983893 ], [ -46.057949307993631, -22.97339746998739 ], [ -46.057744678979759, -22.973325708975437 ], [ -46.057487817000698, -22.973227860978795 ], [ -46.05704533998928, -22.973031431004461 ], [ -46.056812206004288, -22.972860753997715 ], [ -46.056584619008049, -22.972652210989246 ], [ -46.056321183994307, -22.972318437976906 ], [ -46.055937770009088, -22.971650347995801 ], [ -46.055816403006375, -22.971394618995262 ], [ -46.055758190983084, -22.971154300998247 ], [ -46.055746285973832, -22.9710547320031 ], [ -46.055760608999393, -22.970961883998996 ], [ -46.056000563995902, -22.970413450981297 ], [ -46.056012536999006, -22.970343156003405 ], [ -46.055994922006896, -22.970235369008108 ], [ -46.055972333985345, -22.970132926991639 ], [ -46.055937127983626, -22.970026681008061 ], [ -46.055799891988976, -22.969896303999988 ], [ -46.055640269978262, -22.969817993007801 ], [ -46.055516778000076, -22.969793537007327 ], [ -46.054514433992381, -22.969585019008438 ], [ -46.05439017400407, -22.96954880497551 ], [ -46.054202135986877, -22.969477290980166 ], [ -46.053833367982371, -22.969307266990331 ], [ -46.053554445976324, -22.969188295996123 ], [ -46.052929114978419, -22.968904154986546 ], [ -46.052668120979305, -22.968764672982477 ], [ -46.052485633007358, -22.968655293002112 ], [ -46.05236132398511, -22.968566670976138 ], [ -46.052185039974503, -22.968437505994828 ], [ -46.051991146989266, -22.96825566897893 ], [ -46.051791542975039, -22.968010497987361 ], [ -46.051607548005983, -22.967765562991204 ], [ -46.051442166976166, -22.967516390999705 ], [ -46.050959988001168, -22.966696804998158 ], [ -46.050805130998043, -22.966404423002938 ], [ -46.050736615980775, -22.966195569982261 ], [ -46.050703234987878, -22.965986347006961 ], [ -46.050654965985672, -22.965294407995188 ], [ -46.050619623975969, -22.964257511989818 ], [ -46.05065350298522, -22.96355507097655 ], [ -46.050696270976651, -22.963288272006448 ], [ -46.050751642008919, -22.963081296002116 ], [ -46.051222200978707, -22.961796363001007 ], [ -46.051293975987093, -22.961544458986673 ], [ -46.051401675986114, -22.960694954991894 ], [ -46.051519808005445, -22.960028125005728 ], [ -46.051585306980755, -22.959634270005633 ], [ -46.051611394001313, -22.959372637980302 ], [ -46.051614583008835, -22.959136862006684 ], [ -46.051582769985522, -22.958949346990057 ], [ -46.051474868996827, -22.958650448000817 ], [ -46.0513088570031, -22.958327174981356 ], [ -46.05118968900419, -22.958169056991085 ], [ -46.050441950991349, -22.957195455994203 ], [ -46.049802195005221, -22.956350885998475 ], [ -46.049655957983198, -22.956178802988628 ], [ -46.049450328985458, -22.955834146982006 ], [ -46.049283446005418, -22.955505437981511 ], [ -46.04919180000266, -22.955280874001339 ], [ -46.049122653994623, -22.955108151988959 ], [ -46.049121674000141, -22.954887672985265 ], [ -46.04919706100906, -22.954541855993131 ], [ -46.049285417996082, -22.954290203982527 ], [ -46.049431961001339, -22.954003291983909 ], [ -46.049658933006761, -22.953637183992765 ], [ -46.050017516994103, -22.95322156900216 ], [ -46.05042544199565, -22.952774174007999 ], [ -46.051369941003088, -22.951886749977287 ], [ -46.052390563985398, -22.950831511005592 ], [ -46.052582690981886, -22.950669974998284 ], [ -46.053034822001273, -22.95042563598567 ], [ -46.053124729977881, -22.950361941995812 ], [ -46.053204099000176, -22.950287246003718 ], [ -46.053247235983754, -22.950220132995295 ], [ -46.053268353987285, -22.950129194986083 ], [ -46.053270684003984, -22.950052428976178 ], [ -46.053256863984039, -22.949951022989634 ], [ -46.053235689997976, -22.94987932300133 ], [ -46.052970635004172, -22.949363904983006 ], [ -46.052741734982668, -22.948845418994217 ], [ -46.052647431000437, -22.948550339975526 ], [ -46.052298131972755, -22.947667708986053 ], [ -46.05200648600276, -22.946945877997273 ], [ -46.051590170002051, -22.946101986991316 ], [ -46.050982539004714, -22.944987745991966 ], [ -46.050672791989129, -22.944352377982909 ], [ -46.050469089999858, -22.943789092995505 ], [ -46.050421851001175, -22.943536288006591 ], [ -46.050451758008421, -22.943279231004762 ], [ -46.050751590989975, -22.942542867986791 ], [ -46.051129572973331, -22.941800459989228 ], [ -46.051212768982637, -22.941508971993958 ], [ -46.051257572996917, -22.941181664003089 ], [ -46.051293473972081, -22.940916565981773 ], [ -46.051272615003349, -22.940661450001414 ], [ -46.051222850987543, -22.940441134008172 ], [ -46.051105833996964, -22.940106856980613 ], [ -46.050959735988791, -22.939817314981667 ], [ -46.05078190298407, -22.939557110000408 ], [ -46.050662318980997, -22.939368262980441 ], [ -46.050595336986554, -22.939183828992725 ], [ -46.050593185983679, -22.938919056980499 ], [ -46.050599459983594, -22.938619174993139 ], [ -46.05055929097869, -22.938408040004408 ], [ -46.05045486398086, -22.938189605989237 ], [ -46.050298821990332, -22.937800522982229 ], [ -46.050165240004901, -22.937244624001263 ], [ -46.050091762972905, -22.93687576700594 ], [ -46.049973887007127, -22.936480033976942 ], [ -46.049790239009177, -22.936162815007922 ], [ -46.049606960993096, -22.93593505300008 ], [ -46.049501594983482, -22.935714796983344 ], [ -46.049432582980536, -22.935424616000155 ], [ -46.049392624977457, -22.935256854003995 ], [ -46.049296565994297, -22.935117153996458 ], [ -46.049169579983591, -22.934685139991323 ], [ -46.049029477002207, -22.933891507997885 ], [ -46.048921967986928, -22.933516713004721 ], [ -46.048805808979999, -22.933134557000692 ], [ -46.048659177998054, -22.932765493005611 ], [ -46.048526987995572, -22.932572838990641 ], [ -46.047815891995661, -22.931632299988031 ], [ -46.047055867980589, -22.930811186003091 ], [ -46.046680367000299, -22.930366361995208 ], [ -46.046042195982594, -22.929881406004149 ], [ -46.044980797000477, -22.929333997995577 ], [ -46.04459245298775, -22.928954027994024 ], [ -46.043341586983203, -22.927594150991681 ], [ -46.042833082987912, -22.926949416976907 ], [ -46.042582037974569, -22.926363713976759 ], [ -46.0425053709805, -22.925515921974867 ], [ -46.042379281986243, -22.924924889980986 ], [ -46.042108065973942, -22.924376827003279 ], [ -46.041799599379182, -22.923777090983599 ], [ -46.041601441189435, -22.923785370531164 ], [ -46.040717791146591, -22.923806601271796 ], [ -46.040490539093099, -22.923802960071136 ], [ -46.04027416811104, -22.923773594952166 ], [ -46.040091164873388, -22.923759402356414 ], [ -46.039935795070278, -22.923734767683083 ], [ -46.039691751679669, -22.923710713456408 ], [ -46.039459186406816, -22.923737888336358 ], [ -46.039209722012323, -22.923729260241032 ], [ -46.038965874325214, -22.923730855927417 ], [ -46.038744160822539, -22.923727175981266 ], [ -46.03852810304808, -22.923738850124401 ], [ -46.038295029155883, -22.923699330641199 ], [ -46.038161784180083, -22.923669428074476 ], [ -46.038096694771518, -22.923642593504784 ], [ -46.03795414015525, -22.923598968062453 ], [ -46.037757949201449, -22.923536833143643 ], [ -46.03763049911511, -22.923505961896542 ], [ -46.037453843780057, -22.923439173656959 ], [ -46.037228431691098, -22.923395357203379 ], [ -46.037081274124056, -22.923346495044946 ], [ -46.036929635410111, -22.923352010631337 ], [ -46.036758830751033, -22.923412008863043 ], [ -46.036583416471629, -22.923508275396088 ], [ -46.03643712029281, -22.923572638571262 ], [ -46.036270703029835, -22.923564665072139 ], [ -46.035864154673654, -22.923508434772192 ], [ -46.035760894232361, -22.92344116580972 ], [ -46.035564635604715, -22.923369977993815 ], [ -46.03540289718763, -22.923334794245196 ], [ -46.035260969576051, -22.923331194326483 ], [ -46.035129038158729, -22.923354698907403 ], [ -46.034791412550078, -22.923352374185136 ], [ -46.034600830647882, -22.92338532015021 ], [ -46.034434929434916, -22.923445283929549 ], [ -46.034278189236346, -22.923423660427591 ], [ -46.034165174129399, -22.923360979216632 ], [ -46.034037759312504, -22.923334639165535 ], [ -46.033978843648924, -22.923307843955342 ], [ -46.033905418502187, -22.923224554502255 ], [ -46.033819536676155, -22.923193373419814 ], [ -46.03366467645241, -22.923174004213291 ], [ -46.033596039884728, -22.923156331756253 ], [ -46.033507730535533, -22.923125202412795 ], [ -46.0334511439357, -22.923085330847929 ], [ -46.033359715722895, -22.922963110692145 ], [ -46.033305616753346, -22.922927224289289 ], [ -46.033198012544965, -22.92293244974832 ], [ -46.033071285118368, -22.922996691554221 ], [ -46.033010615631085, -22.923080646052558 ], [ -46.032993933222855, -22.923232672488595 ], [ -46.032984003046735, -22.923335111632465 ], [ -46.032895673608962, -22.923447969428963 ], [ -46.032800081309219, -22.923544362973622 ], [ -46.032739816575166, -22.923594289277432 ], [ -46.032498812861263, -22.92380391153295 ], [ -46.032371185568543, -22.923910412765917 ], [ -46.032243458094399, -22.924003718040392 ], [ -46.03213729337395, -22.924116691381439 ], [ -46.032034362310512, -22.924186712084147 ], [ -46.031902850098184, -22.924250306653182 ], [ -46.031771328045629, -22.924313910242372 ], [ -46.031652206196426, -22.924352593698099 ], [ -46.031464762061155, -22.924345627984362 ], [ -46.031240014606546, -22.924347087759536 ], [ -46.031011458093666, -22.924315540021336 ], [ -46.030840048454507, -22.924293538682566 ], [ -46.030658142054108, -22.92429802540568 ], [ -46.030558329245672, -22.92430858191716 ], [ -46.030455222297348, -22.92435547949534 ], [ -46.030356058775453, -22.924451894804442 ], [ -46.030285660729476, -22.924577849466562 ], [ -46.030257803871081, -22.924667190235237 ], [ -46.030226693109874, -22.924799492706839 ], [ -46.030173729516505, -22.92487248487371 ], [ -46.030074315749467, -22.924935878771016 ], [ -46.029914385849196, -22.925016176571326 ], [ -46.029779128236257, -22.925056679513641 ], [ -46.029597086166724, -22.925044654477666 ], [ -46.029404072927484, -22.924996371576654 ], [ -46.029225135536876, -22.924921577041406 ], [ -46.029046038907033, -22.924826965998641 ], [ -46.028917544766905, -22.92481789000529 ], [ -46.028703727201751, -22.924848992391816 ], [ -46.028432753017469, -22.924870565070812 ], [ -46.0282187608233, -22.924878553689279 ], [ -46.028004818444565, -22.924893153551764 ], [ -46.027819581560614, -22.924930681532206 ], [ -46.027663144234189, -22.925001036764964 ], [ -46.027439615800311, -22.925164310065025 ], [ -46.027262148266857, -22.925284344410795 ], [ -46.027077492935618, -22.925397822302326 ], [ -46.026953354046277, -22.92549439712252 ], [ -46.026864794087395, -22.925577527172862 ], [ -46.02677280481209, -22.925680496691925 ], [ -46.026674045579171, -22.925829747477245 ], [ -46.026553997422688, -22.925995647277801 ], [ -46.026465601378433, -22.92610189934199 ], [ -46.026391664584196, -22.926231172111112 ], [ -46.026382027811231, -22.926373234748329 ], [ -46.026375561867042, -22.926462445648497 ], [ -46.026308379612146, -22.926542140362553 ], [ -46.026198639025885, -22.926655133017388 ], [ -46.026046280370537, -22.926794821155781 ], [ -46.025907898490409, -22.926894784094493 ], [ -46.025787152220587, -22.926968221905181 ], [ -46.025648620832513, -22.927048377279498 ], [ -46.025456674807756, -22.927142083094505 ], [ -46.025232692789174, -22.92724590422808 ], [ -46.025096016434567, -22.927327736274144 ], [ -46.025048057953008, -22.927362685639817 ], [ -46.024941675992558, -22.927449235643344 ], [ -46.024860524674715, -22.927568645611341 ], [ -46.024825466479797, -22.927651429244019 ], [ -46.024819431564993, -22.927796774474665 ], [ -46.024788563322467, -22.927962097340476 ], [ -46.024793687458001, -22.927987328254726 ], [ -46.024707128619859, -22.928045189318905 ], [ -46.024596888617552, -22.928092129253141 ], [ -46.024432488617371, -22.928053564410892 ], [ -46.02431079684866, -22.92800150927372 ], [ -46.02418561074802, -22.927959385288872 ], [ -46.024117582346932, -22.927926801187724 ], [ -46.02394274891131, -22.927924622915427 ], [ -46.023835804697406, -22.927935221282699 ], [ -46.023753997066294, -22.927968771758675 ], [ -46.023644575767605, -22.928124692278654 ], [ -46.023609640836128, -22.928223995331109 ], [ -46.023475469703143, -22.928409792338936 ], [ -46.023437025000064, -22.928515720777952 ], [ -46.023402437109951, -22.928661250046378 ], [ -46.023342786892812, -22.928793735265035 ], [ -46.023254312108698, -22.928890077467397 ], [ -46.023115901249334, -22.928986741407467 ], [ -46.022934831082196, -22.929103488425643 ], [ -46.02279987982471, -22.929186924250928 ], [ -46.022640064366456, -22.929283725689473 ], [ -46.02251948761436, -22.92938026522177 ], [ -46.022420612263964, -22.929516308666294 ], [ -46.02238236469519, -22.929648646717297 ], [ -46.022358606311393, -22.929810626535904 ], [ -46.022323630169701, -22.929903317801401 ], [ -46.022238921215347, -22.930026055327058 ], [ -46.022129298318802, -22.930155556017095 ], [ -46.022040945737835, -22.930268408228457 ], [ -46.021938609060896, -22.930417670241049 ], [ -46.021829099765682, -22.930563690502705 ], [ -46.021744077587591, -22.930643489151628 ], [ -46.021665812062494, -22.930673718921433 ], [ -46.021565845028199, -22.930664453537666 ], [ -46.021490464681662, -22.930602189593039 ], [ -46.021411827648663, -22.930582887211774 ], [ -46.021343872758607, -22.930560201126116 ], [ -46.021126202784771, -22.930554998589034 ], [ -46.020940817230986, -22.930572702369716 ], [ -46.02062337832686, -22.930584652176638 ], [ -46.020462931342813, -22.930598898216289 ], [ -46.020359528897274, -22.930606165627797 ], [ -46.020260081465423, -22.93066624786255 ], [ -46.020242617308384, -22.930715894530334 ], [ -46.020261664632379, -22.930877589959344 ], [ -46.020283934714541, -22.930993036154632 ], [ -46.02032366898618, -22.931058826677525 ], [ -46.02035719044963, -22.93124684920469 ], [ -46.020372530337788, -22.931388760108121 ], [ -46.020377326667194, -22.931553853016339 ], [ -46.020364569528503, -22.931755378549102 ], [ -46.020315859779934, -22.931920815367096 ], [ -46.020302484155479, -22.932039796559422 ], [ -46.020246537174387, -22.93219206524946 ], [ -46.020204742552451, -22.932327731527341 ], [ -46.02010601114619, -22.932483581046338 ], [ -46.020059784182706, -22.932558721665778 ], [ -46.020042490280922, -22.932576455278497 ], [ -46.019921834715312, -22.932663102790627 ], [ -46.019825657868111, -22.932683529069902 ], [ -46.019767896510828, -22.932674343719995 ], [ -46.019711217547403, -22.932613051732734 ], [ -46.019587877731411, -22.932477967578944 ], [ -46.019538232758634, -22.932383164835915 ], [ -46.019507548744897, -22.932206712647133 ], [ -46.019502198947798, -22.932027478303379 ], [ -46.019456862754922, -22.931971514840146 ], [ -46.01932958457845, -22.931879504802787 ], [ -46.019147719054722, -22.931855733620978 ], [ -46.018908197829262, -22.931888975362092 ], [ -46.018737035029069, -22.931903658822002 ], [ -46.018473047205084, -22.931937056889883 ], [ -46.018238183802318, -22.931938563529805 ], [ -46.018066759799893, -22.931917018440213 ], [ -46.017993056016955, -22.931876727247783 ], [ -46.01782645961719, -22.931846091293885 ], [ -46.017747589937599, -22.931769594569623 ], [ -46.017604546315724, -22.931616515817542 ], [ -46.017500330834118, -22.931422415196973 ], [ -46.017410801237659, -22.93122822037337 ], [ -46.017301896921957, -22.931051257297053 ], [ -46.017227896376056, -22.930980275073985 ], [ -46.017036868789319, -22.930954320055289 ], [ -46.016885456770986, -22.930991528564309 ], [ -46.016763169360274, -22.930996846165815 ], [ -46.016630990119694, -22.930988633056053 ], [ -46.016542577598052, -22.930943900998361 ], [ -46.016458644992625, -22.930844791458025 ], [ -46.016404016003662, -22.930736434572182 ], [ -46.016383262051598, -22.930578037328477 ], [ -46.016279927807183, -22.93050169644653 ], [ -46.01617221513267, -22.930493326274632 ], [ -46.016084107284833, -22.930489364939291 ], [ -46.015905141344149, -22.930507563729229 ], [ -46.015746867872132, -22.930541346541006 ], [ -46.015566027026203, -22.930569682400954 ], [ -46.015521925992566, -22.930578391893619 ], [ -46.01537054402047, -22.930602637036849 ], [ -46.01514546334397, -22.930604076496053 ], [ -46.014910500768508, -22.930591993834632 ], [ -46.014743997938332, -22.930574938884028 ], [ -46.014601937281881, -22.930553193258234 ], [ -46.014489059610952, -22.930508625446528 ], [ -46.014351412281556, -22.930423442895606 ], [ -46.01416493407374, -22.930352166149667 ], [ -46.013998542517868, -22.930348694675125 ], [ -46.0137883739297, -22.930381750193064 ], [ -46.013582874169195, -22.930383062346259 ], [ -46.013440871519215, -22.930370374917121 ], [ -46.01324481544404, -22.930326337175728 ], [ -46.013127480134365, -22.930268437670126 ], [ -46.012920499297017, -22.930142697567479 ], [ -46.012817234606942, -22.930075413570091 ], [ -46.012655098730683, -22.929985860398652 ], [ -46.012424450367085, -22.929896744028095 ], [ -46.012194114966533, -22.929848389202789 ], [ -46.012012399168491, -22.92975896018897 ], [ -46.011746626207803, -22.929642336747261 ], [ -46.011526581602325, -22.929493148207644 ], [ -46.011482315205548, -22.929421802095444 ], [ -46.011377808144381, -22.929189662867085 ], [ -46.01126853002954, -22.929084542631919 ], [ -46.011143940397076, -22.928979221718613 ], [ -46.011047431173225, -22.928990196713841 ], [ -46.010797456604536, -22.928958765399884 ], [ -46.010561708999113, -22.928920640349926 ], [ -46.010376299249479, -22.928935025999976 ], [ -46.010187369523088, -22.928956045674422 ], [ -46.010051675457682, -22.928940397521465 ], [ -46.009973089668506, -22.928927682818504 ], [ -46.00978706779879, -22.928859514123022 ], [ -46.009558115816333, -22.928775106683315 ], [ -46.009311392738553, -22.928700720587031 ], [ -46.009061467940562, -22.928675889010112 ], [ -46.008912799944063, -22.928685956708293 ], [ -46.008758405006311, -22.928700929246887 ], [ -46.008651678655717, -22.928741242198345 ], [ -46.008538049045946, -22.928814612915652 ], [ -46.008424282411788, -22.928868176042069 ], [ -46.008324781761466, -22.928921648482881 ], [ -46.008111098595165, -22.928972540032117 ], [ -46.007989851656447, -22.928979921705601 ], [ -46.007886253902534, -22.928960761983792 ], [ -46.007773266989446, -22.928980050158472 ], [ -46.007725855839723, -22.928981597603848 ], [ -46.007611844376335, -22.929002129636572 ], [ -46.007501646128659, -22.929055669467736 ], [ -46.007381131707859, -22.929162115184631 ], [ -46.007292728089602, -22.929268357045292 ], [ -46.007211623426613, -22.929397666896747 ], [ -46.007112878796654, -22.929553508881238 ], [ -46.00705003374194, -22.92973884018047 ], [ -46.006993633219281, -22.929831673270513 ], [ -46.006904691720131, -22.929865260459366 ], [ -46.006815481676711, -22.929862520327173 ], [ -46.006715345021014, -22.929830132269917 ], [ -46.006610430812273, -22.929756938285006 ], [ -46.006594444280722, -22.929701064848111 ], [ -46.006589874733478, -22.929565695712899 ], [ -46.006549732552358, -22.929443757720598 ], [ -46.006516377017768, -22.929275548060282 ], [ -46.006454952945646, -22.929170256488103 ], [ -46.006318756381759, -22.929085256281333 ], [ -46.006218717961829, -22.929066072905201 ], [ -46.006104062266488, -22.929000753432629 ], [ -46.005957388392595, -22.928945536437809 ], [ -46.005831865121962, -22.928857171303065 ], [ -46.005785024839746, -22.928794718823671 ], [ -46.005806014324968, -22.92873844846654 ], [ -46.00586990927718, -22.928695111882153 ], [ -46.005962297221096, -22.928644982886407 ], [ -46.005986660450674, -22.928562270887586 ], [ -46.005967825557718, -22.928426992087477 ], [ -46.005917148142132, -22.92832823499965 ], [ -46.005812249068242, -22.928134058136873 ], [ -46.005696555697305, -22.927926734896801 ], [ -46.005602339669913, -22.927729184271072 ], [ -46.005565450955395, -22.927564293570562 ], [ -46.005567937520361, -22.927418970935111 ], [ -46.005588439335462, -22.927296648519455 ], [ -46.005637409525654, -22.927164237072336 ], [ -46.005656899594577, -22.927106982640005 ], [ -46.005668471734907, -22.927022039357347 ], [ -46.005671650565908, -22.926969178723514 ], [ -46.005617380695888, -22.926867147323094 ], [ -46.005593700400723, -22.926821764160316 ], [ -46.005547147842663, -22.926814029023745 ], [ -46.005412822038984, -22.926703318450663 ], [ -46.005251719419931, -22.926628383639695 ], [ -46.005155422396506, -22.926632290204296 ], [ -46.00512021585461, -22.926695262308076 ], [ -46.005128328316346, -22.926827312286047 ], [ -46.005103648070012, -22.926867094392499 ], [ -46.00496085284184, -22.926854792649671 ], [ -46.004767990552146, -22.926826287063086 ], [ -46.004644857957416, -22.926803870600938 ], [ -46.004518069739426, -22.926801448175102 ], [ -46.004468562820399, -22.926861204726837 ], [ -46.004419177600049, -22.926937472034666 ], [ -46.004334147110342, -22.927017270705282 ], [ -46.004216543443142, -22.927034526095177 ], [ -46.004109393348685, -22.927018692239063 ], [ -46.004037581926468, -22.92695640613848 ], [ -46.003890730966624, -22.926878073917432 ], [ -46.003744293799947, -22.926855876359472 ], [ -46.003637421245827, -22.926876369403217 ], [ -46.003519720348073, -22.926880419307992 ], [ -46.003334083627621, -22.926865080946829 ], [ -46.003123435443463, -22.926843288573334 ], [ -46.00299515910865, -22.92686391641578 ], [ -46.002927758314769, -22.926917182719148 ], [ -46.002889273457228, -22.927019800984976 ], [ -46.002872119319477, -22.92711237578818 ], [ -46.002855500088636, -22.927277605212037 ], [ -46.002841905086619, -22.927370157494995 ], [ -46.002803517328758, -22.927485989772485 ], [ -46.002740156738426, -22.92760197976618 ], [ -46.002683267793053, -22.927628759319145 ], [ -46.002626208668836, -22.927632416561874 ], [ -46.002582842005893, -22.927556735517843 ], [ -46.002489238211773, -22.927441736727385 ], [ -46.00237461970228, -22.927379720147698 ], [ -46.002328145934186, -22.927366798903076 ], [ -46.002153264028031, -22.927357994107322 ], [ -46.002046113822594, -22.927342158859908 ], [ -46.001835392227285, -22.927310465528919 ], [ -46.001749437067375, -22.927264770137725 ], [ -46.001677529377297, -22.92718926890133 ], [ -46.001619547714107, -22.927067442025649 ], [ -46.001539368833278, -22.926924022749176 ], [ -46.001460690008905, -22.926810853103696 ], [ -46.001352909189542, -22.926709157697157 ], [ -46.001189341037318, -22.926602395583959 ], [ -46.001141581952247, -22.926594909499553 ], [ -46.001069966143611, -22.926559032022656 ], [ -46.000962816703506, -22.926543196015487 ], [ -46.000837502568999, -22.926481236677667 ], [ -46.000729868044417, -22.926399357349723 ], [ -46.000557295059636, -22.926218808858046 ], [ -46.000470855969859, -22.926107069560761 ], [ -46.000409428222184, -22.926001775452953 ], [ -46.000369413937108, -22.925896346403267 ], [ -46.000321939817361, -22.925696628077432 ], [ -46.000177042760768, -22.925599727062284 ], [ -45.999848824466909, -22.925522307519227 ], [ -45.999723852129449, -22.925501416227426 ], [ -45.999331915705056, -22.925358522124373 ], [ -45.999176151357354, -22.925280855717556 ], [ -45.999066463012888, -22.925216511323494 ], [ -45.998964020048582, -22.925120236272384 ], [ -45.998932948533692, -22.925094508255587 ], [ -45.998862370441337, -22.925044369785972 ], [ -45.998752894323601, -22.92500892809392 ], [ -45.998620015878608, -22.924973633510028 ], [ -45.998455934304658, -22.92493853502851 ], [ -45.998221857433897, -22.924932780702576 ], [ -45.998050292793422, -22.924941085246274 ], [ -45.997948882415685, -22.924941722612957 ], [ -45.997738154992568, -22.924928594768406 ], [ -45.997605329766621, -22.924900525041334 ], [ -45.997519097743691, -22.924843258255603 ], [ -45.997448414473084, -22.924778667660416 ], [ -45.997416576487346, -22.92469215486944 ], [ -45.99738431538529, -22.924547836142505 ], [ -45.997328863611976, -22.924432567343661 ], [ -45.997226871793409, -22.924353721145636 ], [ -45.997093729920834, -22.924282296575015 ], [ -45.996921848771422, -22.92424724544632 ], [ -45.996695468081569, -22.924226988371881 ], [ -45.996515733455844, -22.924184760006401 ], [ -45.996273328710103, -22.924106794321158 ], [ -45.996097739754063, -22.924032699617189 ], [ -45.995952494129611, -22.923971511637308 ], [ -45.995843019560191, -22.923936067876802 ], [ -45.995655484819927, -22.923893887435558 ], [ -45.9954446007334, -22.923859079238522 ], [ -45.995327484015348, -22.923845361259428 ], [ -45.995093514519453, -22.923854053699255 ], [ -45.994945458658869, -22.923876659673233 ], [ -45.994696256854006, -22.923936029505345 ], [ -45.994524798587321, -22.923958781690274 ], [ -45.993799381386438, -22.923970549503895 ], [ -45.993331494187423, -22.923995155321041 ], [ -45.993066215818061, -22.9239895885236 ], [ -45.992785283246349, -22.923976893064278 ], [ -45.992551102642942, -22.923956678814584 ], [ -45.992348177748127, -22.923943494946126 ], [ -45.99216117008131, -22.923973567825652 ], [ -45.992036831477371, -22.92403937937291 ], [ -45.991959192126906, -22.924090446940721 ], [ -45.991873909786115, -22.924163240465145 ], [ -45.991819883016177, -22.92424306477799 ], [ -45.991765908784799, -22.924330114805812 ], [ -45.991696385551393, -22.924424488024094 ], [ -45.991625783554909, -22.924461772924143 ], [ -45.99158764788357, -22.924490201796811 ], [ -45.99150974516693, -22.924505140426568 ], [ -45.991400534102667, -22.924505822311115 ], [ -45.991306714308202, -22.924477503753316 ], [ -45.991220642784583, -22.924441910674332 ], [ -45.991204673248163, -22.924391427832145 ], [ -45.991204357821033, -22.924348073330066 ], [ -45.991258647831259, -22.924304377948129 ], [ -45.991343930637079, -22.924231584775054 ], [ -45.991390367221577, -22.924180712319846 ], [ -45.991397799945581, -22.92413008334681 ], [ -45.991381830348324, -22.924079600521758 ], [ -45.991358270332988, -22.924058069398423 ], [ -45.991256544929996, -22.924015347965497 ], [ -45.990897079250978, -22.923930878605788 ], [ -45.990772319655925, -22.923938883170184 ], [ -45.990655623526351, -22.923982967745857 ], [ -45.9904700336647, -22.924208133938798 ], [ -45.990307267857929, -22.924353670717426 ], [ -45.990174969602315, -22.924397852224072 ], [ -45.99009107194572, -22.924398348267022 ], [ -45.989940998519486, -22.924406537149256 ], [ -45.989613312946133, -22.92440135363039 ], [ -45.989519755962228, -22.924409162753371 ], [ -45.989418503147157, -22.924431471938348 ], [ -45.989286161811712, -22.924468426918512 ], [ -45.989146324615, -22.924548784975052 ], [ -45.988960102053731, -22.924687240442815 ], [ -45.988825051964753, -22.92482262212188 ], [ -45.988735714081855, -22.92494155067007 ], [ -45.988668542828584, -22.925064740050345 ], [ -45.98864325779671, -22.925101100170128 ], [ -45.988597186898325, -22.925202552132983 ], [ -45.988551220799842, -22.925318455628645 ], [ -45.988529727198475, -22.925436537155029 ], [ -45.988473140156401, -22.925561656735372 ], [ -45.988351019952432, -22.925681005963252 ], [ -45.988265472548925, -22.925717668842587 ], [ -45.988242001754003, -22.925719169830199 ], [ -45.988179767817968, -22.925732654427577 ], [ -45.988070503288448, -22.925726108317352 ], [ -45.987929825653055, -22.925690853260683 ], [ -45.987812655487879, -22.925669903995878 ], [ -45.987648837324706, -22.925670923046599 ], [ -45.987500673263277, -22.92567907067048 ], [ -45.987306018179346, -22.925730863751699 ], [ -45.986900844015835, -22.925798417379045 ], [ -45.986503574996782, -22.925880373036158 ], [ -45.986269653192664, -22.925896278388922 ], [ -45.985887409996607, -22.925898652230359 ], [ -45.985653278967, -22.925885653668626 ], [ -45.985505166712841, -22.92590102518658 ], [ -45.985232710613083, -22.925982202946685 ], [ -45.985029992011228, -22.925997912891813 ], [ -45.984912978663701, -22.925998638751821 ], [ -45.984764500576453, -22.925963429262431 ], [ -45.984615813657911, -22.925899316577979 ], [ -45.984577179233739, -22.925853607287692 ], [ -45.984451002942549, -22.925763042880277 ], [ -45.984246927226913, -22.925590881911596 ], [ -45.984082012858394, -22.92544015627 ], [ -45.983640312747625, -22.924770866892466 ], [ -45.983546024739056, -22.924677511815759 ], [ -45.983431554056509, -22.92465208044883 ], [ -45.983329919540246, -22.924623037735017 ], [ -45.983186561329461, -22.92459302489906 ], [ -45.98307729777941, -22.924586475311298 ], [ -45.982921281518635, -22.92458744114224 ], [ -45.982827880246106, -22.924616923661748 ], [ -45.98269583966259, -22.924697227888199 ], [ -45.982618144142421, -22.924741065233167 ], [ -45.982563694729883, -22.924763080437064 ], [ -45.982368778299332, -22.924778738661587 ], [ -45.982244121350149, -22.924801188106915 ], [ -45.982041508173467, -22.924831345694336 ], [ -45.981878055241118, -22.924882939165585 ], [ -45.981714498077231, -22.92492008089674 ], [ -45.981597902044328, -22.924978610482199 ], [ -45.981496959617914, -22.925044269299026 ], [ -45.981388372420284, -22.925131653565778 ], [ -45.981310520065911, -22.925153812995347 ], [ -45.981185174639393, -22.925168750745069 ], [ -45.981115654909736, -22.925176695459342 ], [ -45.980998902290011, -22.92521354728698 ], [ -45.980866443838032, -22.925236043866992 ], [ -45.980796132062366, -22.925222026015216 ], [ -45.980616745814807, -22.925164105820286 ], [ -45.980434734808433, -22.925091035839284 ], [ -45.980284701162248, -22.925012827416428 ], [ -45.980139797724938, -22.924904906007754 ], [ -45.980048342857927, -22.924806545249726 ], [ -45.979989057422863, -22.924728408697785 ], [ -45.979925715290435, -22.924598729906801 ], [ -45.979907243994461, -22.924485918091104 ], [ -45.979938102100114, -22.924322499220207 ], [ -45.979985575064731, -22.924244281809944 ], [ -45.980070292323212, -22.924092010977315 ], [ -45.980139355844642, -22.923932610580412 ], [ -45.980185068852997, -22.923780580410167 ], [ -45.980192245819971, -22.923693822991691 ], [ -45.98015955370974, -22.923634779838771 ], [ -45.980098560001188, -22.923624109414551 ], [ -45.979949590425377, -22.923579703126222 ], [ -45.979746718583066, -22.923573728881777 ], [ -45.979520548371788, -22.923582350293263 ], [ -45.979138570538211, -22.923620836567782 ], [ -45.978889361261501, -22.92368018181477 ], [ -45.978671562478944, -22.923768237477585 ], [ -45.97849261165458, -22.923834375150012 ], [ -45.978406854957051, -22.923842129662688 ], [ -45.978336596040506, -22.923835336481318 ], [ -45.978250579878562, -22.923806961997755 ], [ -45.978179905953532, -22.923742362512225 ], [ -45.97803013510584, -22.923526502093956 ], [ -45.9778805203266, -22.923332318835918 ], [ -45.977706985206119, -22.923066021736222 ], [ -45.97765165415607, -22.92296519700356 ], [ -45.977627681647974, -22.92288585750763 ], [ -45.977642816474443, -22.922820729406236 ], [ -45.977712297106144, -22.922719136248574 ], [ -45.977828841208954, -22.922653383745434 ], [ -45.977890832052708, -22.92259519320201 ], [ -45.977913145114577, -22.92244330770173 ], [ -45.977904618376797, -22.922342194839548 ], [ -45.977778459038106, -22.922155093088179 ], [ -45.977723128333338, -22.922054268358053 ], [ -45.977683191673876, -22.921924444423428 ], [ -45.977627861138842, -22.921823619651537 ], [ -45.977556877520037, -22.921715665132325 ], [ -45.977438986403492, -22.921593547068362 ], [ -45.977376062880175, -22.921521673339551 ], [ -45.977320940053758, -22.921449751575029 ], [ -45.977257705679285, -22.921334523093229 ], [ -45.977069194956243, -22.921155030481906 ], [ -45.976967268710673, -22.921083396543793 ], [ -45.976865756915757, -22.921069568813042 ], [ -45.976749006495275, -22.921106417452084 ], [ -45.976679266937978, -22.921171881297887 ], [ -45.976617483339439, -22.92125897447934 ], [ -45.976541237668833, -22.921505130847095 ], [ -45.976487461612656, -22.921621079186348 ], [ -45.976394475034368, -22.92170836415524 ], [ -45.976301333014099, -22.921773971734705 ], [ -45.976231282280978, -22.921796080720668 ], [ -45.976173308172299, -22.921803852881482 ], [ -45.976075165370176, -22.921782588144236 ], [ -45.975989254496106, -22.921768663973022 ], [ -45.975918841431316, -22.921740192303961 ], [ -45.975840369035275, -22.921675639590088 ], [ -45.975800951749136, -22.92161807297385 ], [ -45.975784884707615, -22.921553136780137 ], [ -45.975776670101219, -22.921495378420751 ], [ -45.975791857438566, -22.92143747626309 ], [ -45.975822646060081, -22.921379478235956 ], [ -45.975868570194223, -22.921256352269562 ], [ -45.975899203527447, -22.921176676886173 ], [ -45.975921777376762, -22.921060920486418 ], [ -45.975889953888498, -22.920974402831639 ], [ -45.975827083166415, -22.920909754215234 ], [ -45.975740707185501, -22.920830797786582 ], [ -45.975662080198063, -22.920744567611283 ], [ -45.97554346740052, -22.920521287042074 ], [ -45.975456884928782, -22.920413427322867 ], [ -45.975338996805604, -22.920291307575944 ], [ -45.975253606424886, -22.920231430755209 ], [ -45.975141712237068, -22.920159260668211 ], [ -45.975016582948214, -22.920068961935147 ], [ -45.974915232056262, -22.919939830367081 ], [ -45.974883357757975, -22.919846086660467 ], [ -45.974827564942665, -22.919680228657192 ], [ -45.974772289146983, -22.919586628565252 ], [ -45.974701515710997, -22.919507575749236 ], [ -45.9746059057168, -22.919446162517353 ], [ -45.974529458894672, -22.919391252251376 ], [ -45.974427101667452, -22.919314154779165 ], [ -45.974316431224437, -22.919277953546942 ], [ -45.974184716973802, -22.919236154581558 ], [ -45.97406745080508, -22.919200743305819 ], [ -45.97388803868742, -22.919201843614331 ], [ -45.973615123467226, -22.919217969160226 ], [ -45.973287914113484, -22.919277783617339 ], [ -45.973077764053357, -22.919344106365529 ], [ -45.972751224661394, -22.919497855083929 ], [ -45.972510129607826, -22.919600497175569 ], [ -45.972199344707668, -22.919775826629458 ], [ -45.971997509301914, -22.919914358161055 ], [ -45.971888662026629, -22.919965607091605 ], [ -45.971810707794724, -22.919973310270194 ], [ -45.971674330814729, -22.919955889745001 ], [ -45.971524182352724, -22.919864451031316 ], [ -45.971458667601809, -22.919807195033876 ], [ -45.971313482450334, -22.919595075364889 ], [ -45.971185358655163, -22.919474135049153 ], [ -45.971045471795293, -22.919429339458453 ], [ -45.970601849235081, -22.919390212096257 ], [ -45.97010488843965, -22.919355212028311 ], [ -45.969879012856083, -22.91934137159744 ], [ -45.969451594411957, -22.919271711041095 ], [ -45.969319756067875, -22.919204048337377 ], [ -45.969043484439005, -22.919030762932646 ], [ -45.968976833035683, -22.918986774071122 ], [ -45.968902356425367, -22.918950758165003 ], [ -45.96868571905609, -22.918897579259685 ], [ -45.968134341696583, -22.918773734406638 ], [ -45.967938167746979, -22.918833622116953 ], [ -45.967668149612379, -22.918939321943075 ], [ -45.967489606365504, -22.918975345030823 ], [ -45.967280472021983, -22.918960889031055 ], [ -45.967126914444421, -22.918871661974986 ], [ -45.967061677491479, -22.918721159381988 ], [ -45.967028750491359, -22.918647072277121 ], [ -45.966894356608897, -22.918333117098172 ], [ -45.966666000513975, -22.918008721221685 ], [ -45.966568427573741, -22.917711357101293 ], [ -45.966532930680607, -22.917396791401739 ], [ -45.966452641012587, -22.916957059785151 ], [ -45.966445095815999, -22.91663906389811 ], [ -45.966374470702554, -22.916466379655159 ], [ -45.966200727946863, -22.916481803707953 ], [ -45.966067758952079, -22.916608407415868 ], [ -45.965799507168938, -22.916835064661186 ], [ -45.965581091020979, -22.916928447673676 ], [ -45.965237775128564, -22.916795444778675 ], [ -45.965097134567628, -22.916679538667506 ], [ -45.96499870201918, -22.91656746263962 ], [ -45.964423327875878, -22.915855041917379 ], [ -45.96434758804044, -22.915639292876339 ], [ -45.964300755078867, -22.915516441909471 ], [ -45.964239090859856, -22.915335141571447 ], [ -45.964189750333354, -22.915177859582737 ], [ -45.96401969935274, -22.914937280287212 ], [ -45.963863649884757, -22.914740587708099 ], [ -45.963667837937322, -22.914575384449929 ], [ -45.963398604676513, -22.914503471857675 ], [ -45.963192753449903, -22.914465623941361 ], [ -45.963031760903391, -22.914490829064849 ], [ -45.962963714144443, -22.914527498532209 ], [ -45.962882924516585, -22.914625388361856 ], [ -45.96296810418918, -22.914716511928983 ], [ -45.96296810418918, -22.914716511928983 ], [ -45.963037997808556, -22.914820636197099 ], [ -45.963031909299019, -22.914933019102058 ], [ -45.963016209872578, -22.915068174643867 ], [ -45.962982253316802, -22.915171933495159 ], [ -45.962922943919615, -22.915287706061758 ], [ -45.962848145185646, -22.915402132120594 ], [ -45.962715015433403, -22.915523686947243 ], [ -45.962424675682122, -22.915560707846687 ], [ -45.962125200590478, -22.915547233304004 ], [ -45.961951459982672, -22.915558369516013 ], [ -45.961709764807978, -22.91556935633573 ], [ -45.961454169976783, -22.915574001968384 ], [ -45.961255357064928, -22.915511383335375 ], [ -45.961137494829451, -22.915437865611576 ], [ -45.961132196085238, -22.915353332148012 ], [ -45.961130527009786, -22.915190436921709 ], [ -45.961040310925654, -22.915072131268349 ], [ -45.960981473531298, -22.914842181559617 ], [ -45.960877216787082, -22.914707826984369 ], [ -45.960667748890479, -22.914518323004618 ], [ -45.960490693858837, -22.914376128363816 ], [ -45.960375733135244, -22.914342756027537 ], [ -45.960279770412853, -22.914351626619936 ], [ -45.960210226546756, -22.914443745841464 ], [ -45.960153721648432, -22.914517343599762 ], [ -45.96007643142844, -22.914521695096017 ], [ -45.959937508769166, -22.914499830866841 ], [ -45.959834728061068, -22.914457546368059 ], [ -45.959742372825438, -22.914429216283089 ], [ -45.959529269332208, -22.914428377494218 ], [ -45.959287811183515, -22.914395031673742 ], [ -45.959124894372891, -22.914324525784949 ], [ -45.95892061071433, -22.914173752489248 ], [ -45.958586308788732, -22.914012372723242 ], [ -45.957705455638909, -22.913457787114815 ], [ -45.957147297495602, -22.913134640396351 ], [ -45.956706487996421, -22.91286517307697 ], [ -45.956608385787199, -22.912744561659608 ], [ -45.956552785107135, -22.912604288706376 ], [ -45.956535324341104, -22.912471587530643 ], [ -45.956515693982041, -22.912372534954052 ], [ -45.956454401079988, -22.912301498049761 ], [ -45.956362820592979, -22.912254226420547 ], [ -45.956233309250209, -22.912245828015628 ], [ -45.95611106598431, -22.912278865110494 ], [ -45.95596202017969, -22.912364478767664 ], [ -45.955824302806001, -22.912462586272646 ], [ -45.955666856776737, -22.91254685882036 ], [ -45.955601387983897, -22.912652098409815 ], [ -45.955613106623161, -22.912762570849839 ], [ -45.955697517507147, -22.912826885477969 ], [ -45.955809226606291, -22.912909231900443 ], [ -45.955824314852642, -22.913005106754113 ], [ -45.955776009464394, -22.913091164915933 ], [ -45.955647210029419, -22.913119180644102 ], [ -45.9555053430553, -22.913109332258163 ], [ -45.955363011567968, -22.913112529433448 ], [ -45.955245976731959, -22.913106021267573 ], [ -45.955185199321846, -22.913037599255585 ], [ -45.955128115453391, -22.913000387609529 ], [ -45.954984813759161, -22.912925853467627 ], [ -45.954911219107281, -22.912867996986325 ], [ -45.95489607067848, -22.91280798909871 ], [ -45.954882587388362, -22.91274525453278 ], [ -45.954848980532425, -22.912683888378599 ], [ -45.954808864254957, -22.912577166960773 ], [ -45.954812791806411, -22.912473570839545 ], [ -45.954849244402851, -22.912354900616517 ], [ -45.954847501760099, -22.912238524729467 ], [ -45.954823408788421, -22.912130327397136 ], [ -45.95476758662943, -22.912043946360392 ], [ -45.954715154427184, -22.912002848608328 ], [ -45.95464283522309, -22.911980464025337 ], [ -45.954566911616325, -22.911863984009667 ], [ -45.95448626855304, -22.91175646383207 ], [ -45.95444411680807, -22.911673837006013 ], [ -45.954443348071813, -22.911581870298434 ], [ -45.954520298422374, -22.911492833258134 ], [ -45.95451463921821, -22.911399382298111 ], [ -45.954477372745174, -22.911306673702999 ], [ -45.954428560534723, -22.911197956725395 ], [ -45.954327120788051, -22.911144857065 ], [ -45.954187642779281, -22.911172315102572 ], [ -45.954028196171528, -22.911174930770041 ], [ -45.953889461485524, -22.910971490841323 ], [ -45.953762885494839, -22.910708809117008 ], [ -45.953752044630185, -22.910700889987282 ], [ -45.953654012792853, -22.91062927893006 ], [ -45.953634936157876, -22.910620942099708 ], [ -45.953516919595067, -22.910569366736635 ], [ -45.953514818227255, -22.910568448392851 ], [ -45.953381396868501, -22.910538411643138 ], [ -45.953259322751286, -22.910544283802114 ], [ -45.953254368047752, -22.910547963898143 ], [ -45.953126789926422, -22.910642722186417 ], [ -45.952966580065677, -22.910751614743315 ], [ -45.952889230964637, -22.910803474619371 ], [ -45.952704378221078, -22.910840786301247 ], [ -45.952543413644676, -22.910841751553445 ], [ -45.952532042438172, -22.910839566599225 ], [ -45.952387781491069, -22.91081184711491 ], [ -45.95226541992978, -22.910776612556777 ], [ -45.952209850522763, -22.910766666465847 ], [ -45.952192939681872, -22.910769566247737 ], [ -45.952182826984249, -22.910771300331358 ], [ -45.952182826872907, -22.910771300366484 ], [ -45.952054613213633, -22.910793285796025 ], [ -45.95200137883598, -22.910818331590182 ], [ -45.951932897634009, -22.91085055073049 ], [ -45.951800507144917, -22.910969554588522 ], [ -45.951695214305843, -22.911042596835404 ], [ -45.951673458696668, -22.911057688810217 ], [ -45.951549667068583, -22.911178448184899 ], [ -45.951535627564439, -22.911192143831169 ], [ -45.951521662229482, -22.911201971208559 ], [ -45.951521662118381, -22.911201971278143 ], [ -45.951447243912398, -22.911254339279601 ], [ -45.951412962273707, -22.911293274934451 ], [ -45.951342611285732, -22.911373176552438 ], [ -45.951238014301801, -22.911497153105689 ], [ -45.951047631881458, -22.911653320830023 ], [ -45.950937056394615, -22.911715657892518 ], [ -45.950804198165244, -22.911767849064791 ], [ -45.950715644372139, -22.91180434720274 ], [ -45.950593461441251, -22.911794808241801 ], [ -45.950482266710907, -22.91176977562883 ], [ -45.950436269804044, -22.911743259651324 ], [ -45.950376378776994, -22.911708734059594 ], [ -45.950220292500276, -22.911647344595952 ], [ -45.950170427899018, -22.911627732583952 ], [ -45.950101902441062, -22.911594767640487 ], [ -45.950098747169037, -22.911593249767545 ], [ -45.949969927408894, -22.911531279454152 ], [ -45.949730626518644, -22.911410579491193 ], [ -45.949646196761933, -22.911359668331176 ], [ -45.949618922911526, -22.911343222202099 ], [ -45.949440588469642, -22.911241496275665 ], [ -45.949239910112446, -22.911119345305881 ], [ -45.949076627742961, -22.911026285033184 ], [ -45.949064563994433, -22.911019409485316 ], [ -45.949061596454705, -22.911017718184727 ], [ -45.94891114445555, -22.91093629309767 ], [ -45.948485508754956, -22.910852635460028 ], [ -45.948326087560687, -22.910808942745419 ], [ -45.948219065813504, -22.910739742331984 ], [ -45.947978259672929, -22.910671352388171 ], [ -45.947710094012123, -22.910595191710676 ], [ -45.947557744002445, -22.910547593015462 ], [ -45.947395330697688, -22.910482193731021 ], [ -45.947245953364344, -22.910421279541989 ], [ -45.947030865517029, -22.910388232537642 ], [ -45.946931039299983, -22.910418329777869 ], [ -45.946827748492311, -22.910497867276693 ], [ -45.946740940880026, -22.910593258565605 ], [ -45.946715836074219, -22.910703493013269 ], [ -45.946690125824098, -22.910814949574956 ], [ -45.946656604328446, -22.910879115212818 ], [ -45.946610570724857, -22.910903993873493 ], [ -45.946557975342834, -22.910896995521142 ], [ -45.946462862223882, -22.910845092973378 ], [ -45.946391381024355, -22.910760943881783 ], [ -45.946282835381567, -22.910640983460375 ], [ -45.946142154583995, -22.910565469861616 ], [ -45.94602438744402, -22.910545353161613 ], [ -45.945814385057453, -22.910543685568246 ], [ -45.945636529424561, -22.910487428169262 ], [ -45.945485234040724, -22.910358081726695 ], [ -45.945450054188854, -22.910263045449476 ], [ -45.945441163180398, -22.910179773521801 ], [ -45.945345414823031, -22.910100761629273 ], [ -45.945188941094777, -22.909966640788394 ], [ -45.945035370713406, -22.909929886751996 ], [ -45.944942280411489, -22.909873385047263 ], [ -45.945009752470902, -22.909586192614036 ], [ -45.94483502531974, -22.909468197747511 ], [ -45.944643091226375, -22.90940396040315 ], [ -45.944330551001599, -22.90938713885981 ], [ -45.944069110378805, -22.909472750969051 ] ] ] } },
{ "type": "Feature", "properties": { "id": 9, "regiao": "Macrozona Rural", "populacao": null }, "geometry": { "type": "Polygon", "coordinates": [ [ [ -45.800629320887253, -23.097525247464269 ], [ -45.800680833978085, -23.097663343991702 ], [ -45.800707253008675, -23.097911351974464 ], [ -45.800640590986433, -23.098124377004606 ], [ -45.800535838493246, -23.098271037604103 ], [ -45.800263042989172, -23.098652968006068 ], [ -45.799948849996191, -23.098937759003185 ], [ -45.799666978981385, -23.098967388997252 ], [ -45.799503302084396, -23.098873153875893 ], [ -45.799530950734727, -23.098898456951506 ], [ -45.799554330711558, -23.098919858031991 ], [ -45.799662583856851, -23.099018936992586 ], [ -45.799662583933056, -23.099018937062329 ], [ -45.799757803381539, -23.099089469940665 ], [ -45.799857568444132, -23.099164161876367 ], [ -45.799911425849416, -23.099184361703923 ], [ -45.799934486991532, -23.099193011037929 ], [ -45.799961572465428, -23.099192873783998 ], [ -45.800015743412594, -23.099192599262185 ], [ -45.80009690091719, -23.099175486446498 ], [ -45.800137306405141, -23.099137678437437 ], [ -45.800186520987928, -23.099062240617666 ], [ -45.800207458552428, -23.099039855114665 ], [ -45.800217929219464, -23.099028660344292 ], [ -45.800249401884209, -23.099007608120971 ], [ -45.800339525410479, -23.0989231833092 ], [ -45.800640689224238, -23.098988080266842 ], [ -45.800998295929908, -23.099065139113751 ], [ -45.800998295929908, -23.099065139113744 ], [ -45.801088937440376, -23.099081862123864 ], [ -45.80118392527978, -23.099099386954265 ], [ -45.801260114118953, -23.099108806259355 ], [ -45.801371542381702, -23.099122582181977 ], [ -45.801560379020685, -23.099134629823219 ], [ -45.801653731731619, -23.099135049422209 ], [ -45.801749661987508, -23.099135480549144 ], [ -45.801938616245231, -23.099125130877713 ], [ -45.802126468103346, -23.099103623187919 ], [ -45.802239940135699, -23.099083746639742 ], [ -45.802312448386203, -23.099071045546147 ], [ -45.802344171311006, -23.099063516690531 ], [ -45.802495795582928, -23.099027531345534 ], [ -45.802991161741026, -23.098880855435773 ], [ -45.803477382080501, -23.098709987583625 ], [ -45.803953077074688, -23.098515412603096 ], [ -45.804416897078106, -23.098297682570379 ], [ -45.805959273880759, -23.09754974172996 ], [ -45.807732888617423, -23.096648769098017 ], [ -45.807765626484048, -23.096632157786971 ], [ -45.807765871140049, -23.096632033647598 ], [ -45.807799982560446, -23.096617362057877 ], [ -45.807835072181334, -23.096604819144893 ], [ -45.807850174493709, -23.096600462978088 ], [ -45.807870984984, -23.096594460320524 ], [ -45.807907562313233, -23.096586331347787 ], [ -45.807944642578178, -23.096580468138686 ], [ -45.8079820619662, -23.09657689659554 ], [ -45.808019655166525, -23.096575632496627 ], [ -45.808019655166532, -23.096575632496627 ], [ -45.808019655166547, -23.096575632496627 ], [ -45.808022471684971, -23.096575711067587 ], [ -45.808057256100646, -23.096576681426363 ], [ -45.808094698655779, -23.09658003875078 ], [ -45.808131817418868, -23.096585689637926 ], [ -45.808145021711049, -23.096588544358575 ], [ -45.808168448407272, -23.096593609123303 ], [ -45.808189118371601, -23.096599441700089 ], [ -45.808204429793122, -23.096603762220283 ], [ -45.808225429927511, -23.096611130995534 ], [ -45.808239602618286, -23.096616104074652 ], [ -45.808252916378699, -23.096621738027604 ], [ -45.808273811496562, -23.09663058016265 ], [ -45.808306905300178, -23.096647126532019 ], [ -45.808338737827263, -23.096665670084302 ], [ -45.808475545183391, -23.096745316229146 ], [ -45.808561641390824, -23.096795439380539 ], [ -45.80878135659583, -23.096905075287335 ], [ -45.808793440658327, -23.096911105111325 ], [ -45.809033094459686, -23.097012147734841 ], [ -45.810019566033738, -23.09736712518972 ], [ -45.810599662361923, -23.097544565734761 ], [ -45.811189743648526, -23.097691149130437 ], [ -45.812441836977932, -23.097935660054894 ], [ -45.812884097526442, -23.097999577233161 ], [ -45.812884097554026, -23.097999577235761 ], [ -45.813329466703529, -23.098041100229555 ], [ -45.813628163384088, -23.098069735937891 ], [ -45.813628163422166, -23.098069735941479 ], [ -45.813924458150737, -23.09811493632731 ], [ -45.814338512552723, -23.098201930054095 ], [ -45.814461215888855, -23.098220316374899 ], [ -45.814584915849473, -23.098231625926346 ], [ -45.814709135963653, -23.098235815146676 ], [ -45.814833397756665, -23.098232867900293 ], [ -45.814957222593279, -23.098222795540028 ], [ -45.815080133521626, -23.098205636863458 ], [ -45.815201657110528, -23.09818145796331 ], [ -45.81555632181054, -23.098110115550856 ], [ -45.815914834972659, -23.098057762532658 ], [ -45.815979571506588, -23.098052114029489 ], [ -45.816044572441349, -23.098050517163713 ], [ -45.816109541802732, -23.098052979206361 ], [ -45.816174183760324, -23.09805948894665 ], [ -45.816238203974507, -23.098070016743016 ], [ -45.816301310936474, -23.098084514658208 ], [ -45.816363217295653, -23.098102916677465 ], [ -45.816423641167908, -23.098125139009088 ], [ -45.816629940170017, -23.098202091565895 ], [ -45.81682012540206, -23.09826148192063 ], [ -45.81684069496756, -23.098267905292914 ], [ -45.81705520342576, -23.09832236093008 ], [ -45.817232342185434, -23.098367861926988 ], [ -45.817405986970378, -23.098423711844461 ], [ -45.817575432064032, -23.098489683700766 ], [ -45.817696295818493, -23.098536965267481 ], [ -45.817820022426694, -23.098577416764261 ], [ -45.817946161333673, -23.098610890885428 ], [ -45.81807425319888, -23.098637265733721 ], [ -45.818203831569129, -23.098656445264233 ], [ -45.81849337826079, -23.098700335791872 ], [ -45.818779040621322, -23.098762291111768 ], [ -45.819059503236481, -23.098842025930427 ], [ -45.819167364686692, -23.098872853580204 ], [ -45.819277160060651, -23.098897146173577 ], [ -45.819388427198767, -23.098914801456509 ], [ -45.819500697745816, -23.098925745113334 ], [ -45.819613499122518, -23.09892993107951 ], [ -45.819726356514998, -23.0989273417356 ], [ -45.819838794873682, -23.09891798798137 ], [ -45.820126391371339, -23.098892427602582 ], [ -45.820415044031506, -23.098880917737581 ], [ -45.820703951308118, -23.098883490345038 ], [ -45.820703951308111, -23.098883490345038 ], [ -45.821413007143271, -23.098885939606205 ], [ -45.822120759618862, -23.098846114863136 ], [ -45.822120759618862, -23.098846114863129 ], [ -45.823010803093027, -23.09876175273827 ], [ -45.823010803093027, -23.09876175273828 ], [ -45.823433186484522, -23.09876540343744 ], [ -45.823339099884556, -23.09742729178582 ], [ -45.823622998306824, -23.094519918848075 ], [ -45.823760284421567, -23.093360565888993 ], [ -45.829709486263383, -23.093066872896713 ], [ -45.842407680300404, -23.098818958130757 ], [ -45.843507599211875, -23.09569374803754 ], [ -45.84514095860861, -23.094722177194409 ], [ -45.847036178251898, -23.093975370071327 ], [ -45.848452037429183, -23.09442673670268 ], [ -45.849359439068479, -23.09547706066915 ], [ -45.850067660319553, -23.095093742380548 ], [ -45.851011779696478, -23.094702013854555 ], [ -45.851364562709364, -23.093506068552866 ], [ -45.852264007309948, -23.09170551721434 ], [ -45.853286824400087, -23.091922771163237 ], [ -45.853772003165552, -23.092218062316192 ], [ -45.854099095809985, -23.092990869887132 ], [ -45.854844489880215, -23.093672039068409 ], [ -45.855203624076921, -23.094414879004134 ], [ -45.855852181783042, -23.095066774860374 ], [ -45.855567289667917, -23.095872686524284 ], [ -45.855634562641924, -23.09631919289501 ], [ -45.85615273632979, -23.096733463102058 ], [ -45.856315350721722, -23.096970912883648 ], [ -45.856415790038859, -23.097566195050238 ], [ -45.85648249831651, -23.097923330705282 ], [ -45.856715415461508, -23.099083930307565 ], [ -45.857074386216034, -23.09979697431779 ], [ -45.857142987834408, -23.100452012592424 ], [ -45.857339721119139, -23.100987187949777 ], [ -45.857283029530805, -23.102208941616652 ], [ -45.857292955283199, -23.10299651065132 ], [ -45.857167091252236, -23.10347385609602 ], [ -45.857170116329712, -23.103950501510766 ], [ -45.857462011975869, -23.10424682919292 ], [ -45.857656671557585, -23.104454311562989 ], [ -45.857081389185815, -23.105202220141209 ], [ -45.855893297650347, -23.105864076922234 ], [ -45.854319645661505, -23.106706762393728 ], [ -45.854276181512283, -23.106763018120269 ], [ -45.854382826729129, -23.106822183252927 ], [ -45.854787096863753, -23.107351792909405 ], [ -45.855749052276749, -23.107862263849881 ], [ -45.856069753715104, -23.10895635288923 ], [ -45.856487685259445, -23.108889624940257 ], [ -45.857133958497215, -23.109095612269424 ], [ -45.857154048557916, -23.109514496767165 ], [ -45.858029338573999, -23.109511004162101 ], [ -45.858797838424763, -23.109748549984079 ], [ -45.859323638813102, -23.110196911098623 ], [ -45.859778078852784, -23.11038781622533 ], [ -45.860895000321108, -23.110591223900748 ], [ -45.86107188216728, -23.11099313642551 ], [ -45.861770772135785, -23.111247161674836 ], [ -45.861961793891588, -23.111133313677929 ], [ -45.862452337012037, -23.1115173952115 ], [ -45.874864870380037, -23.108334338065418 ], [ -45.876530563538715, -23.105127215373187 ], [ -45.877210619698751, -23.10594468004393 ], [ -45.877714034360629, -23.106115297810664 ], [ -45.877721332636753, -23.106115692545021 ], [ -45.878486645707355, -23.106157083331837 ], [ -45.878736043422094, -23.106177614734836 ], [ -45.87898363430692, -23.106212109891985 ], [ -45.87922850559444, -23.106260441581529 ], [ -45.879411765079361, -23.106307531068499 ], [ -45.879469754415922, -23.106322431673775 ], [ -45.879706491346255, -23.106397851558111 ], [ -45.879707688228066, -23.106398309777422 ], [ -45.879937843552334, -23.106486423170246 ], [ -45.880162958097628, -23.106587820014344 ], [ -45.880236518094023, -23.106626602202464 ], [ -45.880307009720987, -23.106669987260442 ], [ -45.880307009721101, -23.106669987260524 ], [ -45.880307009742801, -23.106669987273872 ], [ -45.880374097015746, -23.106717768354592 ], [ -45.880437460095685, -23.106769717690234 ], [ -45.880475192754147, -23.106805245745047 ], [ -45.8804967969036, -23.106825587608267 ], [ -45.880517870745678, -23.10684838348617 ], [ -45.880551824615054, -23.106885111840732 ], [ -45.880602280853786, -23.106948006556745 ], [ -45.880647925097207, -23.107013971952213 ], [ -45.880647925099076, -23.107013971955382 ], [ -45.880647925101684, -23.107013971959159 ], [ -45.88064858544319, -23.107015089284676 ], [ -45.880688539745705, -23.107082693560624 ], [ -45.880723931175545, -23.107153843775716 ], [ -45.880753930662024, -23.107227083413221 ], [ -45.880778395183931, -23.107302063327747 ], [ -45.880797208105498, -23.107378426077148 ], [ -45.880797208105498, -23.107378426077155 ], [ -45.880886375580729, -23.10774377539067 ], [ -45.88092409384538, -23.10789831918558 ], [ -45.881007591689539, -23.108159961640784 ], [ -45.88108722370356, -23.108409489347888 ], [ -45.881285908928476, -23.108909777004978 ], [ -45.881465120605611, -23.109283932252666 ], [ -45.881519310503812, -23.109397068570289 ], [ -45.881528911835112, -23.109414056809076 ], [ -45.881582306306392, -23.109508530873615 ], [ -45.88165291319843, -23.10961601946423 ], [ -45.881658842583967, -23.109623862094413 ], [ -45.881730839498125, -23.109719090268239 ], [ -45.881815763266523, -23.109817317467073 ], [ -45.881842373996406, -23.109844337212774 ], [ -45.881907333675578, -23.109910295257063 ], [ -45.882005172426425, -23.10999763949571 ], [ -45.882005172426432, -23.109997639495713 ], [ -45.882054784808737, -23.110041964043592 ], [ -45.882087434521971, -23.110075191713772 ], [ -45.882101177431757, -23.110089177879534 ], [ -45.88213958354131, -23.110133774148405 ], [ -45.882144154099485, -23.110139081369109 ], [ -45.882170598817602, -23.11017425826979 ], [ -45.882183532980498, -23.110191463349189 ], [ -45.88218532355728, -23.110194210409531 ], [ -45.882219147537072, -23.11024610230935 ], [ -45.8822508471033, -23.110302767105345 ], [ -45.882278497597113, -23.11036121806606 ], [ -45.882301982056639, -23.110421207954339 ], [ -45.882313775054691, -23.110458806878952 ], [ -45.882321201150084, -23.110482482998407 ], [ -45.882336023611821, -23.110544574891289 ], [ -45.882336073551357, -23.110544784089722 ], [ -45.882336073551471, -23.110544784090404 ], [ -45.882336073551706, -23.110544784091367 ], [ -45.88234653638068, -23.110607847622191 ], [ -45.88235254534775, -23.110671406870285 ], [ -45.882353058011105, -23.110692784333061 ], [ -45.882354075042656, -23.110735193039947 ], [ -45.88235111898986, -23.110798936257108 ], [ -45.882351118989867, -23.110798936257101 ], [ -45.882348178038455, -23.110863370548266 ], [ -45.882345519673052, -23.110921613707639 ], [ -45.882347823226233, -23.111009622397951 ], [ -45.88234873257678, -23.111044364510224 ], [ -45.882358961205817, -23.111148501305657 ], [ -45.882360743590745, -23.111166647586511 ], [ -45.882381499795223, -23.11128792402932 ], [ -45.882410909729508, -23.111407659313269 ], [ -45.882448843797185, -23.111525325697951 ], [ -45.882475158160368, -23.111590742937327 ], [ -45.882495134817376, -23.111640404629757 ], [ -45.88252723546551, -23.111706431531029 ], [ -45.882549578804849, -23.111752388847339 ], [ -45.882611935798678, -23.111860784807917 ], [ -45.88263374300319, -23.111893289135544 ], [ -45.882681931014481, -23.111965114801858 ], [ -45.882759255939568, -23.112064918942533 ], [ -45.882843569790694, -23.112159757367973 ], [ -45.88292955399239, -23.112244345431964 ], [ -45.882934500948863, -23.112249212058046 ], [ -45.883002783490426, -23.112308026207128 ], [ -45.883031648711594, -23.112332888808471 ], [ -45.883402775315069, -23.112652845734008 ], [ -45.883749794945679, -23.112995168822884 ], [ -45.884071135599861, -23.113358307519654 ], [ -45.884199981675131, -23.113505377275413 ], [ -45.884257238805084, -23.113563549869102 ], [ -45.884337754696247, -23.113645352973137 ], [ -45.884352170987306, -23.113658406399878 ], [ -45.884483999046076, -23.113777771695862 ], [ -45.884601398488542, -23.113872481527427 ], [ -45.884638231086385, -23.113902195490414 ], [ -45.884638231086342, -23.113902195498767 ], [ -45.884638231095145, -23.113902195505869 ], [ -45.884636551268024, -23.114264266335507 ], [ -45.884636551268031, -23.1142642663355 ], [ -45.884642388130281, -23.114451947880944 ], [ -45.884658225657617, -23.114605917352559 ], [ -45.884661614501809, -23.114638862970171 ], [ -45.884672733396123, -23.11470220661128 ], [ -45.884694146452432, -23.114824195221161 ], [ -45.884739841963565, -23.115007135200717 ], [ -45.884798501504029, -23.11518688389496 ], [ -45.884798501504036, -23.115186883894967 ], [ -45.885333046271406, -23.116503732976412 ], [ -45.885960250322022, -23.117785138601675 ], [ -45.885960250322022, -23.117785138601683 ], [ -45.886134780233768, -23.118086968566395 ], [ -45.886330473605376, -23.118377482432095 ], [ -45.886546476663817, -23.118655412550417 ], [ -45.886704084812976, -23.118832281266975 ], [ -45.886781846988477, -23.118919546157208 ], [ -45.887224753664384, -23.119413131161835 ], [ -45.887665132212916, -23.119903893792717 ], [ -45.888113322752403, -23.120468271859018 ], [ -45.888483873456288, -23.120934878287994 ], [ -45.888624990260539, -23.121112164365393 ], [ -45.888721586327797, -23.121219086425334 ], [ -45.888777611626928, -23.121281100645501 ], [ -45.888941161483928, -23.121441049431859 ], [ -45.889115022520812, -23.121591406975352 ], [ -45.889298538493598, -23.121731605720647 ], [ -45.889384591850572, -23.12178950757469 ], [ -45.889491016705968, -23.121861116439508 ], [ -45.889668248251233, -23.121965605959247 ], [ -45.88969173063019, -23.12197945031857 ], [ -45.889698493666614, -23.121982916768509 ], [ -45.889899922626903, -23.122086160601985 ], [ -45.889994716266685, -23.122128284220228 ], [ -45.890045194772689, -23.122150715399176 ], [ -45.890116149481202, -23.122177923817002 ], [ -45.890194075541856, -23.122207805421677 ], [ -45.890285947192034, -23.122237687936469 ], [ -45.89034611693716, -23.122257258928805 ], [ -45.890380337259352, -23.122266473472511 ], [ -45.89050086147229, -23.12229892707003 ], [ -45.890663250267785, -23.122332994905722 ], [ -45.890745598929108, -23.122345083971528 ], [ -45.890827705442575, -23.122357137433852 ], [ -45.89094305853942, -23.122366955754799 ], [ -45.890993518629017, -23.12237125065267 ], [ -45.891128436228826, -23.122382767456607 ], [ -45.891262235245094, -23.122402510218496 ], [ -45.891291488654282, -23.122408684973848 ], [ -45.891394330043205, -23.122430392488788 ], [ -45.891433992450807, -23.122441361179046 ], [ -45.891524142492763, -23.122466292227472 ], [ -45.891627677648252, -23.122501977841303 ], [ -45.891651104396345, -23.122510052356454 ], [ -45.891688503494315, -23.122525619408108 ], [ -45.891774660049613, -23.122561481269038 ], [ -45.891894268721522, -23.122620353937879 ], [ -45.891938649666244, -23.122642307014072 ], [ -45.891962385098417, -23.122652349810153 ], [ -45.891984417306496, -23.122661671928668 ], [ -45.892008612155379, -23.122670273938734 ], [ -45.892031395376179, -23.122678374055084 ], [ -45.892079403071698, -23.122692349144824 ], [ -45.89212825545156, -23.122703543357147 ], [ -45.892177764431267, -23.122711913616527 ], [ -45.89222773938976, -23.122717427646858 ], [ -45.892277987916344, -23.122720064242923 ], [ -45.892328316518601, -23.122719813266372 ], [ -45.892368658105255, -23.122719737959621 ], [ -45.892408909815437, -23.122722228259313 ], [ -45.892427643730635, -23.122724592345911 ], [ -45.892448881161727, -23.122727272353124 ], [ -45.892488382953616, -23.122734846375447 ], [ -45.892494871990841, -23.122736528235965 ], [ -45.892527228232943, -23.122744914471255 ], [ -45.892565233166629, -23.122757428997943 ], [ -45.892602217830657, -23.122772330744326 ], [ -45.892638007262775, -23.122789549169681 ], [ -45.892660047176257, -23.1228020040427 ], [ -45.892672432029208, -23.122809002783018 ], [ -45.89269505382677, -23.122823853803759 ], [ -45.892705329204475, -23.122830599498677 ], [ -45.892736543064387, -23.122854237081619 ], [ -45.892765925927186, -23.122879803727063 ], [ -45.89279333870563, -23.122907178385383 ], [ -45.892818651643651, -23.12293623147788 ], [ -45.892841744954012, -23.122966825547834 ], [ -45.892855964412455, -23.122988732503625 ], [ -45.89286250932124, -23.122998815785902 ], [ -45.892880846483521, -23.123032050755722 ], [ -45.892896669645708, -23.123066373177664 ], [ -45.892918464201287, -23.123113633891048 ], [ -45.892934447846805, -23.123148293813969 ], [ -45.892978245328862, -23.12322760931248 ], [ -45.892979591070954, -23.123229680020124 ], [ -45.893027853474514, -23.123303941818623 ], [ -45.893076137336429, -23.123367803402921 ], [ -45.893083036013934, -23.123376927777432 ], [ -45.893143530084018, -23.123446219518414 ], [ -45.893158226300478, -23.123460859670139 ], [ -45.893209047602376, -23.123511487046844 ], [ -45.893279276442016, -23.123572419413936 ], [ -45.893297110902125, -23.123585879589243 ], [ -45.893353882110432, -23.123628726385121 ], [ -45.893397414197516, -23.123657191565133 ], [ -45.89343250924788, -23.123680139819637 ], [ -45.893514783335846, -23.123726414758856 ], [ -45.893572391277544, -23.123753973665789 ], [ -45.893600312484132, -23.123767330801705 ], [ -45.893688689281099, -23.123802693037245 ], [ -45.893779492806381, -23.123832333077676 ], [ -45.893847622446842, -23.123849789269624 ], [ -45.893872290516832, -23.123856109714712 ], [ -45.893928373407476, -23.12386669026743 ], [ -45.89396664036034, -23.123873909663534 ], [ -45.894113282148531, -23.123892170549805 ], [ -45.894260904127655, -23.123901482478335 ], [ -45.894371128408558, -23.123901722975845 ], [ -45.894408868664748, -23.123901805295105 ], [ -45.894447314401837, -23.123899548633389 ], [ -45.894556536490747, -23.123893137516006 ], [ -45.894689558264616, -23.123877163261543 ], [ -45.894703269760114, -23.123875516673152 ], [ -45.894719616273932, -23.123872532847553 ], [ -45.894848434531973, -23.123849018809953 ], [ -45.894991403739112, -23.123813758465538 ], [ -45.895126362560582, -23.123780481522342 ], [ -45.895263396474583, -23.123755490993624 ], [ -45.895401911386791, -23.123738895200212 ], [ -45.895541306853382, -23.123730766114996 ], [ -45.895680978536745, -23.123731138970044 ], [ -45.895757911205173, -23.123736037971991 ], [ -45.895820320927548, -23.123740012133155 ], [ -45.895852389159103, -23.123744028521976 ], [ -45.895958729932168, -23.123757347116658 ], [ -45.896095605595875, -23.123783068825034 ], [ -45.896193001102034, -23.12380764155548 ], [ -45.896230354438835, -23.123817065719315 ], [ -45.896230354438835, -23.123817065719326 ], [ -45.896245643389065, -23.123820893914385 ], [ -45.896308655728454, -23.123836671514788 ], [ -45.896388243160729, -23.123851186224083 ], [ -45.89646873027673, -23.123860539311657 ], [ -45.896549726230418, -23.123864685413746 ], [ -45.896605256815462, -23.123863945291347 ], [ -45.896957479099633, -23.123661207566514 ], [ -45.897302368015218, -23.123627762352491 ], [ -45.897363812553117, -23.123578777637224 ], [ -45.897421419528193, -23.123525954101989 ], [ -45.897472457950514, -23.12347213320286 ], [ -45.897474909235889, -23.123469548276812 ], [ -45.897475944797961, -23.12346828917628 ], [ -45.897524021881829, -23.123409834012637 ], [ -45.897568519054033, -23.123347101320398 ], [ -45.897608184616857, -23.123281654830713 ], [ -45.897642826036773, -23.123213812262474 ], [ -45.897672275075195, -23.123143903152332 ], [ -45.897680618824857, -23.123119115741297 ], [ -45.897696388743832, -23.123072266885188 ], [ -45.89771388783987, -23.123003798386041 ], [ -45.897715049964113, -23.122999251353104 ], [ -45.897728168123521, -23.122925211091253 ], [ -45.89772846047962, -23.1229223034372 ], [ -45.897735679528708, -23.122850505627817 ], [ -45.897737547711145, -23.12277549770841 ], [ -45.897738084082661, -23.122753132185576 ], [ -45.897738915258763, -23.122744629011258 ], [ -45.897740261934736, -23.12273085203536 ], [ -45.897742216599831, -23.122719515996469 ], [ -45.897744071208358, -23.122708760183684 ], [ -45.897749494304101, -23.122686958705124 ], [ -45.897756506194234, -23.122665548360089 ], [ -45.897764035127864, -23.122647165756408 ], [ -45.897765074483331, -23.122644628061355 ], [ -45.897768728519175, -23.122637260747105 ], [ -45.897775159531115, -23.122624294444641 ], [ -45.897786714772714, -23.122604641460253 ], [ -45.897799686802749, -23.122585759952219 ], [ -45.897808731043341, -23.122574384175469 ], [ -45.897814015731704, -23.122567737118374 ], [ -45.897820627839963, -23.122560506407421 ], [ -45.897829635299125, -23.122550656224927 ], [ -45.897839348428953, -23.122541391945578 ], [ -45.897846473358925, -23.122534596248212 ], [ -45.897852476632586, -23.122529599324089 ], [ -45.897864452088101, -23.12251963132735 ], [ -45.897883488476523, -23.122505830653484 ], [ -45.89788348848564, -23.12250583064775 ], [ -45.897883488488944, -23.122505830645352 ], [ -45.897883692996068, -23.122505702123902 ], [ -45.897903494515084, -23.122493257927392 ], [ -45.897924377791973, -23.12248197132029 ], [ -45.897946041831638, -23.122472022927809 ], [ -45.897968386504147, -23.1224634586987 ], [ -45.897991308620014, -23.122456318259204 ], [ -45.898014702225936, -23.122450634566825 ], [ -45.898038459238087, -23.122446433906692 ], [ -45.898062469887485, -23.122443735647867 ], [ -45.898086623279028, -23.122442552274606 ], [ -45.898103572163279, -23.12244278845402 ], [ -45.898110807793906, -23.122442889274947 ], [ -45.898134911674802, -23.122444745060445 ], [ -45.898137430158286, -23.122445099580457 ], [ -45.898158823549515, -23.122448111055242 ], [ -45.898182432995519, -23.122452971726783 ], [ -45.898200719556243, -23.122457963889453 ], [ -45.898205630854164, -23.122459304647634 ], [ -45.898361512631723, -23.122512335887869 ], [ -45.898415945230497, -23.122530853898706 ], [ -45.898493380981968, -23.122562442094424 ], [ -45.898620979338212, -23.12261449288874 ], [ -45.898664307630938, -23.122635269891052 ], [ -45.898819921734137, -23.122709890574768 ], [ -45.898970273858147, -23.122781709879781 ], [ -45.898970604001782, -23.122781867580525 ], [ -45.898974519690135, -23.122783444460342 ], [ -45.899126095874244, -23.122844485309894 ], [ -45.899261803437938, -23.122889532123509 ], [ -45.899285718705009, -23.122897470546508 ], [ -45.899448775813639, -23.122940591978537 ], [ -45.899549950769213, -23.122960774200489 ], [ -45.899614555517829, -23.122973661412605 ], [ -45.899723749404302, -23.122988547736831 ], [ -45.899782334301335, -23.122996534538171 ], [ -45.899807013574687, -23.122998370684197 ], [ -45.899951379824707, -23.123009111485722 ], [ -45.90007042637086, -23.123010674187288 ], [ -45.900120954350648, -23.12301133742395 ], [ -45.900185291115022, -23.123008247230405 ], [ -45.900290317687876, -23.123003202576616 ], [ -45.900411683470452, -23.122989899455423 ], [ -45.9004587306937, -23.122984742495102 ], [ -45.900521086127704, -23.12297400705036 ], [ -45.900625458258567, -23.122956037721369 ], [ -45.900789772764242, -23.122917213552682 ], [ -45.901410911875857, -23.12276352008843 ], [ -45.901541800406918, -23.122731132927125 ], [ -45.901573963242633, -23.122724545946763 ], [ -45.902301863013768, -23.122575469420543 ], [ -45.902470766420315, -23.122539449871073 ], [ -45.902513102734716, -23.122530421389666 ], [ -45.902611367939443, -23.12250354817094 ], [ -45.902720987679722, -23.122473569663622 ], [ -45.902924747628582, -23.122405124899284 ], [ -45.903110260927441, -23.122330703053521 ], [ -45.903123627612523, -23.122325340764636 ], [ -45.903146455083409, -23.122314612545619 ], [ -45.903316890695315, -23.12223451280834 ], [ -45.903503820868032, -23.122132977606974 ], [ -45.903571489720122, -23.122098232668037 ], [ -45.903641607464927, -23.122067924984151 ], [ -45.903713834443089, -23.122042201283545 ], [ -45.903787820901577, -23.122021186197308 ], [ -45.903833711758274, -23.122011321869586 ], [ -45.903863208464671, -23.122004981484952 ], [ -45.903879928719171, -23.1220025057595 ], [ -45.903939631988372, -23.121993665616412 ], [ -45.904016721393987, -23.121987293439314 ], [ -45.904094103293801, -23.121985895768375 ], [ -45.904171402896168, -23.12198947940292 ], [ -45.904248245806414, -23.121998026986802 ], [ -45.904324259889911, -23.122011497101123 ], [ -45.904399076987339, -23.12202982453001 ], [ -45.904447154819692, -23.12204498203376 ], [ -45.904472334716843, -23.12205292049325 ], [ -45.90448338192067, -23.122057217856746 ], [ -45.904543678276511, -23.122080673109437 ], [ -45.904612762139301, -23.122112948024082 ], [ -45.904612762148496, -23.122112948029152 ], [ -45.904612762155125, -23.122112948032246 ], [ -45.90461657898399, -23.122115051398605 ], [ -45.904679251717887, -23.12214958886474 ], [ -45.904742824998763, -23.122190418205179 ], [ -45.904768541880792, -23.122277155988009 ], [ -45.90481739305914, -23.122441920613642 ], [ -45.904845568966351, -23.12276253096508 ], [ -45.904782330164835, -23.122997748343003 ], [ -45.904564223364929, -23.123493692486608 ], [ -45.904500785292178, -23.123624314996864 ], [ -45.904476274479997, -23.123674784061965 ], [ -45.904466330469795, -23.123714508393491 ], [ -45.904452648563328, -23.123769164872609 ], [ -45.904383415197778, -23.123914470611481 ], [ -45.904335405016624, -23.124004691741767 ], [ -45.904243250353275, -23.124203863314094 ], [ -45.904132391260497, -23.124335651051638 ], [ -45.904035787096291, -23.124426150644116 ], [ -45.903864103189576, -23.124597027308461 ], [ -45.903815891552441, -23.124657261468965 ], [ -45.90376792396264, -23.124752477175544 ], [ -45.903747527316938, -23.124932485759668 ], [ -45.903786233884404, -23.12506718274572 ], [ -45.903846508665744, -23.125196752102067 ], [ -45.903895543585726, -23.125295907850465 ], [ -45.903907998599699, -23.125321093666571 ], [ -45.90391305873807, -23.125339341478572 ], [ -45.90394432710707, -23.125452100897874 ], [ -45.904029213577751, -23.125774183743413 ], [ -45.904059533876705, -23.125888813281517 ], [ -45.904108045613093, -23.126074424463422 ], [ -45.90413381235912, -23.126159507612424 ], [ -45.904149987242256, -23.126196267567479 ], [ -45.904199070768911, -23.126429269060591 ], [ -45.904194003648811, -23.12646300747409 ], [ -45.904223473387368, -23.126543941509851 ], [ -45.904234196300145, -23.126619510787954 ], [ -45.904235876278548, -23.126631350326623 ], [ -45.904250567079806, -23.126663982586891 ], [ -45.904261582622361, -23.126688451068667 ], [ -45.90428037835477, -23.126749032796372 ], [ -45.904306805302319, -23.126844379362527 ], [ -45.904320361120398, -23.126893287703876 ], [ -45.904330331020148, -23.126922167053682 ], [ -45.904350498726579, -23.126980585813325 ], [ -45.904428745874341, -23.127193358738374 ], [ -45.904489451618915, -23.127433573648531 ], [ -45.904513671380279, -23.127520905644904 ], [ -45.904555625998256, -23.127608144948635 ], [ -45.904609350874779, -23.12768984301961 ], [ -45.904692590633012, -23.127765907086456 ], [ -45.904740197067881, -23.127814834104086 ], [ -45.904847706943464, -23.127914324684163 ], [ -45.904900951970049, -23.127994327285002 ], [ -45.904936741921034, -23.128043331071847 ], [ -45.904993541518202, -23.128124722313245 ], [ -45.90504632936522, -23.128231174689205 ], [ -45.905092432690353, -23.128348603784509 ], [ -45.905104579517797, -23.128397734184972 ], [ -45.90512285483517, -23.128479635507269 ], [ -45.905135525078457, -23.128605313469318 ], [ -45.905089202860616, -23.128756584923504 ], [ -45.905071906655863, -23.128812274126247 ], [ -45.905514703738433, -23.129058655541431 ], [ -45.905602336463701, -23.128902501927186 ], [ -45.905627737734143, -23.128659482419536 ], [ -45.905618120178303, -23.128377375618747 ], [ -45.905504741374671, -23.128170869713486 ], [ -45.905321182025467, -23.127864759794729 ], [ -45.905184035135441, -23.127569098262455 ], [ -45.905135922133447, -23.127305070671092 ], [ -45.905238364900065, -23.127033035610555 ], [ -45.905460397628261, -23.126742455578345 ], [ -45.905929188751195, -23.126393311278104 ], [ -45.906248694613687, -23.126241465460353 ], [ -45.906541792517451, -23.126182634268471 ], [ -45.907003551963868, -23.125937105762763 ], [ -45.907292042664309, -23.125767577884073 ], [ -45.907391531187159, -23.125631282022002 ], [ -45.907413499629477, -23.125452572062997 ], [ -45.90735056140948, -23.12528149392503 ], [ -45.907068998254317, -23.124758077724692 ], [ -45.906889493955688, -23.12448051953141 ], [ -45.9068378774843, -23.124270087645641 ], [ -45.906824972611226, -23.1240737198613 ], [ -45.9068393865874, -23.123920055075132 ], [ -45.906838546440007, -23.123795051368241 ], [ -45.906787890453884, -23.12372748082192 ], [ -45.906636906744389, -23.123671201999088 ], [ -45.906443590302786, -23.123636596350483 ], [ -45.906354391271677, -23.123579962171544 ], [ -45.906311050831917, -23.123451630983308 ], [ -45.906333548247481, -23.123351494867045 ], [ -45.906449009988513, -23.123293684602672 ], [ -45.906607140300977, -23.123264202394278 ], [ -45.906785130173951, -23.123316754332972 ], [ -45.906978902366177, -23.123419218732646 ], [ -45.907087457178008, -23.123482884588384 ], [ -45.907156820538646, -23.123461055636643 ], [ -45.907190997936752, -23.123375138928552 ], [ -45.907171090022004, -23.123285961615981 ], [ -45.907027181473843, -23.123133207301134 ], [ -45.906999526677382, -23.123040502835497 ], [ -45.907048765977549, -23.122897352779482 ], [ -45.907175307278351, -23.122764473157041 ], [ -45.90737113917033, -23.122599049801824 ], [ -45.907474342771614, -23.122441302489779 ], [ -45.907592103269614, -23.122151319465711 ], [ -45.907603183255198, -23.122076250585323 ], [ -45.907572003130056, -23.122033569916205 ], [ -45.907506237834156, -23.122016089931773 ], [ -45.907437067413532, -23.122066491293424 ], [ -45.90734170709208, -23.1222420518299 ], [ -45.907280475601226, -23.122324552514726 ], [ -45.907176431450743, -23.122357295988635 ], [ -45.907052695652823, -23.122333005864448 ], [ -45.906948003291383, -23.122269317743083 ], [ -45.90691260176979, -23.122173086114792 ], [ -45.906896003645514, -23.122001741230267 ], [ -45.906964430081437, -23.121840622507531 ], [ -45.907181989137349, -23.121460774072663 ], [ -45.907342633774853, -23.121231263017126 ], [ -45.907472938660085, -23.121084074835061 ], [ -45.90749553095057, -23.120998224703765 ], [ -45.907472098040898, -23.120959071105233 ], [ -45.907348267432774, -23.12092049502856 ], [ -45.907220671486179, -23.120896227202223 ], [ -45.90714696781103, -23.120846647642868 ], [ -45.907146271555717, -23.120743073111523 ], [ -45.907179968146473, -23.120585725685949 ], [ -45.907294754832733, -23.120427911872788 ], [ -45.90738685295473, -23.120341661964055 ], [ -45.907568148189, -23.120312045625557 ], [ -45.90770735195477, -23.120339818065055 ], [ -45.907826888208277, -23.120314128467211 ], [ -45.908081045799598, -23.120209087066616 ], [ -45.908407728632447, -23.119978619077937 ], [ -45.908542662012238, -23.119945696935488 ], [ -45.908909304584668, -23.119915011467686 ], [ -45.909028671799355, -23.119864320237994 ], [ -45.909066419879515, -23.11973552249059 ], [ -45.909096613483001, -23.11963176997947 ], [ -45.909257685864922, -23.119466544707464 ], [ -45.909553112587496, -23.119182679486109 ], [ -45.909648853135238, -23.119064262247527 ], [ -45.909659618830055, -23.118942763297444 ], [ -45.909647529126865, -23.118867827882674 ], [ -45.909596897780268, -23.118803829716832 ], [ -45.909595934930763, -23.118660968354281 ], [ -45.909675531448109, -23.118439065671502 ], [ -45.909802210523004, -23.118327613286809 ], [ -45.909964002927502, -23.118269533362266 ], [ -45.910160740202336, -23.118239825050281 ], [ -45.91027679812295, -23.118271300478703 ], [ -45.910304333602895, -23.118346146716867 ], [ -45.910336140028718, -23.118481686735187 ], [ -45.91035259736212, -23.118631602007955 ], [ -45.910407403578844, -23.118742007571569 ], [ -45.910477245830791, -23.1187916079049 ], [ -45.910546678493468, -23.118780492142967 ], [ -45.910615894259422, -23.118737232553443 ], [ -45.910661483793284, -23.118626247551113 ], [ -45.910760819225111, -23.118468520519293 ], [ -45.910902870575399, -23.118346263509046 ], [ -45.911164382996098, -23.118187599724788 ], [ -45.911491369126331, -23.118003555537925 ], [ -45.911552764973734, -23.117946054045394 ], [ -45.911575450686065, -23.117874489525281 ], [ -45.911517023761334, -23.117799822011083 ], [ -45.91138902016413, -23.117714841421225 ], [ -45.911318647622458, -23.117586667755152 ], [ -45.911317562430888, -23.117425948774432 ], [ -45.911366698807051, -23.117268511348861 ], [ -45.911462291714301, -23.117128663877502 ], [ -45.911515819798019, -23.117049777824665 ], [ -45.911414363916634, -23.116893210393311 ], [ -45.911289330382864, -23.116676060645702 ], [ -45.9112536621789, -23.116540543108883 ], [ -45.91123257129675, -23.116276361144354 ], [ -45.911053890168496, -23.116120239458546 ], [ -45.910917370468702, -23.115917442381786 ], [ -45.910826921657872, -23.115675090798309 ], [ -45.910763911886789, -23.115493299202651 ], [ -45.910682246454215, -23.115408050444248 ], [ -45.910685674012583, -23.115343740535319 ], [ -45.91074704494946, -23.115282667830382 ], [ -45.910939940504043, -23.115256552503265 ], [ -45.911129505062561, -23.115309032991611 ], [ -45.911373441268267, -23.115407630929088 ], [ -45.911485925098091, -23.115481986256619 ], [ -45.911609606995405, -23.115499130031328 ], [ -45.91173299943253, -23.115473415307211 ], [ -45.911832307277059, -23.115312116118904 ], [ -45.912020641521522, -23.115182447327086 ], [ -45.912151104507217, -23.115060256249787 ], [ -45.912399142986516, -23.114908811800515 ], [ -45.912491403907779, -23.114901270385193 ], [ -45.911884529048322, -23.113658673048107 ], [ -45.911622212401511, -23.113034968856809 ], [ -45.911520635172245, -23.11277152618387 ], [ -45.911520635172273, -23.112771526183856 ], [ -45.91153410916337, -23.112756948335651 ], [ -45.912247209174708, -23.111737374651785 ], [ -45.912984581566818, -23.111643146554552 ], [ -45.912908107781512, -23.111256928270254 ], [ -45.912983440821819, -23.11091167684619 ], [ -45.913067101796663, -23.110804722167067 ], [ -45.913077070920203, -23.110804664482874 ], [ -45.913652060549033, -23.111001774685803 ], [ -45.913753395966822, -23.111457347702785 ], [ -45.913502002772738, -23.111619145509557 ], [ -45.913728954780936, -23.111852503904839 ], [ -45.913707139806625, -23.112202986707967 ], [ -45.913945642856277, -23.112218342152225 ], [ -45.913975046373807, -23.111894116178654 ], [ -45.914105372685384, -23.111773696958601 ], [ -45.914179183673681, -23.111677971655897 ], [ -45.914256799644811, -23.111516944914541 ], [ -45.914337422764547, -23.111397143205625 ], [ -45.914725848581554, -23.111036785738314 ], [ -45.914853949451079, -23.110985536465289 ], [ -45.915001020403032, -23.110965583203967 ], [ -45.916106090974921, -23.110720062372266 ], [ -45.916150403201293, -23.11069369515058 ], [ -45.916285463534066, -23.110079352166334 ], [ -45.916386187890438, -23.109953332583846 ], [ -45.916394640056431, -23.109951933694532 ], [ -45.916396934571445, -23.109958591378739 ], [ -45.916408129669534, -23.110186019368808 ], [ -45.91815304941673, -23.110627367912542 ], [ -45.91814902363754, -23.110638254500408 ], [ -45.918151191005528, -23.110638802685994 ], [ -45.918102072698829, -23.110771627236986 ], [ -45.918057726647092, -23.110921924317879 ], [ -45.91803285656475, -23.111006848174682 ], [ -45.917991078698819, -23.111095411136667 ], [ -45.917962055579963, -23.111138267634658 ], [ -45.917923575337461, -23.111225691364179 ], [ -45.917885095046898, -23.111313115084954 ], [ -45.917844300525722, -23.111430720849839 ], [ -45.917803505936917, -23.111548326604698 ], [ -45.91776235507249, -23.111632207020154 ], [ -45.917721204158475, -23.111716087425624 ], [ -45.917653722806726, -23.111832569951723 ], [ -45.918118376815755, -23.112183634943218 ], [ -45.918112003675176, -23.112187620009166 ], [ -45.918112781185506, -23.112188207446948 ], [ -45.918041408057832, -23.112232835461811 ], [ -45.917927692215073, -23.112364012196192 ], [ -45.918024784233644, -23.112500958407853 ], [ -45.918023802047884, -23.112506142779285 ], [ -45.918025244843754, -23.112508177808635 ], [ -45.918007842559092, -23.11260003070668 ], [ -45.91800596882215, -23.112600273652955 ], [ -45.918005488270701, -23.112602810193398 ], [ -45.917869120636311, -23.112620443266199 ], [ -45.917738268974773, -23.112726708179199 ], [ -45.917712818011275, -23.112960400816949 ], [ -45.91763345009813, -23.113219436112054 ], [ -45.917400446361277, -23.113420969551473 ], [ -45.917283485983532, -23.113455015652608 ], [ -45.917130813918966, -23.113539309365219 ], [ -45.91693306737637, -23.11362386488744 ], [ -45.916852564619155, -23.113716084956526 ], [ -45.916691558715826, -23.113900515946739 ], [ -45.916467508720913, -23.114093659028963 ], [ -45.916463907428124, -23.114094591106479 ], [ -45.916461679413963, -23.114096511768963 ], [ -45.916259963648805, -23.114148678326778 ], [ -45.916032195363073, -23.114141567464216 ], [ -45.915823164684859, -23.114100792375769 ], [ -45.915643483398007, -23.114043773084148 ], [ -45.915475710320344, -23.114044746617527 ], [ -45.915322709348736, -23.114100304513443 ], [ -45.915224791524395, -23.114284368056389 ], [ -45.91518074461522, -23.114434762000091 ], [ -45.915118944611216, -23.114626962018004 ], [ -45.91512013202702, -23.114802113634767 ], [ -45.915085088023872, -23.114952446298322 ], [ -45.915013539702109, -23.115036276521831 ], [ -45.91482566026221, -23.115291769021503 ], [ -45.914801585927748, -23.115351864057228 ], [ -45.914708400343478, -23.11556134708238 ], [ -45.914699696465767, -23.11558029682746 ], [ -45.914633073778049, -23.115720871144234 ], [ -45.914584706583241, -23.115809368131391 ], [ -45.914555821687408, -23.115855710017787 ], [ -45.914532123822156, -23.115932380622567 ], [ -45.914513242986985, -23.115986872390067 ], [ -45.914431658617659, -23.116198966763676 ], [ -45.914415024758021, -23.116239151936458 ], [ -45.914238135481497, -23.1166377850546 ], [ -45.914024394201519, -23.117133649691485 ], [ -45.913864853100812, -23.117528870967856 ], [ -45.913831874692612, -23.117600886099666 ], [ -45.913514916158391, -23.118217261701002 ], [ -45.913442894443051, -23.118386872503663 ], [ -45.913308994675283, -23.118718195237321 ], [ -45.913300554602223, -23.118738341352177 ], [ -45.913156069495301, -23.119071343105496 ], [ -45.913124088256055, -23.119137287584294 ], [ -45.913034469080856, -23.119303888972563 ], [ -45.912974615204746, -23.119399894064316 ], [ -45.912865592015415, -23.119552320978745 ], [ -45.912815117456553, -23.119616562719735 ], [ -45.912719331075145, -23.119727838734942 ], [ -45.912667543962897, -23.119783233985764 ], [ -45.912521776290696, -23.119926944081271 ], [ -45.912450804251378, -23.119990191327801 ], [ -45.912231886376986, -23.120166469300408 ], [ -45.912225539105798, -23.120171536126779 ], [ -45.911779978730756, -23.120524135825747 ], [ -45.911761188629114, -23.120538632387415 ], [ -45.911213330146367, -23.120950648115333 ], [ -45.910675669254651, -23.12137121087715 ], [ -45.910570084478948, -23.121460320356618 ], [ -45.910522226683547, -23.12151534263581 ], [ -45.910462645904722, -23.12160042782973 ], [ -45.910399814348594, -23.121725832148577 ], [ -45.910376402057153, -23.121801666907164 ], [ -45.910360964445324, -23.121994144152502 ], [ -45.910354474631411, -23.122369768564084 ], [ -45.910350499801858, -23.122438011601442 ], [ -45.91033061092697, -23.12263813994424 ], [ -45.910318154329481, -23.12272107815954 ], [ -45.910256499591362, -23.123026811805872 ], [ -45.910202372399056, -23.123198577345796 ], [ -45.910076881666505, -23.123486820926971 ], [ -45.909985065239489, -23.123648357106397 ], [ -45.90981291012308, -23.123888652150605 ], [ -45.909740551801001, -23.123977288059631 ], [ -45.909623330347976, -23.124103873782332 ], [ -45.90954429792896, -23.124219289773791 ], [ -45.909433239277334, -23.124352265034233 ], [ -45.90929215173685, -23.124492093669847 ], [ -45.90926147033602, -23.12453523958645 ], [ -45.909223165590461, -23.124631291029303 ], [ -45.909189443808145, -23.124754616693668 ], [ -45.909171208091372, -23.124922320529087 ], [ -45.909153944137806, -23.12502328476328 ], [ -45.909110775516488, -23.12520747461857 ], [ -45.909038769770369, -23.125403107737224 ], [ -45.908937761369309, -23.125600131749053 ], [ -45.908838123294295, -23.125753226585662 ], [ -45.908694240321793, -23.125931615885907 ], [ -45.908670583176153, -23.125973160220582 ], [ -45.908649090509336, -23.126039068984745 ], [ -45.908641039104026, -23.126076754083062 ], [ -45.908641627626125, -23.126109451747052 ], [ -45.908691644673013, -23.126523505409899 ], [ -45.908714340575443, -23.126533199224522 ], [ -45.908992250359383, -23.126619108886146 ], [ -45.909038921897647, -23.126634766932515 ], [ -45.90942217248385, -23.126773638399786 ], [ -45.909589466440295, -23.12685215593201 ], [ -45.909730981470197, -23.126935273918072 ], [ -45.909924075242493, -23.127084131097138 ], [ -45.910048490467183, -23.127208421633533 ], [ -45.910244504420561, -23.127500560508171 ], [ -45.910317137660314, -23.127676938863068 ], [ -45.910364853760669, -23.127834400863687 ], [ -45.910400825778623, -23.128014562456791 ], [ -45.910416978433531, -23.128166675069558 ], [ -45.910420644759782, -23.128423814005071 ], [ -45.910420727431223, -23.128437654824353 ], [ -45.910419249664393, -23.129076991903453 ], [ -45.910419060587373, -23.129092938300406 ], [ -45.910404511673669, -23.129772647636369 ], [ -45.910398777228586, -23.130627316113014 ], [ -45.910395909847679, -23.130691100620776 ], [ -45.910379833799368, -23.130884063449116 ], [ -45.91036868285952, -23.1309672633455 ], [ -45.910299945450809, -23.131338159245139 ], [ -45.910203430552016, -23.131602997561409 ], [ -45.910167827392755, -23.131647617171996 ], [ -45.910663857255912, -23.131923590071047 ], [ -45.910663857268368, -23.131923590068133 ], [ -45.913292128823564, -23.133385818594444 ], [ -45.913542229087369, -23.133524956876297 ], [ -45.915815981355344, -23.134515690008826 ], [ -45.916034419673572, -23.134588182570266 ], [ -45.916467898864212, -23.134620366368473 ], [ -45.917118986787209, -23.134649196864085 ], [ -45.91735242924193, -23.134637532774562 ], [ -45.918189257652955, -23.134648739571357 ], [ -45.918597459526566, -23.134648028288019 ], [ -45.91869816495629, -23.134647852642374 ], [ -45.918771506294583, -23.134646220008264 ], [ -45.91895539049893, -23.134642126440614 ], [ -45.919246408412882, -23.134620585670614 ], [ -45.919442749310335, -23.134574901672952 ], [ -45.920282631297759, -23.134363853381881 ], [ -45.920473167898464, -23.134310244830615 ], [ -45.920527295152269, -23.134295015767425 ], [ -45.920584026432024, -23.134281015967865 ], [ -45.920824696918814, -23.134221624493925 ], [ -45.920824696930971, -23.134221624511142 ], [ -45.920824696935931, -23.134221624509916 ], [ -45.921010300245534, -23.134484415368973 ], [ -45.921472200087152, -23.141999383258543 ], [ -45.921709326108356, -23.141770409022733 ], [ -45.921934496826708, -23.141552978072014 ], [ -45.922118153091105, -23.141413589572 ], [ -45.922238875525899, -23.141377909625771 ], [ -45.922662794220777, -23.141462637426852 ], [ -45.923128783998138, -23.141651975653041 ], [ -45.923429517386765, -23.141678584507499 ], [ -45.923613550285253, -23.141694867422874 ], [ -45.923776337963972, -23.141641087768207 ], [ -45.92381084059469, -23.141629689209921 ], [ -45.923906776759424, -23.141559045874811 ], [ -45.924086291557337, -23.141426858405918 ], [ -45.924198998444055, -23.141284214710819 ], [ -45.924282327061057, -23.141178752382132 ], [ -45.924321436373077, -23.14113844589917 ], [ -45.924343878403612, -23.141115316875158 ], [ -45.924659253543268, -23.140790286456788 ], [ -45.924659253549237, -23.140790286457168 ], [ -45.924659253549834, -23.14079028645655 ], [ -45.924686534582257, -23.140791989910845 ], [ -45.925667272584292, -23.140853224953442 ], [ -45.92569443004065, -23.140899992681021 ], [ -45.925904497534489, -23.141261747605743 ], [ -45.925904497532471, -23.141261747608727 ], [ -45.925904497534823, -23.141261747612777 ], [ -45.925866016403191, -23.141318545605333 ], [ -45.925835495102724, -23.141363594886009 ], [ -45.925587436289121, -23.14159842558464 ], [ -45.92509196220248, -23.142402038122373 ], [ -45.9250487913123, -23.142472056752531 ], [ -45.924979788307979, -23.142514449439542 ], [ -45.9245457347387, -23.142781113353369 ], [ -45.924062435416623, -23.142900215641735 ], [ -45.923836584258474, -23.142955872898387 ], [ -45.923859662464864, -23.143106268744731 ], [ -45.923887014769178, -23.143284517443021 ], [ -45.923909938798047, -23.14343390776817 ], [ -45.923940226231153, -23.143631282957703 ], [ -45.923585706443468, -23.143690643753338 ], [ -45.923454431206501, -23.145055136727606 ], [ -45.92341798857894, -23.145123527283591 ], [ -45.923352792872777, -23.14518787404764 ], [ -45.923576653981108, -23.145510981426796 ], [ -45.92363824635769, -23.145798738152255 ], [ -45.92375414315363, -23.146340198774016 ], [ -45.923858332686358, -23.146343075278882 ], [ -45.923891644345069, -23.146327457337936 ], [ -45.923899575410644, -23.146323738908293 ], [ -45.923904833627084, -23.146322356730924 ], [ -45.923973909108085, -23.146304199475459 ], [ -45.924060452896157, -23.146287605294511 ], [ -45.924060452899056, -23.146287605294798 ], [ -45.924060452906303, -23.146287605293409 ], [ -45.92408291703601, -23.146289894160535 ], [ -45.924209746447097, -23.146302816718237 ], [ -45.924287875836214, -23.146316085830158 ], [ -45.924296729975353, -23.146317589569918 ], [ -45.924318746661335, -23.146322753451688 ], [ -45.924392048351535, -23.146339945889896 ], [ -45.924557752451207, -23.146369539772799 ], [ -45.924711518822726, -23.146391327786912 ], [ -45.924764830195961, -23.146398881728203 ], [ -45.924834669117267, -23.146411795355291 ], [ -45.925005113726961, -23.146443311404322 ], [ -45.925123610283542, -23.146467289408335 ], [ -45.925133559482752, -23.146469302641613 ], [ -45.925344900116897, -23.146517722433206 ], [ -45.925572638794684, -23.146543121255608 ], [ -45.925573575539516, -23.146543084853143 ], [ -45.925688460740894, -23.146538620300902 ], [ -45.925857860480313, -23.146503247726702 ], [ -45.926051999692184, -23.146456267414475 ], [ -45.926274131035932, -23.146431793126375 ], [ -45.926308330459207, -23.146428025026339 ], [ -45.926312649890562, -23.146428092170197 ], [ -45.92648626515129, -23.146430790826937 ], [ -45.926610517320171, -23.146449164037538 ], [ -45.926718066357132, -23.146444710966538 ], [ -45.926907811979305, -23.146430723926752 ], [ -45.92706409305471, -23.146371157003408 ], [ -45.927414991665842, -23.146204648274683 ], [ -45.927795154142757, -23.146408281888107 ], [ -45.928025974836736, -23.146639947366239 ], [ -45.928044420108229, -23.146653973127215 ], [ -45.928046260812486, -23.14665537279425 ], [ -45.928063229675487, -23.14667703205782 ], [ -45.928086863939235, -23.146689330556313 ], [ -45.928095391136743, -23.146706369766683 ], [ -45.928101535981568, -23.146713499558867 ], [ -45.928114049724805, -23.14672801907879 ], [ -45.928129307493997, -23.14674658124768 ], [ -45.92814960326011, -23.146762006581682 ], [ -45.928154828870277, -23.146768361095855 ], [ -45.928169953461243, -23.14678675306466 ], [ -45.928191913320468, -23.146803923013728 ], [ -45.928193630534821, -23.146805265664973 ], [ -45.928207218138553, -23.146823837661746 ], [ -45.928220848543262, -23.146848623733913 ], [ -45.928236117040548, -23.146868739410447 ], [ -45.92823713449485, -23.146870003932946 ], [ -45.928254786388784, -23.14689194220059 ], [ -45.928271712518324, -23.146907387369851 ], [ -45.928283907454059, -23.146921290130738 ], [ -45.928298835134555, -23.146938308308737 ], [ -45.928324192212067, -23.146956810971634 ], [ -45.928337769148726, -23.146973829436615 ], [ -45.928340848720268, -23.146975795332832 ], [ -45.928354663198782, -23.146984614020571 ], [ -45.928359481000662, -23.14699151190479 ], [ -45.928366550353481, -23.147001633416018 ], [ -45.9283821490843, -23.147022966523444 ], [ -45.928383530063357, -23.147024855172674 ], [ -45.928397117675054, -23.147043418145795 ], [ -45.928410726718305, -23.147065097130117 ], [ -45.928410726722909, -23.147065097148662 ], [ -45.928410726726845, -23.147065097154943 ], [ -45.928417649070191, -23.147093038919675 ], [ -45.928429144743973, -23.147112476108173 ], [ -45.928429557714793, -23.147113174368808 ], [ -45.92842985628949, -23.147113807096893 ], [ -45.928439797105852, -23.147134873229842 ], [ -45.928451736927578, -23.147158115656151 ], [ -45.928464065887347, -23.147182548072845 ], [ -45.928474368570271, -23.147212014469865 ], [ -45.928491498176449, -23.147256985499595 ], [ -45.928501812572172, -23.147289568021737 ], [ -45.928507076332544, -23.147320617683871 ], [ -45.92851574288742, -23.14735787065873 ], [ -45.928521147538817, -23.147386736641849 ], [ -45.928522719729216, -23.147395133592966 ], [ -45.928525015738018, -23.147407371721474 ], [ -45.928527962084793, -23.147423076210696 ], [ -45.928529747947863, -23.147436386759427 ], [ -45.928531504029536, -23.147449475268772 ], [ -45.928533983376731, -23.147456645532763 ], [ -45.928540084903176, -23.14747429105844 ], [ -45.928550376986045, -23.147502212961314 ], [ -45.92855395103939, -23.147533272575824 ], [ -45.928555296913203, -23.147560115886058 ], [ -45.928555898714954, -23.147572118695436 ], [ -45.928555701666916, -23.147576297938585 ], [ -45.928554432884106, -23.147603208022375 ], [ -45.928554657782954, -23.147635849983175 ], [ -45.928553181250066, -23.147665385771898 ], [ -45.928548572184305, -23.14769971735172 ], [ -45.928548377900988, -23.147701164515912 ], [ -45.928548651898929, -23.147703981247261 ], [ -45.928552004603198, -23.14773844718512 ], [ -45.928550571882326, -23.147775759657449 ], [ -45.928550786016288, -23.147806839066597 ], [ -45.928552625660991, -23.14782858740703 ], [ -45.928551107249035, -23.147853462696137 ], [ -45.928551267865728, -23.147876774510824 ], [ -45.928548015033179, -23.147892338527242 ], [ -45.928545250122518, -23.147918234816974 ], [ -45.928544748546543, -23.147922932613124 ], [ -45.928541402151637, -23.147942911851082 ], [ -45.928536670881847, -23.147971159308721 ], [ -45.928536895780496, -23.148003801284325 ], [ -45.928534962112671, -23.148012408396557 ], [ -45.928527106029776, -23.148047377315699 ], [ -45.928525693710448, -23.148086234215832 ], [ -45.928517466184644, -23.148112711646156 ], [ -45.928512932728324, -23.148149576620391 ], [ -45.928512684220152, -23.14815159743652 ], [ -45.928512539928654, -23.148153100251289 ], [ -45.928509549113777, -23.148184250153292 ], [ -45.928503065768652, -23.148220038797856 ], [ -45.928493211714731, -23.148254284686338 ], [ -45.928488408333152, -23.148290063432636 ], [ -45.928477002860653, -23.14834297950712 ], [ -45.92846890374679, -23.148388099160158 ], [ -45.928464089590172, -23.148422315354647 ], [ -45.928454171358737, -23.148447249160107 ], [ -45.928450233710997, -23.148472581637691 ], [ -45.928449335795364, -23.148478358306829 ], [ -45.92844860747973, -23.14848148765045 ], [ -45.92844435519148, -23.14849975844092 ], [ -45.928436159673083, -23.148530887391118 ], [ -45.928434238586753, -23.148545880125333 ], [ -45.928432971038603, -23.148555772520009 ], [ -45.928430889865716, -23.148567775150994 ], [ -45.928428114111682, -23.148583783667625 ], [ -45.928424700161713, -23.14859896457433 ], [ -45.928423214323992, -23.148605571713009 ], [ -45.928416708539963, -23.148636690690285 ], [ -45.928415679979878, -23.148641604665769 ], [ -45.928410193038218, -23.148667818789296 ], [ -45.928396947808643, -23.148698977485331 ], [ -45.928385349507927, -23.148723912151279 ], [ -45.928372072223652, -23.148750419321228 ], [ -45.928365567354106, -23.148783091890092 ], [ -45.928354001146381, -23.148812687110084 ], [ -45.928344177336761, -23.148832463911717 ], [ -45.9283423824292, -23.148836077337791 ], [ -45.92833996744875, -23.148842587081738 ], [ -45.928330826906432, -23.148867226081137 ], [ -45.928319176006745, -23.14888594672512 ], [ -45.928309246953674, -23.148909317971192 ], [ -45.928295957939916, -23.148932709008072 ], [ -45.928286029813449, -23.148957633829053 ], [ -45.928271018941587, -23.148976374260911 ], [ -45.928264406095835, -23.148991958062144 ], [ -45.928257804882961, -23.149010648958129 ], [ -45.928256221210709, -23.149024640522121 ], [ -45.928245191898789, -23.149043850637174 ], [ -45.928244580997209, -23.149044914666376 ], [ -45.928244580992661, -23.149044914672281 ], [ -45.928244580988377, -23.149044914679749 ], [ -45.928222914444937, -23.149073024832596 ], [ -45.928212911330654, -23.149087065985984 ], [ -45.92819793253522, -23.149110466967631 ], [ -45.928189629926422, -23.149126060718196 ], [ -45.928176324630016, -23.149161275321259 ], [ -45.928164811912417, -23.149198647154201 ], [ -45.928160848468892, -23.149209863811933 ], [ -45.928158210616402, -23.149217329014412 ], [ -45.928155676901909, -23.149224096040768 ], [ -45.928148293204977, -23.149243816377947 ], [ -45.928136694814484, -23.149268751026895 ], [ -45.928125096419841, -23.149293685675044 ], [ -45.928111829668751, -23.149321737311315 ], [ -45.928098520115597, -23.149343574871587 ], [ -45.928088558895801, -23.149362285548495 ], [ -45.928076939090509, -23.149384113148916 ], [ -45.928076390562119, -23.14938646091932 ], [ -45.928073665703053, -23.149398123701275 ], [ -45.928065416557324, -23.149421485039493 ], [ -45.928055487423691, -23.149444856270698 ], [ -45.92804050856293, -23.1494682572385 ], [ -45.928027188285988, -23.14948854127444 ], [ -45.928017237744484, -23.149508805465885 ], [ -45.928005596515611, -23.14952752603088 ], [ -45.927988926952807, -23.149549383368225 ], [ -45.927975585264626, -23.149566560362576 ], [ -45.927955698009733, -23.149596587466739 ], [ -45.927945616795874, -23.149611808762742 ], [ -45.927937378312791, -23.149636723598675 ], [ -45.927937378306204, -23.149636723608968 ], [ -45.927937378304271, -23.149636723614815 ], [ -45.927927395646854, -23.149652327244691 ], [ -45.927910656490752, -23.149679685747248 ], [ -45.927894051138495, -23.149710873219924 ], [ -45.927884785536399, -23.149730775880936 ], [ -45.927882442902188, -23.149735807910286 ], [ -45.927880101689752, -23.149739928797697 ], [ -45.92786915373064, -23.149759198912562 ], [ -45.927854206893741, -23.149787260420204 ], [ -45.927844309850059, -23.14981530122747 ], [ -45.927831021599673, -23.149840245804302 ], [ -45.927817701255869, -23.149860529823805 ], [ -45.927807739960905, -23.149879240484221 ], [ -45.927799892148293, -23.149896962341131 ], [ -45.927799458654484, -23.149897941253744 ], [ -45.927797849196274, -23.149901882729878 ], [ -45.927791188041212, -23.149918195540703 ], [ -45.927781226738531, -23.14993690619956 ], [ -45.927771243979542, -23.149952500788217 ], [ -45.927766290560349, -23.149966521218271 ], [ -45.927761768557346, -23.149980411426668 ], [ -45.927759699936438, -23.149986765601966 ], [ -45.927759699931748, -23.149986765610027 ], [ -45.927759699930569, -23.149986765613651 ], [ -45.927749727923242, -23.150003922751903 ], [ -45.927741446601367, -23.150022623518108 ], [ -45.927738247109147, -23.150045955112198 ], [ -45.927733336464762, -23.150066189616314 ], [ -45.927726735131444, -23.150084880488723 ], [ -45.927726598935791, -23.150085575486173 ], [ -45.927721856568759, -23.150109775551684 ], [ -45.927712036369876, -23.150144919439178 ], [ -45.927710293129735, -23.150151158041488 ], [ -45.927707062568452, -23.150162909926621 ], [ -45.927700449499099, -23.150186966452363 ], [ -45.927699004856969, -23.150221162786913 ], [ -45.927695925895556, -23.150237897602945 ], [ -45.927694137050217, -23.150247620401412 ], [ -45.927692688443621, -23.150257447735317 ], [ -45.927690926844079, -23.150269398471004 ], [ -45.927687685486625, -23.150288069565093 ], [ -45.927684475285588, -23.15030984763904 ], [ -45.927681318558037, -23.150339393306595 ], [ -45.927674749288869, -23.150362744735975 ], [ -45.927668158628066, -23.150382989127625 ], [ -45.927662953657865, -23.150401490945047 ], [ -45.927661589359161, -23.150406340549171 ], [ -45.927653340085548, -23.150429701878789 ], [ -45.927648283327208, -23.150444022216934 ], [ -45.927645090805839, -23.150453063192092 ], [ -45.927636830832853, -23.150474870990578 ], [ -45.927623499705781, -23.150493601476281 ], [ -45.927608477882224, -23.150510788331243 ], [ -45.927598199536384, -23.15052454845361 ], [ -45.927596815134386, -23.150526401823555 ], [ -45.927589985471236, -23.150537076962653 ], [ -45.927586832366408, -23.150542005440862 ], [ -45.927581964459257, -23.150568454015257 ], [ -45.92757871139861, -23.150584008980076 ], [ -45.9275771812367, -23.150605786195189 ], [ -45.927577277481092, -23.150619767863745 ], [ -45.927573869855408, -23.150655439007799 ], [ -45.927574073162219, -23.150684973927639 ], [ -45.92757595640844, -23.150714489926507 ], [ -45.927581123874937, -23.150731557940503 ], [ -45.927581252264311, -23.150750209196985 ], [ -45.927580022464284, -23.150771904101781 ], [ -45.927579754126612, -23.150776637935628 ], [ -45.927579914597764, -23.150799949725211 ], [ -45.92757954618336, -23.150802071869741 ], [ -45.92757667320997, -23.150818620839662 ], [ -45.927573270137891, -23.150832671098193 ], [ -45.927571772289234, -23.150838855275655 ], [ -45.927570362967799, -23.150855699048201 ], [ -45.927570210903077, -23.150857516483516 ], [ -45.927566989979034, -23.150877741035934 ], [ -45.927558751357346, -23.150902655867768 ], [ -45.927552182042973, -23.150926007291954 ], [ -45.92754564480736, -23.150954019271907 ], [ -45.927535320307911, -23.150989514347959 ], [ -45.927531220783202, -23.151010460252404 ], [ -45.927528545263648, -23.151024130453887 ], [ -45.927526592054505, -23.151033464547265 ], [ -45.92752175528144, -23.151056578848763 ], [ -45.927521948695556, -23.151084677665963 ], [ -45.927520156004348, -23.151104224930464 ], [ -45.927519768078099, -23.151108454867028 ], [ -45.92751996143015, -23.151136544657472 ], [ -45.927519577049928, -23.151139154366788 ], [ -45.927517731133868, -23.15115168714755 ], [ -45.927516011997227, -23.1511722822423 ], [ -45.927515565435293, -23.151177632067327 ], [ -45.927515729006949, -23.151201395453512 ], [ -45.927516535580644, -23.151207051761173 ], [ -45.927518192194945, -23.15121866909082 ], [ -45.927523049315305, -23.151244572669082 ], [ -45.927527866889811, -23.151266149935818 ], [ -45.927537283643701, -23.151274738564421 ], [ -45.927542096129869, -23.151294157104772 ], [ -45.927542215129165, -23.151311444512228 ], [ -45.927542772765499, -23.151312958569378 ], [ -45.927549362048588, -23.151330849314615 ], [ -45.927554881832663, -23.151347475696483 ], [ -45.927556523893067, -23.151352421804685 ], [ -45.927566074519355, -23.151380456515302 ], [ -45.927570269764566, -23.151389702748343 ], [ -45.927582697712175, -23.151417093647257 ], [ -45.927601610706937, -23.151447231995 ], [ -45.927605170311466, -23.151453170661579 ], [ -45.927615810263035, -23.151470921818515 ], [ -45.927617199191324, -23.151474486880446 ], [ -45.92763008928091, -23.151507572740499 ], [ -45.927649026928293, -23.151539869692147 ], [ -45.927657573998552, -23.151561546024983 ], [ -45.927660926882623, -23.151570049295135 ], [ -45.927675161348937, -23.151600224227415 ], [ -45.927680810060842, -23.151611514019205 ], [ -45.927687016659654, -23.151623918811723 ], [ -45.927694188309701, -23.151645491245191 ], [ -45.927694307330547, -23.151662778654241 ], [ -45.927703699431426, -23.151669199628561 ], [ -45.92771782465374, -23.151682087068988 ], [ -45.927727286037239, -23.151697151688701 ], [ -45.927736767443129, -23.151716542733499 ], [ -45.927739320710742, -23.151751149082475 ], [ -45.92775397363237, -23.151789604278306 ], [ -45.927762836232716, -23.151824101220498 ], [ -45.927777507515906, -23.15186522087799 ], [ -45.927784952646768, -23.151902390736595 ], [ -45.927795233432327, -23.15193289601585 ], [ -45.92780303502434, -23.151950980700288 ], [ -45.927808385881256, -23.151963384379819 ], [ -45.927811755670234, -23.151981342257372 ], [ -45.927815859077455, -23.152003209617487 ], [ -45.927820388534101, -23.152016846606063 ], [ -45.927829075601451, -23.152043001016921 ], [ -45.927829322700624, -23.152078885480091 ], [ -45.927830748501478, -23.152088905729119 ], [ -45.927835368596043, -23.152121374671903 ], [ -45.927836504253307, -23.152178489195165 ], [ -45.927838516939914, -23.152245630286128 ], [ -45.927838989718261, -23.152261401470795 ], [ -45.927841754779692, -23.152281618234426 ], [ -45.927845017208085, -23.15230547143668 ], [ -45.92784199452462, -23.152353519564208 ], [ -45.927841574753437, -23.152360192204355 ], [ -45.927841574751362, -23.152360192215625 ], [ -45.927841574751163, -23.15236019221879 ], [ -45.92783605744728, -23.152390212436696 ], [ -45.927836276128822, -23.152421969240184 ], [ -45.927832675689153, -23.152453748531084 ], [ -45.927833161689854, -23.152524325226235 ], [ -45.927829648938093, -23.152553504549459 ], [ -45.927829549059155, -23.152554334214646 ], [ -45.927829469866737, -23.152556102948086 ], [ -45.927827889739369, -23.15259139510437 ], [ -45.92782430148511, -23.15262494468281 ], [ -45.927824532294608, -23.15265846274162 ], [ -45.927822846295904, -23.152690230759113 ], [ -45.9278192683661, -23.152713248379492 ], [ -45.927817355725587, -23.152725552868596 ], [ -45.927806442977527, -23.152804714277039 ], [ -45.927806710230918, -23.152843525109095 ], [ -45.927806624942725, -23.152844132410429 ], [ -45.927801253726706, -23.152882378725312 ], [ -45.927794317063416, -23.152916900769078 ], [ -45.927792026607008, -23.15292829983435 ], [ -45.927782862654979, -23.152984815622354 ], [ -45.927782619882812, -23.15298651050658 ], [ -45.927773757043163, -23.153048385412642 ], [ -45.927766483219656, -23.153101358388017 ], [ -45.927759233708763, -23.15315786290703 ], [ -45.927750033230076, -23.153209076865139 ], [ -45.927738168335402, -23.153257640719175 ], [ -45.927731469696113, -23.153285058735172 ], [ -45.927729769383866, -23.153294296735812 ], [ -45.927725942627518, -23.153315088029984 ], [ -45.927712908493284, -23.153362801901807 ], [ -45.927701779041023, -23.153410504558739 ], [ -45.927695705823091, -23.153438021974623 ], [ -45.927694371535019, -23.153444067574995 ], [ -45.927693357860882, -23.153446816568046 ], [ -45.92767937434396, -23.153484738669789 ], [ -45.927653113464821, -23.153555039267491 ], [ -45.927635148659235, -23.153601223611133 ], [ -45.927632477425938, -23.153608090885744 ], [ -45.927632477417482, -23.153608090899333 ], [ -45.927632477416815, -23.153608090901042 ], [ -45.92760603485516, -23.153650590685334 ], [ -45.927583651987732, -23.153690843174562 ], [ -45.927583399253621, -23.153691297682403 ], [ -45.927583399248775, -23.15369129769045 ], [ -45.927583399246274, -23.153691297694948 ], [ -45.927558858991006, -23.153732024945835 ], [ -45.927556867573088, -23.153737666000751 ], [ -45.927545751890023, -23.153769153202873 ], [ -45.927521116782835, -23.153797524617502 ], [ -45.92751851426565, -23.153801795818204 ], [ -45.927506010194683, -23.153822317287503 ], [ -45.927479516573989, -23.153855992650339 ], [ -45.927451098769502, -23.153889688367105 ], [ -45.927430365417479, -23.153928622831739 ], [ -45.927411451762879, -23.153955199226871 ], [ -45.927400176431711, -23.1539817306633 ], [ -45.927375502466916, -23.15400304794295 ], [ -45.927360383712198, -23.154026079342422 ], [ -45.927358600428732, -23.154043730209054 ], [ -45.927347264341805, -23.154061437297631 ], [ -45.927326387632284, -23.154080970894302 ], [ -45.927307510883438, -23.154098641407217 ], [ -45.927305520691228, -23.154100504428296 ], [ -45.927303345321896, -23.154102540575231 ], [ -45.927288448593572, -23.154116483944907 ], [ -45.927275222328703, -23.154137733839459 ], [ -45.927265812814035, -23.154157190912134 ], [ -45.927246874852685, -23.15418024477669 ], [ -45.92721651573293, -23.154208649830206 ], [ -45.927195709416345, -23.154236998665539 ], [ -45.927180554182328, -23.154254737247133 ], [ -45.927180428136587, -23.154255277483472 ], [ -45.927176844280559, -23.15427063812287 ], [ -45.927159759970472, -23.154284847335607 ], [ -45.927129026045833, -23.15431983020077 ], [ -45.927110112278406, -23.154346406562098 ], [ -45.927087379326828, -23.154373005392536 ], [ -45.927062741661402, -23.154399615426513 ], [ -45.927036177394285, -23.15442447546441 ], [ -45.927011539709412, -23.15445108549083 ], [ -45.926981180479437, -23.154479490501583 ], [ -45.926958423244237, -23.154502566802257 ], [ -45.926934784146958, -23.154519170375977 ], [ -45.926928025231085, -23.154523917691307 ], [ -45.926918804189086, -23.15453192895178 ], [ -45.92690144873071, -23.154547007417392 ], [ -45.926873003931128, -23.154575401146243 ], [ -45.926850270956635, -23.154602008976575 ], [ -45.926816080358059, -23.154628675166602 ], [ -45.926793323007303, -23.154651742412636 ], [ -45.92676668582299, -23.154666016806246 ], [ -45.92674774529597, -23.154687300268701 ], [ -45.926738820322868, -23.154709138566112 ], [ -45.926738350199855, -23.154710288901079 ], [ -45.926738350198427, -23.154710288901864 ], [ -45.926738350193403, -23.15471028891416 ], [ -45.926715520001679, -23.154722770548197 ], [ -45.926688953259919, -23.154745869217027 ], [ -45.926669978650885, -23.154763621183598 ], [ -45.926654823225711, -23.15478135068701 ], [ -45.926637799551948, -23.154804393223515 ], [ -45.926614981448431, -23.154818636099897 ], [ -45.92659219980446, -23.154838180806024 ], [ -45.926563694251065, -23.154857759168731 ], [ -45.926556466323298, -23.154863676257364 ], [ -45.926548502404003, -23.154870195865136 ], [ -45.926545375971195, -23.154873771940959 ], [ -45.926531444642521, -23.1548897069002 ], [ -45.926498410040466, -23.154928243896268 ], [ -45.926473735759934, -23.154949561042386 ], [ -45.926449214915024, -23.154966140858942 ], [ -45.926439520715448, -23.154972695617506 ], [ -45.926435576085964, -23.154974752011174 ], [ -45.926422399902101, -23.154981620978194 ], [ -45.92640379562679, -23.154997581798579 ], [ -45.926399618209324, -23.155001165660217 ], [ -45.926392680311359, -23.155014191717644 ], [ -45.926388306194859, -23.155022404226674 ], [ -45.926357910311218, -23.155045516322691 ], [ -45.926321839069161, -23.155075725153846 ], [ -45.926293357644958, -23.15509882598263 ], [ -45.926272371451496, -23.155102481043897 ], [ -45.926257240216586, -23.155123742056027 ], [ -45.926223034855383, -23.155146876521446 ], [ -45.926181205592307, -23.155173587482071 ], [ -45.926145109998245, -23.155200264729821 ], [ -45.926135690543681, -23.155219730829558 ], [ -45.926112882145496, -23.155233982611136 ], [ -45.926090051805467, -23.155246464158473 ], [ -45.926052017412687, -23.155269621093495 ], [ -45.926048331629744, -23.155289053489309 ], [ -45.926019777351698, -23.155301568668303 ], [ -45.926006502287194, -23.155315764405625 ], [ -45.925991334607062, -23.155331732592348 ], [ -45.925973472595487, -23.155345413912364 ], [ -45.925970443002662, -23.155347734420364 ], [ -45.925967116492586, -23.155349176935179 ], [ -45.925960071573677, -23.155352231919778 ], [ -45.925945695801524, -23.155358465881214 ], [ -45.925928589350058, -23.15537091376811 ], [ -45.925905780903825, -23.155385165520961 ], [ -45.925890601099333, -23.155399372442048 ], [ -45.925873482533163, -23.15541005906676 ], [ -45.925856385836148, -23.155422506888772 ], [ -45.925827273458289, -23.155453316023181 ], [ -45.925800648113565, -23.15546935151696 ], [ -45.925783502927331, -23.155474745273303 ], [ -45.925751190012384, -23.155496107192679 ], [ -45.925720842444747, -23.155526282261636 ], [ -45.925686675651683, -23.15555647976344 ], [ -45.925661976861143, -23.155574265243455 ], [ -45.9256277494123, -23.155595638386163 ], [ -45.925608750341119, -23.155609867718283 ], [ -45.925599328386298, -23.155627563442387 ], [ -45.925574644066423, -23.155648880511873 ], [ -45.925551871897788, -23.155668425017552 ], [ -45.925523380446982, -23.155691525771115 ], [ -45.925502525087616, -23.155712820338064 ], [ -45.92549120078106, -23.155732297590511 ], [ -45.925470296951268, -23.155746538094927 ], [ -45.92542415720483, -23.155775749071367 ], [ -45.925395760351492, -23.155811205638251 ], [ -45.925376785421378, -23.155828957457054 ], [ -45.925359773496048, -23.155853761120415 ], [ -45.925329462114888, -23.155889228920056 ], [ -45.925306704296631, -23.155912295962871 ], [ -45.925282065998857, -23.155938905733642 ], [ -45.925259344578144, -23.155967274604098 ], [ -45.925240418055871, -23.155992080466135 ], [ -45.92522144314205, -23.156009841299387 ], [ -45.925204382657974, -23.156027581856222 ], [ -45.92518743121726, -23.156061200817636 ], [ -45.925142012476535, -23.156121461043266 ], [ -45.925119230335568, -23.156140996515127 ], [ -45.925100340171753, -23.156171104195682 ], [ -45.925077594423627, -23.156195941496119 ], [ -45.92506247264734, -23.156217202343246 ], [ -45.925045438692621, -23.1562402357435 ], [ -45.925040095679165, -23.156249255515043 ], [ -45.92502656059267, -23.156272104672492 ], [ -45.925024835883377, -23.156275344344778 ], [ -45.925013367786832, -23.156296885873441 ], [ -45.925010887692821, -23.156300136364312 ], [ -45.92499444116941, -23.15632169171241 ], [ -45.924986875446542, -23.15633233119318 ], [ -45.924977404926949, -23.156342972823783 ], [ -45.924958466208366, -23.156366017397435 ], [ -45.924947117522706, -23.156381963067933 ], [ -45.9249358051744, -23.156403201539927 ], [ -45.924915010199342, -23.156433320381545 ], [ -45.924901759092343, -23.156451038544592 ], [ -45.924863410231019, -23.156489651571274 ], [ -45.924846482895163, -23.156526802044219 ], [ -45.924818063813852, -23.156560488282167 ], [ -45.924795376142733, -23.156592379546197 ], [ -45.924789892337039, -23.156616758705624 ], [ -45.924789811981761, -23.156617115939508 ], [ -45.924789811981242, -23.156617115940485 ], [ -45.924789811977718, -23.156617115956134 ], [ -45.924777934691896, -23.156639417716516 ], [ -45.924776619033267, -23.156641888104939 ], [ -45.924776619031306, -23.156641888107632 ], [ -45.924776619029451, -23.156641888111107 ], [ -45.924752019213621, -23.156675560952788 ], [ -45.92456284125884, -23.156971176127776 ], [ -45.924597865923658, -23.157397119663337 ], [ -45.924585829686777, -23.157571932060833 ], [ -45.92453167567006, -23.157822674505958 ], [ -45.924435043415642, -23.157992961250763 ], [ -45.924434239237335, -23.157997271155686 ], [ -45.924408002701213, -23.158137882973978 ], [ -45.924406023954646, -23.158245095664867 ], [ -45.924405795286226, -23.158257485541188 ], [ -45.924403742877814, -23.158443800863058 ], [ -45.924419005145147, -23.158590994411291 ], [ -45.924477465098363, -23.158698571632115 ], [ -45.924503959555487, -23.158747326301178 ], [ -45.924593741096587, -23.158836961320965 ], [ -45.924783329297931, -23.159050721415323 ], [ -45.924910567459165, -23.159197835647639 ], [ -45.924950508590456, -23.159253006169816 ], [ -45.925138052661673, -23.159655384305292 ], [ -45.92525551725182, -23.159878410082957 ], [ -45.925352870390711, -23.160016350814203 ], [ -45.925408027671097, -23.160078184602774 ], [ -45.925502553819832, -23.160184152447126 ], [ -45.925535180982202, -23.160212642012734 ], [ -45.925559779487671, -23.160234121039064 ], [ -45.925563305312174, -23.160248330311408 ], [ -45.925574407483353, -23.160293072557149 ], [ -45.925626633733167, -23.160290755983539 ], [ -45.925641287961092, -23.160290935455386 ], [ -45.925774659130376, -23.160292568779902 ], [ -45.925896448680234, -23.160303901582076 ], [ -45.925896638831944, -23.160303919276028 ], [ -45.92595138371172, -23.160313424165487 ], [ -45.925989228155117, -23.160319994761952 ], [ -45.926089582724615, -23.16035158744284 ], [ -45.926181233354534, -23.16038456802163 ], [ -45.926225017645464, -23.160400165876617 ], [ -45.926262697485349, -23.160413589032842 ], [ -45.926303854073453, -23.160433120249301 ], [ -45.926329664536816, -23.16044536880781 ], [ -45.926412694864581, -23.16049046730134 ], [ -45.926488709896823, -23.160530315931741 ], [ -45.926508812400307, -23.160540854059761 ], [ -45.926622887618777, -23.160611733649876 ], [ -45.926637065018724, -23.160620542635563 ], [ -45.926755678477434, -23.160683523598685 ], [ -45.92677532095427, -23.160696455871765 ], [ -45.92686063866288, -23.160752627525817 ], [ -45.92697722256964, -23.160823008800094 ], [ -45.927095308548218, -23.160899295278075 ], [ -45.927127359242455, -23.160920000791496 ], [ -45.927266535280467, -23.161006985997474 ], [ -45.927661343902038, -23.161231249347082 ], [ -45.927829269909701, -23.161329617213688 ], [ -45.927988430852977, -23.161402059238629 ], [ -45.928337192897153, -23.161578196286268 ], [ -45.928511682689312, -23.161681998363097 ], [ -45.928558995980872, -23.161716922601194 ], [ -45.928690136032458, -23.161813723259286 ], [ -45.928906638402268, -23.161983656578116 ], [ -45.92909502934112, -23.16213295487297 ], [ -45.929107947676478, -23.162143192528102 ], [ -45.929200028564694, -23.162194710121305 ], [ -45.929274815563808, -23.162236552024375 ], [ -45.929414965891411, -23.162291626918257 ], [ -45.929555779472707, -23.162326727073541 ], [ -45.929669122416463, -23.162347510228667 ], [ -45.929770090709042, -23.162368610221066 ], [ -45.929840725966898, -23.162377512416182 ], [ -45.929892090533158, -23.162383985890798 ], [ -45.929980666273465, -23.162391501856746 ], [ -45.929993326231177, -23.162392034792759 ], [ -45.930092442785451, -23.162396207169273 ], [ -45.930180109804219, -23.162396674383725 ], [ -45.930211439541374, -23.162396841335003 ], [ -45.93023619178026, -23.162396344327803 ], [ -45.930305752886348, -23.162394947552187 ], [ -45.930408770261145, -23.162391656480327 ], [ -45.930568203639424, -23.162393200391271 ], [ -45.930582576600983, -23.162393339565046 ], [ -45.930597322088694, -23.162392659694312 ], [ -45.930716042695202, -23.162387185774225 ], [ -45.930869468266302, -23.162396874249584 ], [ -45.93105968228015, -23.162392371958017 ], [ -45.931131783111269, -23.162378938716227 ], [ -45.931209487465054, -23.162364461433238 ], [ -45.931300618128446, -23.162351548255646 ], [ -45.931430551034147, -23.162357397766943 ], [ -45.931771036999827, -23.162094322811466 ], [ -45.93188393242874, -23.162019354213683 ], [ -45.931953139525589, -23.161975038140969 ], [ -45.93202596818724, -23.161907767269017 ], [ -45.932101756837518, -23.16183109190036 ], [ -45.932113662726714, -23.161819046702622 ], [ -45.932229570019238, -23.161740356747373 ], [ -45.932335148486992, -23.161665431137898 ], [ -45.932429887610958, -23.161610829361749 ], [ -45.932541307309215, -23.161537287135271 ], [ -45.93279922029182, -23.161434596912869 ], [ -45.9331451766596, -23.161383980606576 ], [ -45.933315709440329, -23.161322272420051 ], [ -45.933709263959017, -23.161182349257878 ], [ -45.933998456213239, -23.161164448795972 ], [ -45.934156626151719, -23.161216115791397 ], [ -45.934314562690773, -23.161252823467066 ], [ -45.934411283976758, -23.161275303379433 ], [ -45.934542586884078, -23.161246198793531 ], [ -45.934678331810872, -23.161225160798431 ], [ -45.934909862165675, -23.161110475093988 ], [ -45.935067077200394, -23.161024564913607 ], [ -45.93531593174297, -23.160944388052549 ], [ -45.935386107546698, -23.160885079963403 ], [ -45.935502056969661, -23.160753106234687 ], [ -45.93551242507418, -23.160740877074549 ], [ -45.935555710906797, -23.160689821454412 ], [ -45.935696100437909, -23.160537639467773 ], [ -45.935747149243973, -23.160482302534341 ], [ -45.935824103340238, -23.160428302760248 ], [ -45.93586929534446, -23.160396590851938 ], [ -45.936092539378663, -23.160350752661113 ], [ -45.936161926920128, -23.160353008564858 ], [ -45.936197770190674, -23.160354173870708 ], [ -45.936220729755867, -23.160355449863875 ], [ -45.936263547561481, -23.160357829470399 ], [ -45.936399544451803, -23.160373207258754 ], [ -45.936518007601379, -23.160388689164762 ], [ -45.936591728066887, -23.160391831602173 ], [ -45.936601318770563, -23.160392240414623 ], [ -45.93666465185742, -23.1603987157727 ], [ -45.936715613678118, -23.160403926234988 ], [ -45.936848434700416, -23.160445814604653 ], [ -45.936957901963453, -23.160481076505274 ], [ -45.937102802746438, -23.160526596101676 ], [ -45.93717225020356, -23.160546668524137 ], [ -45.937299654365084, -23.160586384823269 ], [ -45.937484176922325, -23.160645984730316 ], [ -45.937595725885529, -23.160684107821993 ], [ -45.937914793088879, -23.160793151999819 ], [ -45.938574045417937, -23.161040128158678 ], [ -45.938675705037511, -23.16109357902593 ], [ -45.938855630864012, -23.161188180633253 ], [ -45.939040437061408, -23.161288251242809 ], [ -45.939158136501987, -23.161361036607872 ], [ -45.939273769732296, -23.161432544057742 ], [ -45.939314949427114, -23.161449021465888 ], [ -45.939423236187643, -23.161492350625444 ], [ -45.939590114051583, -23.161535876159036 ], [ -45.939739373346562, -23.161567358004671 ], [ -45.939818769045402, -23.161583773160064 ], [ -45.939910580812466, -23.161602755289152 ], [ -45.939940982135283, -23.161606579296809 ], [ -45.940002721066143, -23.161614345051046 ], [ -45.940074993962249, -23.16162343681092 ], [ -45.940094851615761, -23.161625934847493 ], [ -45.940300872825041, -23.161624705224096 ], [ -45.940311145131709, -23.161624900147441 ], [ -45.940463092319774, -23.161627783343949 ], [ -45.940637859638208, -23.161622804155165 ], [ -45.940642779501388, -23.161622663983049 ], [ -45.940646810754032, -23.161624269251455 ], [ -45.940823013513928, -23.161694434076388 ], [ -45.941011976640667, -23.161754409680146 ], [ -45.94115210255741, -23.161776072313696 ], [ -45.941301456321625, -23.161784645899409 ], [ -45.94139783153323, -23.16177597694028 ], [ -45.941516070054178, -23.161759084208441 ], [ -45.94168685374747, -23.161733784245065 ], [ -45.941691749253458, -23.161733432032392 ], [ -45.941932215631162, -23.161716131217791 ], [ -45.941958984635683, -23.161714205200639 ], [ -45.942116232098662, -23.161702891214116 ], [ -45.942259888224292, -23.161705527548143 ], [ -45.942259888230858, -23.16170552755213 ], [ -45.942259888238645, -23.161705527552275 ], [ -45.942287427670649, -23.161722237942886 ], [ -45.942316636179072, -23.161739961081683 ], [ -45.942392458785555, -23.16173722059138 ], [ -45.942637009208354, -23.161728381427782 ], [ -45.943007987944391, -23.161673411791977 ], [ -45.94340781546002, -23.161657830492338 ], [ -45.943726980748764, -23.161682293367747 ], [ -45.944121856410938, -23.161640374330197 ], [ -45.944330811413344, -23.161564396739912 ], [ -45.94433081142536, -23.161564396738363 ], [ -45.944330811437162, -23.161564396734065 ], [ -45.944387180725606, -23.161557113851369 ], [ -45.944616215928967, -23.161527522396561 ], [ -45.944840160778931, -23.16155255397619 ], [ -45.945045333535354, -23.161610829943022 ], [ -45.945097773967227, -23.161625724733028 ], [ -45.945367398023528, -23.16168259267949 ], [ -45.945419541318756, -23.161693590439981 ], [ -45.94547793764302, -23.161688981748565 ], [ -45.945535658225729, -23.161684426347332 ], [ -45.945761212486957, -23.161666625023006 ], [ -45.9458637275551, -23.161655974509401 ], [ -45.945962831703966, -23.161607534751806 ], [ -45.946143782479773, -23.161580723744354 ], [ -45.946205599613059, -23.161583917771416 ], [ -45.946366792586311, -23.161592246292685 ], [ -45.946568998966413, -23.161616755675741 ], [ -45.946799109501384, -23.161647528174392 ], [ -45.94688083888083, -23.161665868767148 ], [ -45.946882841308657, -23.161666318123878 ], [ -45.946896522601747, -23.161668091451922 ], [ -45.947014024228906, -23.161683321601519 ], [ -45.947109206610264, -23.161691862290542 ], [ -45.947339396300343, -23.161693540172564 ], [ -45.947488488367057, -23.16169264352839 ], [ -45.947673612319356, -23.161707761219141 ], [ -45.947694908949529, -23.161712361962294 ], [ -45.947757762671721, -23.161708885686448 ], [ -45.947785299524256, -23.161707362680787 ], [ -45.947831242717008, -23.161713438760575 ], [ -45.947914316336295, -23.161724425369847 ], [ -45.948020447525309, -23.16172705187418 ], [ -45.948123352028631, -23.161729598449011 ], [ -45.948172777880536, -23.161733578049681 ], [ -45.948313233478437, -23.161744886946909 ], [ -45.948335689480707, -23.161742372409879 ], [ -45.948461083904867, -23.16174161747006 ], [ -45.948516130201881, -23.161748295631494 ], [ -45.948668249116892, -23.161753417547565 ], [ -45.948794711487139, -23.161757675476668 ], [ -45.948916415795097, -23.161769717127157 ], [ -45.948928693380516, -23.161770931888146 ], [ -45.948959364326178, -23.161773388577519 ], [ -45.949110658221002, -23.16178550686206 ], [ -45.949207365937468, -23.161797612809735 ], [ -45.949248409658018, -23.161802750674365 ], [ -45.949292381573372, -23.161812629349534 ], [ -45.949394691758421, -23.161835614167313 ], [ -45.949423060252926, -23.161846210608054 ], [ -45.949498424276022, -23.161874361157327 ], [ -45.949635292513371, -23.16193950446587 ], [ -45.949642177699154, -23.161942781513449 ], [ -45.949646564237355, -23.161944869310158 ], [ -45.949769594658925, -23.161983375384715 ], [ -45.949814198887914, -23.161997335590776 ], [ -45.949818118356042, -23.161998562292567 ], [ -45.94999181223983, -23.162099713267356 ], [ -45.950156865980325, -23.162177689769827 ], [ -45.950157642547723, -23.162178178717813 ], [ -45.950167582114069, -23.162182874466897 ], [ -45.95031590523179, -23.162276259056025 ], [ -45.950570090522902, -23.162386835158806 ], [ -45.950736744657043, -23.162450600840113 ], [ -45.95091117791037, -23.162500978520573 ], [ -45.951015756244765, -23.162519631370497 ], [ -45.951175952068255, -23.162525086194144 ], [ -45.951329183233021, -23.16253059197809 ], [ -45.951607422321281, -23.162492998547641 ], [ -45.951777730345654, -23.162480715232942 ], [ -45.951944801724025, -23.162440342487088 ], [ -45.951982783768628, -23.162430063935833 ], [ -45.952745731392582, -23.162055923145783 ], [ -45.952946310092308, -23.162054219987368 ], [ -45.953162953017696, -23.161889541806534 ], [ -45.953343031591338, -23.161753462839467 ], [ -45.953400339708423, -23.161695118274796 ], [ -45.953400339861666, -23.161695118118786 ], [ -45.953433370606355, -23.161650083934518 ], [ -45.95347162727478, -23.161634852316169 ], [ -45.95347162751365, -23.161634852200311 ], [ -45.953580435931656, -23.16158208125044 ], [ -45.953726320610571, -23.161558698386397 ], [ -45.953792820091124, -23.161558071387503 ], [ -45.953868318690013, -23.161550206156697 ], [ -45.9539377065284, -23.16154297748832 ], [ -45.954069465961844, -23.161548610588625 ], [ -45.954195356166849, -23.161561378617911 ], [ -45.954275662234657, -23.161580503940982 ], [ -45.954288279272404, -23.161580874917973 ], [ -45.954374329810236, -23.161587624722209 ], [ -45.954596144137909, -23.161657754147519 ], [ -45.954715057311134, -23.161693587632247 ], [ -45.954901101202267, -23.161754331976841 ], [ -45.955050620161273, -23.161817799484528 ], [ -45.955248974154905, -23.161859455564841 ], [ -45.95535733414038, -23.161864506897697 ], [ -45.955521220435458, -23.161846369423237 ], [ -45.9557747960583, -23.161819124905342 ], [ -45.956025588962348, -23.161834746582102 ], [ -45.956198744348377, -23.161813688872851 ], [ -45.956405962189081, -23.161795296478683 ], [ -45.956613220406567, -23.161782603008881 ], [ -45.956749307733531, -23.161770350570752 ], [ -45.956891639137702, -23.161766631798457 ], [ -45.956962810112515, -23.161766199492135 ], [ -45.95704952453152, -23.161774244432632 ], [ -45.957139447550112, -23.161799413321557 ], [ -45.957251239417488, -23.161853009728915 ], [ -45.957251601269917, -23.161853233657407 ], [ -45.957261946554851, -23.161858193491604 ], [ -45.957336946698597, -23.161904605864322 ], [ -45.957418983147761, -23.161940562007061 ], [ -45.957423815303336, -23.161943170712952 ], [ -45.957423815540146, -23.161943170840793 ], [ -45.957429690094266, -23.161945745623463 ], [ -45.957520336138472, -23.161994682517083 ], [ -45.957614494935235, -23.16201651027443 ], [ -45.957750735077319, -23.162027107994316 ], [ -45.957843419269054, -23.162003692529705 ], [ -45.957969973209281, -23.161957210024397 ], [ -45.958081115211968, -23.161919392865951 ], [ -45.958260199115024, -23.161861164674114 ], [ -45.958386793451048, -23.161820399088374 ], [ -45.95857508392983, -23.161794414371041 ], [ -45.958770628259678, -23.161832343664102 ], [ -45.958866846312823, -23.161871753450718 ], [ -45.958869190380724, -23.161873512310386 ], [ -45.958869752265862, -23.16187374245176 ], [ -45.958877551406559, -23.161876936872147 ], [ -45.958904079021487, -23.161896841462546 ], [ -45.958930437839136, -23.161916619377962 ], [ -45.958983496710253, -23.161979143692722 ], [ -45.959030321955694, -23.162035997473289 ], [ -45.959095940399735, -23.16212416950582 ], [ -45.959141667587112, -23.162187977062686 ], [ -45.959142826792949, -23.162189594612876 ], [ -45.959145522324071, -23.162193274186567 ], [ -45.95917407758796, -23.162232253941607 ], [ -45.959252082303578, -23.162320350480542 ], [ -45.959258961850466, -23.162325875724243 ], [ -45.959264015623503, -23.162329934599686 ], [ -45.959295311548793, -23.162355069614765 ], [ -45.959295846426599, -23.162355329117375 ], [ -45.95938691597275, -23.162399511075186 ], [ -45.959472264732767, -23.162421481850934 ], [ -45.959560561031651, -23.162429380276969 ], [ -45.959709032232645, -23.162424420997219 ], [ -45.959751062624761, -23.162423017062132 ], [ -45.959819126634386, -23.162419739074398 ], [ -45.959992404051768, -23.162415828955258 ], [ -45.960082235775808, -23.162426707425524 ], [ -45.960243320190827, -23.162448586494992 ], [ -45.960373499679783, -23.162476362317147 ], [ -45.96043078774359, -23.162480968656823 ], [ -45.960472590920787, -23.162484329890866 ], [ -45.960491712139778, -23.162487842711439 ], [ -45.960577946931153, -23.162503685127781 ], [ -45.960695689042211, -23.162522964783808 ], [ -45.960750736876975, -23.162532780916905 ], [ -45.960788648451519, -23.162539541290506 ], [ -45.960887862059131, -23.162564651300919 ], [ -45.960999574293659, -23.16260681941851 ], [ -45.961066313533109, -23.162628901911241 ], [ -45.96112675952407, -23.162648902072398 ], [ -45.961171147922109, -23.162664977504562 ], [ -45.96125086860313, -23.162693848605034 ], [ -45.961315430019113, -23.1627059071532 ], [ -45.961400019804586, -23.162721706470567 ], [ -45.961572956777026, -23.162726169677036 ], [ -45.961788522285978, -23.162738582853827 ], [ -45.96190213630161, -23.162788556408387 ], [ -45.961902136330757, -23.162788556432066 ], [ -45.96191156403863, -23.162792703240253 ], [ -45.962054390104583, -23.162908737040773 ], [ -45.962112754484906, -23.163021754947277 ], [ -45.962162744817086, -23.163191863426942 ], [ -45.962196713185882, -23.163261963943778 ], [ -45.962258473683491, -23.163388139273358 ], [ -45.962335604287766, -23.163536720317111 ], [ -45.962406428343812, -23.163654403966799 ], [ -45.962483338175602, -23.163772050393302 ], [ -45.962551236160529, -23.163879400746829 ], [ -45.962614889236669, -23.16398736411265 ], [ -45.962669902523473, -23.164060560453461 ], [ -45.962745999072531, -23.164149100365837 ], [ -45.962805175408015, -23.164218396321157 ], [ -45.962870485118053, -23.164306613709055 ], [ -45.962995250592066, -23.164418466593542 ], [ -45.963054436944333, -23.16448776238483 ], [ -45.963193000256773, -23.164598808148774 ], [ -45.963345937322742, -23.164710362009785 ], [ -45.963493791627634, -23.164817367393095 ], [ -45.963644585221523, -23.164944659415752 ], [ -45.963787853680444, -23.165048269294118 ], [ -45.963977460525491, -23.165182549374805 ], [ -45.964061736229141, -23.165243959497126 ], [ -45.964221833037698, -23.165355197664606 ], [ -45.964293564696753, -23.16542055030013 ], [ -45.964390397290082, -23.165523387092861 ], [ -45.964505189720491, -23.165667771124333 ], [ -45.964566731941268, -23.165763010898544 ], [ -45.964664960227616, -23.165883334654009 ], [ -45.964790371795928, -23.165988145842007 ], [ -45.964880940896656, -23.166075647582684 ], [ -45.965047682623251, -23.16621283929619 ], [ -45.965150862177069, -23.166301492005413 ], [ -45.965237399692498, -23.166360728860539 ], [ -45.96530852016128, -23.166410178746936 ], [ -45.965357438879686, -23.166462763424494 ], [ -45.9654167285169, -23.16654753006091 ], [ -45.965472198109723, -23.166682639394438 ], [ -45.965526443152946, -23.166773660204996 ], [ -45.965609342250048, -23.166931660953324 ], [ -45.965705381433125, -23.167021648670541 ], [ -45.965793027969816, -23.167081501628711 ], [ -45.965876372796778, -23.167127434198338 ], [ -45.965876372854133, -23.167127434218912 ], [ -45.966017456747977, -23.167178034094949 ], [ -45.966026939754741, -23.167182773719091 ], [ -45.966026939835409, -23.167182773759414 ], [ -45.966028154053092, -23.167183209238772 ], [ -45.966192275143165, -23.167265237019503 ], [ -45.966329416410382, -23.167332144713896 ], [ -45.966493017018834, -23.16736130994515 ], [ -45.96659936286234, -23.167368199360652 ], [ -45.966779096611219, -23.167346972082246 ], [ -45.966983359055128, -23.167325584976751 ], [ -45.967106165891117, -23.167347475134736 ], [ -45.967280954691937, -23.167396721100328 ], [ -45.967286065087315, -23.167400322067206 ], [ -45.967291650472575, -23.167401895720538 ], [ -45.9673912414166, -23.167472070648142 ], [ -45.967414967739145, -23.167494830978953 ], [ -45.967527048189311, -23.167660807603031 ], [ -45.967632295045028, -23.167839634007432 ], [ -45.967709947445975, -23.167960398262757 ], [ -45.967779000370619, -23.168025719653816 ], [ -45.967779000392014, -23.168025719661468 ], [ -45.967990843860605, -23.168101418953938 ], [ -45.968114847692462, -23.16813885466447 ], [ -45.968237854507386, -23.168188426882789 ], [ -45.968245565691809, -23.16819239787317 ], [ -45.968245565761791, -23.168192397909205 ], [ -45.968248549233067, -23.168193600257013 ], [ -45.968330620009546, -23.168235863890171 ], [ -45.968446083882704, -23.168373538682058 ], [ -45.968589616891585, -23.16862425231956 ], [ -45.968798380317217, -23.168849409439211 ], [ -45.968957343883183, -23.168985298786573 ], [ -45.969145477607896, -23.169125163342347 ], [ -45.96929886988702, -23.169252415545092 ], [ -45.969410538706093, -23.169360694539233 ], [ -45.969591922321676, -23.169526242931521 ], [ -45.969676269338741, -23.169641581616588 ], [ -45.969802347706491, -23.169738932761931 ], [ -45.969941908565907, -23.169816067647091 ], [ -45.970103327773749, -23.169900618804444 ], [ -45.970303248318722, -23.170032731785383 ], [ -45.970391243342647, -23.170140379111032 ], [ -45.970466028267943, -23.170305978066231 ], [ -45.970520819350099, -23.170514070956813 ], [ -45.970626026378532, -23.170686500466278 ], [ -45.970723927977879, -23.170807680206579 ], [ -45.970842627579259, -23.170928740695281 ], [ -45.971109471322293, -23.171089524147927 ], [ -45.971282411964779, -23.171259548350786 ], [ -45.971518656897587, -23.171514718157574 ], [ -45.971647754419472, -23.171652306266221 ], [ -45.9717962576403, -23.171835053663809 ], [ -45.971972016475576, -23.172017641710706 ], [ -45.972079310814181, -23.172155364005704 ], [ -45.972159568176515, -23.172323439237296 ], [ -45.972223963233844, -23.172559544628051 ], [ -45.972290870964528, -23.172810763643731 ], [ -45.972354171560596, -23.172938568859983 ], [ -45.972481308610831, -23.173093862668864 ], [ -45.972668634475383, -23.173227870979353 ], [ -45.97266863451425, -23.173227870991671 ], [ -45.972818125252545, -23.173275254042601 ], [ -45.972962833604299, -23.173309586165981 ], [ -45.972965316839826, -23.173312804924187 ], [ -45.972973523558956, -23.173314751967023 ], [ -45.973064321188197, -23.17343244234965 ], [ -45.973141709553019, -23.173580410667455 ], [ -45.973244865004226, -23.173899301285026 ], [ -45.973367945037182, -23.17415662162097 ], [ -45.973536043887741, -23.17439916659858 ], [ -45.973732766121991, -23.174653610607123 ], [ -45.973911001951265, -23.174800945773075 ], [ -45.97407524621979, -23.174898057146581 ], [ -45.974228897990656, -23.17503800200738 ], [ -45.974345721628737, -23.175361847218689 ], [ -45.97444850735743, -23.175630419990995 ], [ -45.974500967526993, -23.175723191628514 ], [ -45.974641796534279, -23.175873033546313 ], [ -45.974755738909934, -23.17597025919757 ], [ -45.975103836973219, -23.176131886600086 ], [ -45.975254182417331, -23.176191336682109 ], [ -45.975256821398482, -23.176193315627199 ], [ -45.975256821435302, -23.176193315654807 ], [ -45.975264870141004, -23.176196498294161 ], [ -45.97540464141678, -23.176301310808309 ], [ -45.975536199576545, -23.176401134035128 ], [ -45.975831987245684, -23.176595546642474 ], [ -45.975911449378053, -23.176652924302541 ], [ -45.976116782140139, -23.17677745380789 ], [ -45.976328041018796, -23.176967358444177 ], [ -45.976415826415334, -23.177044808260508 ], [ -45.976618909286799, -23.177234763180859 ], [ -45.976789121011244, -23.177402286731116 ], [ -45.976983607975335, -23.177534424323824 ], [ -45.977142699927711, -23.177622157311887 ], [ -45.977142700001785, -23.177622157333591 ], [ -45.977249123724206, -23.177653353180332 ], [ -45.977404411395604, -23.177642327233521 ], [ -45.977429397141464, -23.177644919507529 ], [ -45.977545762202553, -23.177624031222702 ], [ -45.977644520185351, -23.177601053468337 ], [ -45.977679098401019, -23.177593008227159 ], [ -45.977711952625349, -23.177586520200123 ], [ -45.977836965087086, -23.177561832749294 ], [ -45.977872104591192, -23.177575094437877 ], [ -45.977890142859408, -23.177581902092669 ], [ -45.977893745963598, -23.177583261889154 ], [ -45.977893745992048, -23.177583261917057 ], [ -45.977902562873005, -23.177586589412687 ], [ -45.977973940945269, -23.177656589197316 ], [ -45.978015958958395, -23.177812325554434 ], [ -45.978027611148356, -23.177915411404292 ], [ -45.97804751337739, -23.178028508015899 ], [ -45.978089915572241, -23.178237072044777 ], [ -45.978150647588336, -23.178342363950353 ], [ -45.978252374070586, -23.178462503166486 ], [ -45.978411833046209, -23.178650206642679 ], [ -45.978516267386162, -23.178767817855459 ], [ -45.978645690109282, -23.178948165755891 ], [ -45.978745368880432, -23.179161404505273 ], [ -45.978804089927884, -23.179364835814248 ], [ -45.978900640980633, -23.179522743792379 ], [ -45.978999295573331, -23.179595093466535 ], [ -45.979185372873488, -23.179694574400425 ], [ -45.979319534615477, -23.179776765025665 ], [ -45.979492057364347, -23.179886400939463 ], [ -45.97961500545842, -23.179925893014023 ], [ -45.979729611750422, -23.17994279286782 ], [ -45.979999324631351, -23.179923501124946 ], [ -45.980200877381989, -23.179902113297342 ], [ -45.980345172767812, -23.179878570786176 ], [ -45.98052062410909, -23.179868427746047 ], [ -45.980721713410894, -23.1798799920529 ], [ -45.980968555064635, -23.179895588471748 ], [ -45.981168534333172, -23.179903636516858 ], [ -45.981362166708351, -23.179917522621107 ], [ -45.981684089018685, -23.179955772613326 ], [ -45.981823244927718, -23.179975037867081 ], [ -45.981929729506803, -23.179999528747498 ], [ -45.982023063210484, -23.180089522676674 ], [ -45.982061938723653, -23.180187407288873 ], [ -45.982062911888796, -23.180320745344048 ], [ -45.9819820175152, -23.180505527324236 ], [ -45.981850245625033, -23.180686896240481 ], [ -45.981680546773845, -23.180964713823933 ], [ -45.981577539540289, -23.181116999729795 ], [ -45.981527384956188, -23.181267592169021 ], [ -45.981503642884157, -23.181375929312622 ], [ -45.981526182563172, -23.181476426876323 ], [ -45.981631043956334, -23.181651894212283 ], [ -45.981801414287283, -23.181839525902806 ], [ -45.981900255751356, -23.181937036517692 ], [ -45.982018012054787, -23.182011785053042 ], [ -45.982140999501922, -23.182056305823714 ], [ -45.982356569303285, -23.18208766675971 ], [ -45.982621110088687, -23.182106139710285 ], [ -45.982771042528817, -23.18210772377147 ], [ -45.982953407731031, -23.182071359132458 ], [ -45.983037677461745, -23.182044208918473 ], [ -45.983037677836265, -23.182044208782571 ], [ -45.983068170924085, -23.182033143574746 ], [ -45.983130700696357, -23.18198924377047 ], [ -45.983162533525558, -23.181966895113963 ], [ -45.983281821119206, -23.181878094024611 ], [ -45.983295508447064, -23.18185929222081 ], [ -45.983362783146966, -23.18176687921445 ], [ -45.983491961724823, -23.181539632095689 ], [ -45.983535142110775, -23.181475572438178 ], [ -45.983556679630027, -23.181443620709302 ], [ -45.983653976808455, -23.181309616991676 ], [ -45.983694310629431, -23.181254066647966 ], [ -45.983705934975468, -23.181233709134556 ], [ -45.98373540616295, -23.181182096797158 ], [ -45.983735406205511, -23.181182096749652 ], [ -45.98377505125643, -23.181112667044129 ], [ -45.983899181910182, -23.180940801177456 ], [ -45.983971910689014, -23.18082209554748 ], [ -45.984052060025533, -23.180686136234879 ], [ -45.984052060117783, -23.180686136018302 ], [ -45.98408777600924, -23.180602283256896 ], [ -45.984125721902544, -23.180566554529555 ], [ -45.98419282186849, -23.180465952384086 ], [ -45.984301388763505, -23.180402372575777 ], [ -45.984505206850784, -23.180318073089527 ], [ -45.984646610396986, -23.180271900717489 ], [ -45.984926581087933, -23.180164480335751 ], [ -45.985116696330714, -23.180070194759413 ], [ -45.985282667229143, -23.180028899087837 ], [ -45.985391638617735, -23.180020675078101 ], [ -45.985566099569859, -23.180022093976532 ], [ -45.985566099578506, -23.180022093979865 ], [ -45.985566099578548, -23.180022093979865 ], [ -45.985675439520783, -23.180064186471515 ], [ -45.98568610192757, -23.180069364555425 ], [ -45.985793067037172, -23.180121310932854 ], [ -45.985928654930213, -23.180240448894438 ], [ -45.98594944398566, -23.180258715725568 ], [ -45.986149081650709, -23.180348041326326 ], [ -45.986269943258826, -23.180390230430959 ], [ -45.986460619695137, -23.180456789493057 ], [ -45.986801882377932, -23.180530133775481 ], [ -45.986984705519987, -23.180556662673219 ], [ -45.986984705535512, -23.180556662682196 ], [ -45.986984705541545, -23.180556662683081 ], [ -45.987041205424028, -23.180589356577915 ], [ -45.987135263684578, -23.180643783699995 ], [ -45.987135263692998, -23.180643783709222 ], [ -45.987135263694206, -23.180643783709922 ], [ -45.987230701079014, -23.180748330356163 ], [ -45.987270928657807, -23.180802971710673 ], [ -45.987308522179625, -23.180854035148538 ], [ -45.987335109170232, -23.180893516845792 ], [ -45.987391197310302, -23.180976807653622 ], [ -45.987515551799575, -23.181207498592638 ], [ -45.987626333624171, -23.181445816542759 ], [ -45.987705867976388, -23.181548337492899 ], [ -45.98779144519272, -23.18165864753389 ], [ -45.987850737406355, -23.181730595722723 ], [ -45.987906958907466, -23.181798817636643 ], [ -45.988035916592175, -23.181913739239498 ], [ -45.988205519910927, -23.181995708635213 ], [ -45.988339499476574, -23.18203706442986 ], [ -45.988397809317789, -23.182055063018225 ], [ -45.988506086575626, -23.182094459476783 ], [ -45.988604729505582, -23.182164282966948 ], [ -45.988604729515387, -23.182164282976014 ], [ -45.988604729515806, -23.182164282976316 ], [ -45.988607929949239, -23.182167243509635 ], [ -45.988777632332521, -23.182324224941702 ], [ -45.988893018217617, -23.182446782071139 ], [ -45.98893778699825, -23.18249546411268 ], [ -45.988991939058053, -23.18255434955347 ], [ -45.989079933154038, -23.182685248879455 ], [ -45.989082886367513, -23.182689642050725 ], [ -45.98908429549963, -23.182691897950889 ], [ -45.989140810812358, -23.182782374029337 ], [ -45.989253979869844, -23.182959357800872 ], [ -45.98925938560388, -23.182967811749549 ], [ -45.989277724187417, -23.182987763914472 ], [ -45.989372046748429, -23.183090385605837 ], [ -45.989436693454017, -23.183133802626763 ], [ -45.989487100763995, -23.183167656352818 ], [ -45.989568400232727, -23.183201300597293 ], [ -45.989738644895667, -23.183271752907782 ], [ -45.989864194955828, -23.183293607440142 ], [ -45.989986852707354, -23.183292836083268 ], [ -45.99011733581353, -23.183244207443682 ], [ -45.990176318044085, -23.183174185013865 ], [ -45.990199527075148, -23.1831466317104 ], [ -45.990228127666271, -23.183112677664138 ], [ -45.990300629603418, -23.182963775698916 ], [ -45.990343152761348, -23.182881912061013 ], [ -45.990354384783835, -23.182860288656691 ], [ -45.99037439114322, -23.182826930252109 ], [ -45.990402855049638, -23.182779469771859 ], [ -45.990511457697508, -23.182720916486353 ], [ -45.99060971308959, -23.182727650799908 ], [ -45.990612364777341, -23.182727832542131 ], [ -45.990743347316112, -23.182747132186766 ], [ -45.990803525383178, -23.182763909682457 ], [ -45.99085806823134, -23.182779116064388 ], [ -45.990881941085341, -23.182789681266708 ], [ -45.990970193307049, -23.182828738234232 ], [ -45.991091236852981, -23.182978933004399 ], [ -45.991135385866087, -23.183051617944603 ], [ -45.991257708883445, -23.183375414321489 ], [ -45.991310294858501, -23.183483272035723 ], [ -45.991426444155579, -23.183708980241079 ], [ -45.991498036346002, -23.18380664716047 ], [ -45.991555703320685, -23.183864153845395 ], [ -45.991610422056283, -23.183891484111253 ], [ -45.991684220986876, -23.183918694153267 ], [ -45.991774263123247, -23.18393070885142 ], [ -45.991891544088382, -23.183940031848689 ], [ -45.991981474969641, -23.183936954161425 ], [ -45.992104077547154, -23.183928630486196 ], [ -45.992278357822428, -23.183904887993791 ], [ -45.99232805079572, -23.183893088591976 ], [ -45.992419854963082, -23.183871290007708 ], [ -45.992553063374054, -23.183822642185252 ], [ -45.992770769563776, -23.183773470385827 ], [ -45.992928565089976, -23.183732218166863 ], [ -45.993173491110575, -23.183677834108543 ], [ -45.993347622273653, -23.183633967429941 ], [ -45.993704070047393, -23.183548683780174 ], [ -45.993878145068145, -23.183497265894001 ], [ -45.993951665378702, -23.183486739686124 ], [ -45.994085337598051, -23.183500988554947 ], [ -45.994183639344598, -23.183534614542957 ], [ -45.994186449866469, -23.183535575934226 ], [ -45.994186449868316, -23.183535575935061 ], [ -45.994186449871229, -23.183535575936062 ], [ -45.994356021508544, -23.183612498688497 ], [ -45.994471115929137, -23.183694805470953 ], [ -45.994591736297451, -23.183787130180107 ], [ -45.994699302932908, -23.183859558773822 ], [ -45.994728711298819, -23.183879360484337 ], [ -45.994757846198276, -23.183898891725907 ], [ -45.994832810118652, -23.183949145433338 ], [ -45.994897341024888, -23.183966138323896 ], [ -45.994944788648503, -23.183978632652749 ], [ -45.995041417969219, -23.18397961694814 ], [ -45.995097448567662, -23.183980187663245 ], [ -45.995268316547268, -23.183937980481794 ], [ -45.995296073737471, -23.183931123981541 ], [ -45.995459450366745, -23.18390744692427 ], [ -45.995481345648223, -23.183906297427157 ], [ -45.995519898357415, -23.183904273408881 ], [ -45.995731930782732, -23.183893141538217 ], [ -45.995846281310314, -23.183874805177851 ], [ -45.995927955198624, -23.183858805380016 ], [ -45.9959753543367, -23.183842525664712 ], [ -45.995993430774988, -23.18383748534232 ], [ -45.996012469487539, -23.18382981115888 ], [ -45.996121644452835, -23.183785804487158 ], [ -45.996237669268901, -23.183721371986366 ], [ -45.996237669274379, -23.183721371983324 ], [ -45.996314714947182, -23.183661774773231 ], [ -45.996435397144971, -23.18356842318304 ], [ -45.996609286621592, -23.183474967203246 ], [ -45.996609317216162, -23.183474965348005 ], [ -45.996669362762184, -23.183471324202166 ], [ -45.996794561421936, -23.18346373209646 ], [ -45.996901266019677, -23.183488117513011 ], [ -45.996933815779457, -23.183495556154252 ], [ -45.996959388774783, -23.183497475338296 ], [ -45.997119276996052, -23.183509474401951 ], [ -45.997260996138742, -23.18350606565118 ], [ -45.997421750214833, -23.183491753472889 ], [ -45.99744350789927, -23.183489816337929 ], [ -45.997526905727071, -23.183500647839136 ], [ -45.997683614240863, -23.183521000615951 ], [ -45.997721904386324, -23.183529750915508 ], [ -45.997822868850562, -23.183552823871086 ], [ -45.99801144788421, -23.183619560185985 ], [ -45.998161480241897, -23.183688187422149 ], [ -45.998176918838944, -23.18369524927434 ], [ -45.998176918838794, -23.183695249274695 ], [ -45.998176918853019, -23.183695249281207 ], [ -45.998171357609834, -23.183709323858224 ], [ -45.998176626094775, -23.183711415620827 ], [ -45.998164980589515, -23.183725463027113 ], [ -45.998155239200905, -23.183750116840312 ], [ -45.998151505293229, -23.183759566748911 ], [ -45.998092043173841, -23.183827875603228 ], [ -45.998088659733114, -23.183831675968896 ], [ -45.998024459809777, -23.183903786920272 ], [ -45.997955088322314, -23.18397050172624 ], [ -45.997942469991408, -23.183985946594369 ], [ -45.99788607784464, -23.184054668438982 ], [ -45.997784033990946, -23.184197162298609 ], [ -45.997748386304131, -23.184231570332326 ], [ -45.997693619554383, -23.184284432518872 ], [ -45.997663213361221, -23.184313781272817 ], [ -45.997584791242204, -23.184389476031274 ], [ -45.997517674931679, -23.184544263124934 ], [ -45.997491256218069, -23.184664144448607 ], [ -45.997495680024031, -23.184799582607081 ], [ -45.997497600699852, -23.18482074004574 ], [ -45.997510542975704, -23.184963306980567 ], [ -45.99752492516636, -23.185060872896322 ], [ -45.997591308675794, -23.185268366336295 ], [ -45.997601722010693, -23.185282018661468 ], [ -45.997611715008162, -23.185295119889879 ], [ -45.997658583029619, -23.185356565792212 ], [ -45.997658583026791, -23.185356565809798 ], [ -45.997708488898759, -23.185421994387649 ], [ -45.997848795076727, -23.185471505122582 ], [ -45.99806081916968, -23.185526865526185 ], [ -45.998211527963186, -23.185598366802228 ], [ -45.998269994835418, -23.185657852939855 ], [ -45.998380754291425, -23.185865073572945 ], [ -45.998433771745091, -23.186110460499044 ], [ -45.998633425690308, -23.186429238526816 ], [ -45.998271729977482, -23.186801888436801 ], [ -45.99862889100001, -23.187469173000011 ], [ -45.999214538999979, -23.187996818999988 ], [ -46.000017220000025, -23.188304653999982 ], [ -46.000304613000026, -23.188463587 ], [ -46.000477400000022, -23.188582804000028 ], [ -46.000565219, -23.188644693000011 ], [ -46.000655135999978, -23.18875269199998 ], [ -46.000713823000012, -23.189778149 ], [ -46.000785957, -23.189950924000019 ], [ -46.000927414999978, -23.190073271000021 ], [ -46.001091428999985, -23.19013723900002 ], [ -46.001201039000023, -23.190128991999984 ], [ -46.001466054, -23.190012014999976 ], [ -46.001839835, -23.189771131999979 ], [ -46.002026339999986, -23.189726124 ], [ -46.002174771, -23.18973293200003 ], [ -46.002458423, -23.189991186 ], [ -46.002539217, -23.190388158000015 ], [ -46.002603798, -23.190546359999981 ], [ -46.002714301000026, -23.190705271 ], [ -46.002848922, -23.190827510000016 ], [ -46.003335042, -23.19107714 ], [ -46.003847561999976, -23.191217854 ], [ -46.004314436000016, -23.191396713000021 ], [ -46.004761592000023, -23.191639413000015 ], [ -46.004936406000013, -23.191809250999988 ], [ -46.00505648799998, -23.191979149000023 ], [ -46.005214040999988, -23.192510114000015 ], [ -46.005254899000022, -23.192791726999978 ], [ -46.005359414, -23.19317460600001 ], [ -46.005469937999983, -23.193332612 ], [ -46.005588328999977, -23.193433819 ], [ -46.005917346, -23.193561760000019 ], [ -46.007124326999985, -23.193836031999972 ], [ -46.00798627, -23.194112213999972 ], [ -46.008331252, -23.194276534999972 ], [ -46.008716005, -23.194566149000028 ], [ -46.008750727, -23.194700398 ], [ -46.008726433, -23.194801214 ], [ -46.008508332000019, -23.194918020999975 ], [ -46.007728107999981, -23.195096649 ], [ -46.007096532, -23.195324541999984 ], [ -46.006668597999976, -23.195587191000016 ], [ -46.006374511, -23.196015429999978 ], [ -46.006305626000028, -23.1962041 ], [ -46.006322613, -23.196400417 ], [ -46.007014231000028, -23.196908885000024 ], [ -46.007369367000024, -23.19726942 ], [ -46.007433600000013, -23.19755590800003 ], [ -46.00738297700002, -23.19803307 ], [ -46.007261447000019, -23.198539858999986 ], [ -46.007164868000018, -23.199234956 ], [ -46.007262162000018, -23.199639405000024 ], [ -46.007387742, -23.199775956999989 ], [ -46.007717429000031, -23.199976183 ], [ -46.008093186, -23.200060569000012 ], [ -46.008280747000015, -23.200066166 ], [ -46.00903251699998, -23.20000364700002 ], [ -46.009596489999979, -23.200165912999967 ], [ -46.009783643999981, -23.200194088999968 ], [ -46.010127725000018, -23.200192152 ], [ -46.010502632999987, -23.200160874 ], [ -46.011252461000026, -23.199988992999984 ], [ -46.011843238999973, -23.199747807999973 ], [ -46.011979450000013, -23.199728218000015 ], [ -46.012066807, -23.199762084999968 ], [ -46.012999637000014, -23.199414119999968 ], [ -46.013561622, -23.199251991999972 ], [ -46.013717569, -23.199221862 ], [ -46.013873714999988, -23.199235101 ], [ -46.014187295, -23.199298640999974 ], [ -46.015348287, -23.199797111 ], [ -46.015505281, -23.19981758900002 ], [ -46.015817764000019, -23.199779015999983 ], [ -46.016704447, -23.19922432800001 ], [ -46.017326978000028, -23.198901394000021 ], [ -46.018576775999975, -23.198481459999975 ], [ -46.018951209000022, -23.198312826 ], [ -46.019172167000022, -23.198145453999981 ], [ -46.019285971999977, -23.198012579000025 ], [ -46.019521978544695, -23.198490979370053 ], [ -46.019578337980874, -23.198605223001774 ], [ -46.019643281981338, -23.198907979995479 ], [ -46.019606281975086, -23.199227244008583 ], [ -46.019536954989192, -23.199387002002481 ], [ -46.019460788979067, -23.199546653989863 ], [ -46.019034322976353, -23.20005510397683 ], [ -46.018708396982966, -23.200352774987454 ], [ -46.018218557974166, -23.200688589978341 ], [ -46.01785129798769, -23.2010018890069 ], [ -46.017750698998839, -23.201161165998862 ], [ -46.01774357053872, -23.201233395477718 ], [ -46.017736364975377, -23.201306406003031 ], [ -46.017801236975082, -23.201558568001538 ], [ -46.017855653999675, -23.201630776983848 ], [ -46.017975366973197, -23.201768133974923 ], [ -46.018266948986017, -23.201968656987262 ], [ -46.018730331999691, -23.202181750999785 ], [ -46.019356160004641, -23.202329571994039 ], [ -46.019677782991359, -23.202435687987411 ], [ -46.019950036007032, -23.202624166975035 ], [ -46.020129783991472, -23.202629630976812 ], [ -46.021202059991808, -23.202354224987356 ], [ -46.021599837975842, -23.202192267000257 ], [ -46.021793222004298, -23.201982005989063 ], [ -46.021917212992129, -23.201771585994582 ], [ -46.02207801097385, -23.201306947997168 ], [ -46.022194467001313, -23.200753090976143 ], [ -46.022402564983757, -23.199830209979108 ], [ -46.02252554600387, -23.199512259983788 ], [ -46.022834450990267, -23.199018265983721 ], [ -46.022992222542214, -23.198888460126604 ], [ -46.023331445, -23.198609364999982 ], [ -46.023674458000016, -23.198448370999969 ], [ -46.024017153999978, -23.198359649 ], [ -46.024706703, -23.198441565999982 ], [ -46.025050448, -23.198403454 ], [ -46.025409771, -23.198314079999985 ], [ -46.025526933862331, -23.198313516253453 ], [ -46.025859408976942, -23.198311915979485 ], [ -46.026876663977802, -23.197011087989591 ], [ -46.027078310972648, -23.196829857989179 ], [ -46.02730277799283, -23.196684210992167 ], [ -46.027436100043566, -23.196594072896431 ], [ -46.027477889987914, -23.196565819004405 ], [ -46.027637382973886, -23.196446284974321 ], [ -46.027783115975296, -23.196331057982285 ], [ -46.027916290999009, -23.196207506979469 ], [ -46.028025773984751, -23.196097146980218 ], [ -46.028484680991539, -23.195575617000276 ], [ -46.028184761807601, -23.195499607066608 ], [ -46.025481848932621, -23.194497507780721 ], [ -46.024721286451225, -23.194326939067615 ], [ -46.023760235348888, -23.194311255244699 ], [ -46.023061671927884, -23.194491312909648 ], [ -46.022558677582957, -23.193869289534643 ], [ -46.021294812828494, -23.193032802140621 ], [ -46.020485237197903, -23.192654093528464 ], [ -46.019877332977096, -23.192274082770457 ], [ -46.019745695009192, -23.191953568546396 ], [ -46.019607628360653, -23.191123966165652 ], [ -46.019585861392017, -23.189818649346634 ], [ -46.019317495151554, -23.188844046693077 ], [ -46.018696670908483, -23.188321495026845 ], [ -46.018043746888686, -23.188259901675568 ], [ -46.017392233857599, -23.188384785423409 ], [ -46.01713051277887, -23.18828774543309 ], [ -46.016763611646113, -23.188399812823011 ], [ -46.01635241687336, -23.188929040190494 ], [ -46.016168343606978, -23.188118436645631 ], [ -46.015725629312946, -23.187616662082743 ], [ -46.015380141181815, -23.187421428032525 ], [ -46.015104907116942, -23.187105069154576 ], [ -46.015055137234263, -23.1867982300462 ], [ -46.01487406425273, -23.186382531713889 ], [ -46.014622977974355, -23.186120860035011 ], [ -46.014111584454668, -23.185948631721921 ], [ -46.014632604518809, -23.185824603016581 ], [ -46.015224216686242, -23.185623324996655 ], [ -46.016040873316676, -23.185376713634103 ], [ -46.016346300279196, -23.184979815295488 ], [ -46.016984527949148, -23.184668524006074 ], [ -46.018119949440234, -23.184222379074761 ], [ -46.018947953553152, -23.183909861527951 ], [ -46.017881136600487, -23.184015495152504 ], [ -46.017002443881267, -23.183900494603748 ], [ -46.016171120676255, -23.18377422718245 ], [ -46.015694569936073, -23.183503047159242 ], [ -46.015537634394647, -23.183142046591247 ], [ -46.01543943092247, -23.182703865608204 ], [ -46.015447813906974, -23.182243066683725 ], [ -46.01545095117568, -23.181736975642298 ], [ -46.015619287072283, -23.181386288897578 ], [ -46.015248595723541, -23.180993753114187 ], [ -46.014677332206425, -23.180745119750028 ], [ -46.013987791427532, -23.180541124833987 ], [ -46.013748899049752, -23.180323260456024 ], [ -46.014165913920806, -23.178993183158969 ], [ -46.014399006353848, -23.178443169766169 ], [ -46.014631279644526, -23.177783464356366 ], [ -46.014755791474371, -23.176992807819946 ], [ -46.014693763653021, -23.176631194116379 ], [ -46.014666561000922, -23.176170624155759 ], [ -46.01474627990315, -23.175731304515061 ], [ -46.014684418120758, -23.175391620009325 ], [ -46.014444624653144, -23.175053090948687 ], [ -46.014169511609907, -23.174747693519127 ], [ -46.013905836412818, -23.174387377943464 ], [ -46.014046434099185, -23.174156095327508 ], [ -46.014078964400738, -23.173749993358577 ], [ -46.014313288857629, -23.173364522057085 ], [ -46.014665894432305, -23.172934418574311 ], [ -46.015007124852666, -23.17257019680909 ], [ -46.015195083120396, -23.172327642769496 ], [ -46.015287733351613, -23.172030850010739 ], [ -46.015247026188632, -23.171350963916304 ], [ -46.015209039642201, -23.171033064904012 ], [ -46.01550340671924, -23.170745945708259 ], [ -46.015667964650795, -23.170547420840389 ], [ -46.015689540890108, -23.170262060423553 ], [ -46.015224237282297, -23.169903037938738 ], [ -46.01476109577402, -23.169829230427425 ], [ -46.014273988666012, -23.169722671285221 ], [ -46.013881259016962, -23.169549675802223 ], [ -46.01395932508769, -23.168890954689481 ], [ -46.0138476280353, -23.168233464208974 ], [ -46.013620957550366, -23.168059398820567 ], [ -46.013157905690072, -23.167996560003527 ], [ -46.012577070443101, -23.168044174240354 ], [ -46.012918047351484, -23.167647053986233 ], [ -46.012818628030161, -23.167044327600991 ], [ -46.012779751067718, -23.166605771041922 ], [ -46.01253956636404, -23.166212387503389 ], [ -46.012089369456582, -23.166281108346151 ], [ -46.011496270265596, -23.166273944096467 ], [ -46.010891065216711, -23.166233950700942 ], [ -46.010368634672304, -23.166160510287252 ], [ -46.009857898808328, -23.166065053754885 ], [ -46.009747952016504, -23.165637916924805 ], [ -46.00961452558942, -23.165243844198578 ], [ -46.009409609361661, -23.164806350526142 ], [ -46.009276852317299, -23.164500030910116 ], [ -46.008894276859436, -23.164096588417689 ], [ -46.00839648598145, -23.164143654913538 ], [ -46.007922320009705, -23.164179603433638 ], [ -46.007470157305917, -23.163985031964216 ], [ -46.006956078166091, -23.163439805500484 ], [ -46.006691962879785, -23.163013651533657 ], [ -46.006320939642727, -23.162566240587545 ], [ -46.005961777419898, -23.162118761954016 ], [ -46.005864360365216, -23.161779299647755 ], [ -46.005739776975936, -23.160979272716872 ], [ -46.005367288883122, -23.160334413196239 ], [ -46.004892817467351, -23.160326466217651 ], [ -46.004467660775376, -23.160570520954643 ], [ -46.003911469077579, -23.160738616993566 ], [ -46.003022795200216, -23.160853984172096 ], [ -46.002642789856488, -23.1607905757003 ], [ -46.002511838906116, -23.160725590638375 ], [ -46.002035325689306, -23.16044339989255 ], [ -46.002055206505865, -23.159927672773989 ], [ -46.002088016202201, -23.159554474586407 ], [ -46.002084343716234, -23.159060836710079 ], [ -46.002021044490789, -23.158523699070344 ], [ -46.001922498046198, -23.158030664509258 ], [ -46.0016346837794, -23.157604651727805 ], [ -46.001124230286258, -23.157542077602489 ], [ -46.000542374723587, -23.157447041499331 ], [ -46.000139559870753, -23.15750445237498 ], [ -45.999368028482486, -23.157421581113557 ], [ -45.99889275354063, -23.157303923234334 ], [ -45.998439406739827, -23.156944781255035 ], [ -45.998279136424863, -23.156123024140687 ], [ -45.998274015368487, -23.155431929984452 ], [ -45.998589826079666, -23.154837534532763 ], [ -45.99854969961639, -23.154223455052001 ], [ -45.99790669263195, -23.153876478105644 ], [ -45.997122188768209, -23.153640100566644 ], [ -45.99655205762118, -23.153523035369592 ], [ -45.995946334722433, -23.153406193081032 ], [ -45.99539065642972, -23.153640073987763 ], [ -45.994701605929954, -23.153479874153909 ], [ -45.994203270909424, -23.153450105338493 ], [ -45.99403473460891, -23.153111092069114 ], [ -45.993911444957703, -23.1524755957054 ], [ -45.993620755902718, -23.151654654975061 ], [ -45.993259077724083, -23.150856109590844 ], [ -45.992937350771257, -23.150649697715313 ], [ -45.992773809428158, -23.149378170131595 ], [ -45.992973150527988, -23.149069751294618 ], [ -45.99337343742868, -23.1486722984761 ], [ -45.99329662427219, -23.147904861679532 ], [ -45.99337462154719, -23.147224216372656 ], [ -45.992675041784878, -23.147239589462679 ], [ -45.992083478042609, -23.147429814266538 ], [ -45.99096770732843, -23.147294212995078 ], [ -45.989903409207074, -23.146094169911908 ], [ -45.989237724499986, -23.145878944519637 ], [ -45.988855181762247, -23.145464474666039 ], [ -45.988279139643979, -23.144535623099369 ], [ -45.987943076299025, -23.143989212716267 ], [ -45.987394948636776, -23.143630621244078 ], [ -45.987190460462578, -23.143236971068696 ], [ -45.987211523047158, -23.142874822072343 ], [ -45.987148222533818, -23.142326701151646 ], [ -45.987073859379407, -23.141888356516152 ], [ -45.98673804875191, -23.141374855452401 ], [ -45.985692118536107, -23.141052286672519 ], [ -45.98519174622632, -23.140737276550801 ], [ -45.984952420624268, -23.140442573584959 ], [ -45.984439394667902, -23.140017932826719 ], [ -45.98394047985461, -23.139900375135692 ], [ -45.983299258036553, -23.139783703517129 ], [ -45.982909862632027, -23.14004942556404 ], [ -45.982615957961421, -23.140402301025926 ], [ -45.982159645496132, -23.141249861347539 ], [ -45.981511992740579, -23.141879206555487 ], [ -45.979464503143177, -23.141090882185139 ], [ -45.97813046960497, -23.140002359421025 ], [ -45.97745384070528, -23.139907823220291 ], [ -45.97716654056935, -23.139536612006747 ], [ -45.976961770521086, -23.139099069768648 ], [ -45.97680475526662, -23.138705101617333 ], [ -45.97642315437664, -23.138411266457883 ], [ -45.976267174242814, -23.138159921697795 ], [ -45.976691680276076, -23.137828179291215 ], [ -45.976974365242185, -23.13756314268413 ], [ -45.978125408951243, -23.136687469466125 ], [ -45.978525306825631, -23.136091054411725 ], [ -45.978945638411247, -23.135032559147184 ], [ -45.979177815811674, -23.13426120578476 ], [ -45.979170668457606, -23.13354852250632 ], [ -45.979474567425719, -23.131624197967568 ], [ -45.979513536696807, -23.131377436419712 ], [ -45.978889926623971, -23.130633390678906 ], [ -45.978618492600091, -23.129271220144535 ], [ -45.977931063743902, -23.129561459207679 ], [ -45.976595538657499, -23.129926820751976 ], [ -45.976316368048202, -23.129857429808315 ], [ -45.975788686754022, -23.12922276457936 ], [ -45.975169082400285, -23.129028616043414 ], [ -45.97480973480414, -23.128656887257723 ], [ -45.974617143804984, -23.128328114897499 ], [ -45.973901017632905, -23.127936585431492 ], [ -45.973567201859694, -23.127806655996039 ], [ -45.973588123817827, -23.127410573271209 ], [ -45.973817939101679, -23.126309269317773 ], [ -45.974051721180544, -23.125757887623035 ], [ -45.973477778871292, -23.125299477723523 ], [ -45.973095311485231, -23.125015871811783 ], [ -45.972689393709992, -23.124776397414792 ], [ -45.972589372511393, -23.124095085276227 ], [ -45.972347978051481, -23.123590632083282 ], [ -45.97149279161318, -23.123086405440716 ], [ -45.970293842814613, -23.122283419826964 ], [ -45.969435742436957, -23.121980735606318 ], [ -45.969645441388771, -23.12138550189713 ], [ -45.96954702886822, -23.120924161774237 ], [ -45.969162370530427, -23.120332589638224 ], [ -45.968801967356775, -23.119806858362999 ], [ -45.967961974494443, -23.118712127396702 ], [ -45.967199476226796, -23.118474834429982 ], [ -45.966436813199429, -23.118215535694336 ], [ -45.966055285387753, -23.118040468547996 ], [ -45.966098594315909, -23.117633931640288 ], [ -45.965933378299646, -23.117143344205118 ], [ -45.96546680363921, -23.116504987828716 ], [ -45.965646701231385, -23.115819923910152 ], [ -45.965963668957563, -23.11492028620399 ], [ -45.965772917070311, -23.114087877661348 ], [ -45.965146026765041, -23.113642864756223 ], [ -45.964609863453923, -23.112962180226656 ], [ -45.964814086440981, -23.112447970427979 ], [ -45.965088676346028, -23.112082934254424 ], [ -45.965384839393572, -23.111504031073633 ], [ -45.965754569398008, -23.111523139383557 ], [ -45.966633994745578, -23.111752868833818 ], [ -45.967003572426968, -23.111750604366559 ], [ -45.967720084368082, -23.111810333000982 ], [ -45.96876106196374, -23.112017679807096 ], [ -45.968789523085192, -23.112765580053829 ], [ -45.969209298938239, -23.113318722361743 ], [ -45.969606425828424, -23.113936123823652 ], [ -45.970255042502558, -23.114188621351229 ], [ -45.970927379704968, -23.114526462058684 ], [ -45.971830859038441, -23.114884255991143 ], [ -45.97254739869539, -23.114943961945659 ], [ -45.973285953818269, -23.114853915843419 ], [ -45.973977231385987, -23.114614536120808 ], [ -45.974710756426155, -23.11384615000453 ], [ -45.975627855265692, -23.112873058526517 ], [ -45.975923191689688, -23.112187279386728 ], [ -45.975894691343285, -23.111439381748589 ], [ -45.976163675770557, -23.110304908085027 ], [ -45.97654970393198, -23.109383443830012 ], [ -45.977168556654519, -23.108717021783082 ], [ -45.977763382430986, -23.107922513011982 ], [ -45.97873086318998, -23.107553159702768 ], [ -45.979353426733454, -23.107399684505594 ], [ -45.979649198220791, -23.10677800820574 ], [ -45.980243690635255, -23.10594074218805 ], [ -45.980634946073224, -23.105745939192651 ], [ -45.980978464024219, -23.105337706971493 ], [ -45.981287281579021, -23.104665347081138 ], [ -45.981271428532459, -23.104331318477687 ], [ -45.981821727307448, -23.103772176820772 ], [ -45.982325517825167, -23.103170581372666 ], [ -45.982808846523369, -23.102932458774657 ], [ -45.983313708917201, -23.102480466572977 ], [ -45.983797655974136, -23.102327829020275 ], [ -45.983491174780276, -23.101474793746831 ], [ -45.983392867694079, -23.100663202319069 ], [ -45.983250091353305, -23.100087001581457 ], [ -45.981978074038302, -23.099859805786863 ], [ -45.980870209616164, -23.099973565291251 ], [ -45.980386267153918, -23.100126184708646 ], [ -45.979788079155561, -23.100450504642851 ], [ -45.979370172413354, -23.100153862856647 ], [ -45.978893433684824, -23.099878052190075 ], [ -45.978800282750178, -23.099652783003854 ], [ -45.97888065184555, -23.099537057986208 ], [ -45.979065435529485, -23.0991697265315 ], [ -45.97928957897026, -23.098594074487039 ], [ -45.979144953923644, -23.097761395937734 ], [ -45.978349781187831, -23.096398400464313 ], [ -45.978179598792273, -23.095223902061743 ], [ -45.978222694305792, -23.094796166132564 ], [ -45.978079473110128, -23.094155840968611 ], [ -45.977286033938356, -23.093027942219148 ], [ -45.976704789124447, -23.09249718883693 ], [ -45.97584902833669, -23.092331486973688 ], [ -45.974667587395217, -23.091127461416242 ], [ -45.969526699491972, -23.090527453384489 ], [ -45.968443058626292, -23.09021832816487 ], [ -45.967069282249042, -23.090271828207104 ], [ -45.966696305403744, -23.090286351253123 ], [ -45.966888356549184, -23.089201912648683 ], [ -45.966650068075992, -23.088177419374411 ], [ -45.966276734993635, -23.087645361734097 ], [ -45.965786862040716, -23.086964393080805 ], [ -45.965021396157837, -23.086498851286844 ], [ -45.964392972279185, -23.085818724487556 ], [ -45.963859976542444, -23.085565492287895 ], [ -45.963189934830794, -23.085526829463735 ], [ -45.962842917976403, -23.085443453136413 ], [ -45.962473868294957, -23.085509824158951 ], [ -45.961967159723812, -23.085705275974185 ], [ -45.961619677101602, -23.085557769181971 ], [ -45.961387373521653, -23.085366818857494 ], [ -45.961059951817283, -23.084791717753017 ], [ -45.960847548788749, -23.084151794574719 ], [ -45.960727520689915, -23.083511309157164 ], [ -45.960492023403042, -23.08287151674914 ], [ -45.960029240936585, -23.082746087179082 ], [ -45.959292214199429, -23.083028431502512 ], [ -45.958496918097147, -23.083132987428776 ], [ -45.957694172250051, -23.082964758400397 ], [ -45.956409294950774, -23.082626355899556 ], [ -45.956085888405319, -23.082232672837446 ], [ -45.956667191091604, -23.081314234323756 ], [ -45.957062694961451, -23.080570009232488 ], [ -45.957535716203374, -23.079454412217938 ], [ -45.958011016972328, -23.078660248269685 ], [ -45.958138285574016, -23.077769288489666 ], [ -45.95778817727372, -23.077375770449283 ], [ -45.957216455395638, -23.075870854673585 ], [ -45.957129834948375, -23.074956451104104 ], [ -45.957045665537215, -23.074388229968513 ], [ -45.956534920708044, -23.073946228716913 ], [ -45.955862667274644, -23.07333210413055 ], [ -45.955273348142036, -23.073113116597376 ], [ -45.954523229113846, -23.072820923434712 ], [ -45.953745000528208, -23.072331066422556 ], [ -45.953715144649905, -23.071886151952178 ], [ -45.9536046228814, -23.071367540371902 ], [ -45.953196753750213, -23.0703561658582 ], [ -45.952342221815968, -23.070410780470006 ], [ -45.951434447448754, -23.070490433058822 ], [ -45.950580956034024, -23.070693390952467 ], [ -45.949911176190369, -23.07042541379495 ], [ -45.948887164098601, -23.069170455799433 ], [ -45.948699469350224, -23.069072667676078 ], [ -45.948139669509224, -23.069249126720027 ], [ -45.947391317845799, -23.069204153152235 ], [ -45.946722752753416, -23.069109254007383 ], [ -45.946375467608426, -23.069111334295599 ], [ -45.946186218239333, -23.068791009203725 ], [ -45.946395438952081, -23.06814683049987 ], [ -45.946632922041523, -23.067725043531048 ], [ -45.946496060332464, -23.067256036710969 ], [ -45.94574979406503, -23.067507778977916 ], [ -45.945190006161262, -23.067684227493846 ], [ -45.944440800581965, -23.067515607565753 ], [ -45.944249659854179, -23.066923285696646 ], [ -45.944270682008437, -23.066107143527681 ], [ -45.943918909705346, -23.065466327704069 ], [ -45.943276047386561, -23.065222891495999 ], [ -45.942981161180278, -23.065076282934257 ], [ -45.942817952999846, -23.064656891688585 ], [ -45.942088243444729, -23.063449591963298 ], [ -45.941629988143056, -23.06285885817335 ], [ -45.941118648882309, -23.062317892099358 ], [ -45.940554569477015, -23.061876153425953 ], [ -45.94025642945563, -23.06125973123849 ], [ -45.940413449715038, -23.060788969527593 ], [ -45.940278335153948, -23.060567229603901 ], [ -45.939717356125051, -23.060570565719871 ], [ -45.939022646876353, -23.060549963249663 ], [ -45.938459448594877, -23.060231848860663 ], [ -45.938002248380336, -23.059789465928606 ], [ -45.93655752484117, -23.059476564131195 ], [ -45.936128748997874, -23.059281282187644 ], [ -45.935805800248062, -23.058937012868832 ], [ -45.935293986416667, -23.058321845128511 ], [ -45.934918987844924, -23.058175694746431 ], [ -45.934225314786886, -23.058303433472517 ], [ -45.933556650169024, -23.058183746200466 ], [ -45.93315289302582, -23.057741032876667 ], [ -45.932746412457874, -23.056902690358989 ], [ -45.932556361195772, -23.056458714211779 ], [ -45.932152953045609, -23.056065440186284 ], [ -45.931508794185959, -23.055624139520493 ], [ -45.931240655908994, -23.05547735039001 ], [ -45.931184505253078, -23.055082036796307 ], [ -45.93144855966532, -23.054635383649018 ], [ -45.931495013378296, -23.0536212678611 ], [ -45.93191746742459, -23.052901673997049 ], [ -45.932396230122279, -23.052602122547693 ], [ -45.933220028182745, -23.051979064569757 ], [ -45.933908212668385, -23.051060074850788 ], [ -45.934009941235558, -23.050317638550627 ], [ -45.933841825198378, -23.049181151638471 ], [ -45.93351720263113, -23.048589601751743 ], [ -45.933087453497436, -23.048245956034012 ], [ -45.933189866540452, -23.04760242253802 ], [ -45.933397587268963, -23.046735732009289 ], [ -45.933074676438586, -23.046391455396613 ], [ -45.932591102072834, -23.044955527686334 ], [ -45.932654909906766, -23.044543835147639 ], [ -45.932251796402831, -23.04407319413151 ], [ -45.931538541179435, -23.043727782061421 ], [ -45.930269227220592, -23.043282802488786 ], [ -45.929889326952157, -23.042955988801761 ], [ -45.929618386096571, -23.042320044008804 ], [ -45.929472501274624, -23.041821914520661 ], [ -45.928658583921852, -23.041109589722605 ], [ -45.927499000591446, -23.040192116399908 ], [ -45.926617558378794, -23.0396713962663 ], [ -45.925993327753581, -23.039005745991009 ], [ -45.925664548464134, -23.038752698361304 ], [ -45.925231418376647, -23.038340898379886 ], [ -45.924591734934332, -23.037930304591793 ], [ -45.923831048081695, -23.037377022347918 ], [ -45.923534283743273, -23.036836907775285 ], [ -45.923331676664183, -23.036034975156092 ], [ -45.92303910199972, -23.035856734997708 ], [ -45.922678595006943, -23.035608842986115 ], [ -45.922523128990591, -23.035516914975506 ], [ -45.921891525001804, -23.0352005489829 ], [ -45.921354841983856, -23.034767331995809 ], [ -45.921115978209343, -23.034517489394432 ], [ -45.920884660980796, -23.034275539001253 ], [ -45.920767320191942, -23.03378585472154 ], [ -45.920765992977586, -23.033780315999962 ], [ -45.920748798217133, -23.033280513140102 ], [ -45.920746990001135, -23.03322795300242 ], [ -45.920735209974623, -23.033074163994478 ], [ -45.920695143976729, -23.032866614993331 ], [ -45.920667075983417, -23.032801112982941 ], [ -45.920599364998296, -23.032715100007103 ], [ -45.920508147982531, -23.032633231001608 ], [ -45.920407557986877, -23.032582834978111 ], [ -45.920229262977358, -23.032563728003897 ], [ -45.919888020975641, -23.032540212992366 ], [ -45.919663957998779, -23.032514953005528 ], [ -45.91953573997457, -23.03248037999581 ], [ -45.919285865008405, -23.032320984985699 ], [ -45.919160843977451, -23.032167195998827 ], [ -45.918873180005541, -23.031573499004178 ], [ -45.918682268983957, -23.031288548981809 ], [ -45.918602208795932, -23.031193927538681 ], [ -45.918559050001164, -23.031142919005916 ], [ -45.918361945988458, -23.030980751007313 ], [ -45.918193783993978, -23.030889518996894 ], [ -45.917953200999328, -23.030860379003052 ], [ -45.917713424981088, -23.030892692000997 ], [ -45.917467794001816, -23.030924911996166 ], [ -45.917277521000571, -23.030920065976424 ], [ -45.917041498987885, -23.030855759983339 ], [ -45.916677144986977, -23.03065839000125 ], [ -45.916345853980864, -23.030520278004126 ], [ -45.916085737983771, -23.030439320982307 ], [ -45.915140011007274, -23.030008580982763 ], [ -45.914467874007485, -23.029407825992568 ], [ -45.914246865284063, -23.029172641337961 ], [ -45.914017035007923, -23.028928068002646 ], [ -45.913597612987786, -23.028438870986729 ], [ -45.913063766003994, -23.027856584993629 ], [ -45.91244512398201, -23.027528642980862 ], [ -45.911839375753637, -23.027331777549779 ], [ -45.910728658981029, -23.026970792001983 ], [ -45.909413483002481, -23.02646181798875 ], [ -45.908312087996634, -23.026162267004146 ], [ -45.907601688118667, -23.025653183640252 ], [ -45.907379643982104, -23.025494061987878 ], [ -45.906950569005815, -23.024583643003481 ], [ -45.906741716000404, -23.023798731974349 ], [ -45.906480057983352, -23.023488236002343 ], [ -45.905942328981951, -23.023011577001171 ], [ -45.905733999622747, -23.022694999101581 ], [ -45.905655684008536, -23.022575990004459 ], [ -45.905453193977429, -23.021868882977103 ], [ -45.904963799009252, -23.021365890005555 ], [ -45.904426201972825, -23.021195528003567 ], [ -45.903526371497485, -23.021103764118028 ], [ -45.903259002005825, -23.021076496975102 ], [ -45.902916888352451, -23.020941705141933 ], [ -45.90267566697473, -23.020846664007085 ], [ -45.90220924299377, -23.020420832993604 ], [ -45.901704355973749, -23.020016065997353 ], [ -45.901121299978747, -23.019771775997341 ], [ -45.900319788981797, -23.019776962999522 ], [ -45.898450188999291, -23.019584258989088 ], [ -45.89764765199407, -23.019384311980939 ], [ -45.896710161991869, -23.018989735004666 ], [ -45.896005963985552, -23.018439884989487 ], [ -45.894900294995523, -23.01790524998346 ], [ -45.894232386980747, -23.01724303500772 ], [ -45.892959331005081, -23.015904245982796 ], [ -45.891834650000064, -23.014514529980016 ], [ -45.891497452001495, -23.013863960994897 ], [ -45.891340596006259, -23.01338164799747 ], [ -45.891322651005495, -23.013349734994421 ], [ -45.891219434996991, -23.013180913999392 ], [ -45.891110444801853, -23.01305589936559 ], [ -45.891034075002693, -23.012968300974418 ], [ -45.890787138984741, -23.012760115989433 ], [ -45.890538546976387, -23.012588044987901 ], [ -45.890303554991405, -23.012471309000492 ], [ -45.890019722984832, -23.012356495987923 ], [ -45.889714838007087, -23.012271158983051 ], [ -45.889211962973228, -23.012125700982317 ], [ -45.888501620984194, -23.01195701399736 ], [ -45.888038971976343, -23.011748954008404 ], [ -45.887360083990956, -23.0112582039892 ], [ -45.886355946976828, -23.010261630002802 ], [ -45.886049610005109, -23.00994314799847 ], [ -45.88566090899522, -23.009541110994686 ], [ -45.885560621986393, -23.009476240983311 ], [ -45.885475984980893, -23.009461319007169 ], [ -45.88536979598431, -23.009450566985262 ], [ -45.885263968982066, -23.009472347980552 ], [ -45.885185791989386, -23.009528909986539 ], [ -45.885041559973686, -23.009672048974679 ], [ -45.884881020978334, -23.00990347098584 ], [ -45.884686515004603, -23.010331316001643 ], [ -45.884387960996705, -23.010790006004719 ], [ -45.884278278975202, -23.011015924977709 ], [ -45.884174200009177, -23.011306990007089 ], [ -45.884114510997129, -23.011624975978854 ], [ -45.88413424498593, -23.012027372977869 ], [ -45.884232335978048, -23.012467178977754 ], [ -45.884314407008119, -23.012721498993876 ], [ -45.885057118980697, -23.014588488993972 ], [ -45.885738657981527, -23.015559975988594 ], [ -45.886214715003511, -23.016299542984076 ], [ -45.886283141972363, -23.017070468002789 ], [ -45.88602622397503, -23.017443092976492 ], [ -45.885588455997414, -23.01788146297816 ], [ -45.885120672983263, -23.018306695985242 ], [ -45.883351193976495, -23.020360740008005 ], [ -45.883048920973003, -23.020911527980751 ], [ -45.882728593002128, -23.021591229003239 ], [ -45.882123173982997, -23.022583458004377 ], [ -45.88128885398536, -23.023445483001417 ], [ -45.880511141983305, -23.024307515994643 ], [ -45.88018217099399, -23.025133446002801 ], [ -45.879919288990358, -23.025716488981466 ], [ -45.879673159995733, -23.026136262007746 ], [ -45.879469723978552, -23.026414870995602 ], [ -45.879332047000666, -23.026674666995632 ], [ -45.879276819986607, -23.026807495996156 ], [ -45.879266498973138, -23.026888648002625 ], [ -45.879261972983329, -23.027179514998149 ], [ -45.879293387993108, -23.027583003983853 ], [ -45.879301153978268, -23.027843348978045 ], [ -45.879279604974236, -23.028002023983024 ], [ -45.879180053000383, -23.028207320993062 ], [ -45.878969025997186, -23.028422557982324 ], [ -45.87870771199777, -23.028612583986479 ], [ -45.878392051991121, -23.028733962995286 ], [ -45.87804048998327, -23.028895418979591 ], [ -45.877450023007604, -23.029300569985171 ], [ -45.876889635994758, -23.02976674398758 ], [ -45.876217202994937, -23.030221159994188 ], [ -45.875624517007623, -23.030588318976726 ], [ -45.87493728097256, -23.030844613986449 ], [ -45.87441969899421, -23.030905784008311 ], [ -45.872844008984579, -23.031012111999342 ], [ -45.872228747976045, -23.031076206001551 ], [ -45.871608521002514, -23.031144734988199 ], [ -45.870254705997176, -23.031802189986593 ], [ -45.869398109006831, -23.032442422005911 ], [ -45.868536481993502, -23.032781688982507 ], [ -45.867492644991806, -23.033410732986926 ], [ -45.866512080000021, -23.034048932980838 ], [ -45.865165229979006, -23.035004627002383 ], [ -45.863194679182385, -23.036306311223104 ], [ -45.862733058980645, -23.03661123599019 ], [ -45.862046464997022, -23.037343652977796 ], [ -45.861810709980915, -23.037522322999635 ], [ -45.861618463977948, -23.037671884984952 ], [ -45.861434628972354, -23.037789959978191 ], [ -45.86122822899582, -23.037862489990342 ], [ -45.861083131999465, -23.037894456996494 ], [ -45.860675226983936, -23.037885090983334 ], [ -45.860098759975138, -23.037807012990001 ], [ -45.859565265006026, -23.037625726992825 ], [ -45.859129103991471, -23.037511083984562 ], [ -45.858854637973877, -23.037466846981278 ], [ -45.858653708981223, -23.037457239985883 ], [ -45.858287508982976, -23.037513602981196 ], [ -45.858150780996894, -23.037567389999413 ], [ -45.857713372977415, -23.03787648297936 ], [ -45.857299711994017, -23.0383223990038 ], [ -45.856755680998475, -23.039153801975313 ], [ -45.856491107990884, -23.039665398991168 ], [ -45.855917845996395, -23.041618518983753 ], [ -45.855824437981703, -23.042164537008702 ], [ -45.855624199976219, -23.042834400986216 ], [ -45.855406346993533, -23.043199482999558 ], [ -45.855141199998712, -23.043433681982251 ], [ -45.854671705989439, -23.043785612995549 ], [ -45.853935085005126, -23.044168410006886 ], [ -45.853210653001803, -23.044424004003289 ], [ -45.852764157990677, -23.044593790983335 ], [ -45.852077975992451, -23.04473796700416 ], [ -45.851276742984204, -23.044771831989344 ], [ -45.850604213987076, -23.04476352698747 ], [ -45.849880603994329, -23.04477154999304 ], [ -45.849486679980494, -23.044897915006054 ], [ -45.849062505978523, -23.045074381999537 ], [ -45.848979966990171, -23.045101943007911 ], [ -45.84877683198436, -23.045207037994739 ], [ -45.848553616003429, -23.045290118994448 ], [ -45.848330813998196, -23.045351520993705 ], [ -45.84819565598152, -23.045373699980601 ], [ -45.847902571991284, -23.045383351997131 ], [ -45.847754718003522, -23.045354724004916 ], [ -45.847574942007277, -23.0452596149944 ], [ -45.847219833999816, -23.044939358987413 ], [ -45.84674253998682, -23.044422835984275 ], [ -45.8460291599744, -23.043642218981446 ], [ -45.845396984988483, -23.0431077899825 ], [ -45.845002389973182, -23.042759773979817 ], [ -45.844724524007638, -23.042332354988801 ], [ -45.844408306987198, -23.041970263994191 ], [ -45.844030160978129, -23.041681245991764 ], [ -45.843494384004217, -23.041466438974432 ], [ -45.84294412500774, -23.041395959989877 ], [ -45.84235289297532, -23.041323900977595 ], [ -45.8418102070044, -23.041164090993242 ], [ -45.839640025257516, -23.043932422330318 ], [ -45.820234253511451, -23.068680619830197 ], [ -45.802518646998578, -23.091263555989503 ], [ -45.802416384986671, -23.09149947999796 ], [ -45.802398686985818, -23.091706094007758 ], [ -45.802426209215646, -23.09176687979652 ], [ -45.802474532993998, -23.091873608000689 ], [ -45.802777850000226, -23.092346694994106 ], [ -45.802882583003566, -23.092635764002129 ], [ -45.80289640100429, -23.093079628995611 ], [ -45.802834669976434, -23.093340624995871 ], [ -45.802781586835884, -23.093431531102027 ], [ -45.802636635987916, -23.093679761982376 ], [ -45.802277501004134, -23.094016212991466 ], [ -45.80204175697515, -23.094235454977078 ], [ -45.801839217004577, -23.094404651993514 ], [ -45.801566585338364, -23.094559087912369 ], [ -45.801400730974045, -23.094653037979622 ], [ -45.801157727987828, -23.094793550000592 ], [ -45.801063414983574, -23.094922086005212 ], [ -45.801034481003761, -23.095153810980747 ], [ -45.80108501669168, -23.095269713570492 ], [ -45.801186869, -23.095503308999973 ], [ -45.801138611, -23.095674175 ], [ -45.800973300352311, -23.095828915333552 ], [ -45.800935663000395, -23.095864145979714 ], [ -45.800484529982356, -23.096109607974441 ], [ -45.800341255002586, -23.096244554978306 ], [ -45.800366196983404, -23.096468142999974 ], [ -45.800429997488436, -23.096571568429674 ], [ -45.800431523978737, -23.096574042979903 ], [ -45.800513441998945, -23.09663052498701 ], [ -45.800707131998294, -23.09681536599107 ], [ -45.800772018992234, -23.09694384699117 ], [ -45.800762217988954, -23.097045782001832 ], [ -45.80060304499424, -23.097344905987637 ], [ -45.800607268936552, -23.09742029461356 ], [ -45.800610291, -23.097474232000028 ], [ -45.800629320887253, -23.097525247464269 ] ] ] } },
{ "type": "Feature", "properties": { "id": 8, "regiao": "Macrozona Rural", "populacao": null }, "geometry": { "type": "Polygon", "coordinates": [ [ [ -46.097733947156762, -23.164726737338167 ], [ -46.097785684985752, -23.164671614986318 ], [ -46.098112500976946, -23.164138892006495 ], [ -46.098299889546908, -23.163680526754632 ], [ -46.098302947246481, -23.163673047324156 ], [ -46.098371696986341, -23.163504880002662 ], [ -46.098424882756611, -23.163259260098485 ], [ -46.098502353974617, -23.162901484977933 ], [ -46.098582254998739, -23.162238610978473 ], [ -46.098771709716843, -23.16161618180373 ], [ -46.098959644999987, -23.161268448 ], [ -46.099956201999987, -23.160147548 ], [ -46.101900625999974, -23.158288084999985 ], [ -46.102424979604741, -23.157661927567911 ], [ -46.102469335991231, -23.157608958992167 ], [ -46.102622346974549, -23.157293198987411 ], [ -46.102652272974737, -23.157088550978688 ], [ -46.102649933995885, -23.156772296984865 ], [ -46.102580876969917, -23.156540672065852 ], [ -46.102578991529192, -23.15653434813704 ], [ -46.102564977983384, -23.156487344983763 ], [ -46.102399122894326, -23.156305960844968 ], [ -46.102247575990781, -23.156140223990977 ], [ -46.102129570454125, -23.156058338687799 ], [ -46.10209689168402, -23.156035662521742 ], [ -46.101969518992703, -23.155947276986716 ], [ -46.100834183976332, -23.155438054980824 ], [ -46.100170460996225, -23.155116514974615 ], [ -46.099819914978092, -23.15487821799822 ], [ -46.099551237921659, -23.154516783449978 ], [ -46.099523200234167, -23.154479065933256 ], [ -46.09950005800696, -23.154447933977135 ], [ -46.099281266241746, -23.153939074919716 ], [ -46.099250235006089, -23.153866902980347 ], [ -46.098818644076545, -23.152676505238908 ], [ -46.098812942846514, -23.152660780205952 ], [ -46.098797064998266, -23.152616985978565 ], [ -46.098306135990065, -23.151516485998108 ], [ -46.0981013710309, -23.151151929494684 ], [ -46.097800029999469, -23.150615427985652 ], [ -46.097179326007073, -23.149843673988087 ], [ -46.096784628981702, -23.149524230073055 ], [ -46.096580030002194, -23.149358638986996 ], [ -46.096533358285221, -23.1493286304427 ], [ -46.095567406995045, -23.14870754599292 ], [ -46.095494892765259, -23.148658532635583 ], [ -46.095156022989357, -23.148429484981797 ], [ -46.094778741992783, -23.148044414983485 ], [ -46.09474398644447, -23.147978284604463 ], [ -46.094717464729719, -23.147927820903291 ], [ -46.094659576972859, -23.147817676007225 ], [ -46.094579910004704, -23.147623146006254 ], [ -46.094431735974993, -23.147041808990256 ], [ -46.094228411981405, -23.146541868988681 ], [ -46.094158922944757, -23.146414864365155 ], [ -46.094105310977426, -23.146316878000558 ], [ -46.093971072989021, -23.146114308005956 ], [ -46.093525792994342, -23.145482475992083 ], [ -46.092844954004285, -23.14468812398778 ], [ -46.091548726003204, -23.143101289974656 ], [ -46.091465839980607, -23.142979892979245 ], [ -46.09142553499597, -23.142825700000284 ], [ -46.091401818974546, -23.142672656981048 ], [ -46.091422433998559, -23.14249859099607 ], [ -46.091519183985646, -23.14227235098604 ], [ -46.09164052999003, -23.142148571997847 ], [ -46.091736098415993, -23.142050917202944 ], [ -46.091792430018238, -23.142016377375914 ], [ -46.091982025544311, -23.141881569139638 ], [ -46.09208443232869, -23.141799814871895 ], [ -46.092164021370266, -23.141667810650933 ], [ -46.093429844990652, -23.140829891002785 ], [ -46.09372847297481, -23.140623817994356 ], [ -46.093888836978856, -23.140503327992178 ], [ -46.094524235993362, -23.139920082980108 ], [ -46.094981406995693, -23.139529341995022 ], [ -46.095677484973692, -23.139051798975096 ], [ -46.096373565972208, -23.138461316978315 ], [ -46.097324548005176, -23.137537614983891 ], [ -46.097326221157616, -23.137534857405793 ], [ -46.097588046, -23.137103334000024 ], [ -46.09767883, -23.136713470000011 ], [ -46.097688108235886, -23.136617568786317 ], [ -46.097721686985906, -23.136270493005309 ], [ -46.097704435619079, -23.136005577361363 ], [ -46.097682347005261, -23.135666377978989 ], [ -46.097543087987667, -23.135077945982026 ], [ -46.097474774997529, -23.13479233198214 ], [ -46.097431159972338, -23.134659775008505 ], [ -46.097363471977069, -23.134506984007636 ], [ -46.09719541797736, -23.134283133983889 ], [ -46.096839049995097, -23.133989628997856 ], [ -46.096184487003882, -23.133540811985721 ], [ -46.096016125988491, -23.133391042980609 ], [ -46.095897854005273, -23.13316973800201 ], [ -46.095835566989621, -23.132931194005632 ], [ -46.095834137978862, -23.132788422004083 ], [ -46.095892603978733, -23.132459515983125 ], [ -46.096007790998037, -23.132295887976703 ], [ -46.096238097988731, -23.132141197977198 ], [ -46.096933917972812, -23.131901262989523 ], [ -46.09712045597874, -23.131848016986954 ], [ -46.097501730991858, -23.131663040006821 ], [ -46.097671326009106, -23.131516481001061 ], [ -46.097780821987243, -23.13134282897672 ], [ -46.097912891986425, -23.130994235004561 ], [ -46.097965491982592, -23.130665240996731 ], [ -46.09800535998172, -23.130112895979803 ], [ -46.098167447978071, -23.129723185998195 ], [ -46.098441279988037, -23.129311643998676 ], [ -46.098979601984411, -23.128857946006544 ], [ -46.099231491009043, -23.128641230978378 ], [ -46.099494276993738, -23.128246688986184 ], [ -46.099766074988494, -23.127726694985451 ], [ -46.100059867992883, -23.127121194988248 ], [ -46.100290071975309, -23.12685898097671 ], [ -46.10068029398731, -23.12655125500385 ], [ -46.100905130985559, -23.126204032982326 ], [ -46.100992516985073, -23.126009271004985 ], [ -46.101087513002994, -23.125544476995444 ], [ -46.10107359898587, -23.125219916979528 ], [ -46.101002470008929, -23.124983954003604 ], [ -46.100898403199011, -23.124848662425155 ], [ -46.100816178976089, -23.12474176698684 ], [ -46.100578102984677, -23.124556635006773 ], [ -46.100577815135125, -23.12455663074465 ], [ -46.100558569976648, -23.124556345998652 ], [ -46.100050252036745, -23.124501101322139 ], [ -46.099928967691575, -23.124487919722085 ], [ -46.099875079974971, -23.124482062979535 ], [ -46.099799369425803, -23.124457844638073 ], [ -46.099782560225989, -23.124452467671983 ], [ -46.099632211985643, -23.124404373993656 ], [ -46.099508127866144, -23.12429109530942 ], [ -46.099448698535497, -23.124236841064917 ], [ -46.099436037979494, -23.124225282975594 ], [ -46.099356617527881, -23.124041107003247 ], [ -46.099324286000012, -23.123966129999989 ], [ -46.09928298, -23.123756809999971 ], [ -46.09930516999998, -23.123547529 ], [ -46.099419608, -23.12325739800001 ], [ -46.099430587966857, -23.123162013850308 ], [ -46.099434559007022, -23.123127516993428 ], [ -46.099393169977397, -23.122866696996574 ], [ -46.09938656713053, -23.122852004034726 ], [ -46.099362601079648, -23.12279867390075 ], [ -46.099218226980746, -23.122477406001515 ], [ -46.099110457704512, -23.122315863324872 ], [ -46.099033724080961, -23.122200841794101 ], [ -46.099020681458249, -23.122181291266244 ], [ -46.098853576001382, -23.121930803977747 ], [ -46.098334609989301, -23.121551766996362 ], [ -46.09826893097248, -23.121520355544835 ], [ -46.098206232752403, -23.121490369625935 ], [ -46.098020718977473, -23.121401645977699 ], [ -46.097942442315805, -23.121389012639131 ], [ -46.097552171998579, -23.121326024977655 ], [ -46.097292725008145, -23.121247182999866 ], [ -46.097286222025595, -23.121242455574588 ], [ -46.097176001007341, -23.121162328984958 ], [ -46.097014593003692, -23.121119274980092 ], [ -46.096899120999261, -23.121131113004857 ], [ -46.096806058893009, -23.121151543575607 ], [ -46.096675549999986, -23.121180195000022 ], [ -46.096409699999981, -23.121188895999975 ], [ -46.096221571, -23.121053287999985 ], [ -46.096033997192038, -23.120836998008617 ], [ -46.095995210152047, -23.120792272864861 ], [ -46.09598502900095, -23.120780532999877 ], [ -46.095943674984021, -23.120686858991402 ], [ -46.095899726608877, -23.120654986647295 ], [ -46.095816184436501, -23.120594399957636 ], [ -46.09571601, -23.120521751 ], [ -46.095480614999985, -23.120408027999986 ], [ -46.095402456999977, -23.120408672999982 ], [ -46.094575893000012, -23.120643044000019 ], [ -46.094272117, -23.120698159000028 ], [ -46.093889951, -23.120823484000017 ], [ -46.093577542, -23.120869434999964 ], [ -46.093345759999977, -23.120828943999975 ], [ -46.093196936000027, -23.120736382000022 ], [ -46.0932185883321, -23.120556054345656 ], [ -46.093244909007637, -23.120336847003077 ], [ -46.093381991006574, -23.120037117989881 ], [ -46.093464903005369, -23.119987755988674 ], [ -46.094284429999206, -23.119090120978381 ], [ -46.095079510990971, -23.119036886975778 ], [ -46.095593805979192, -23.118896354985157 ], [ -46.095975015982731, -23.118713188000434 ], [ -46.096511294003669, -23.118319099002534 ], [ -46.096769227985263, -23.118259684999629 ], [ -46.096769228001584, -23.118259685010607 ], [ -46.096769228000028, -23.118259685 ], [ -46.096980681, -23.118401963 ], [ -46.097100039, -23.118560039999974 ], [ -46.09755984142619, -23.119415698460973 ], [ -46.097583578983716, -23.119459871984997 ], [ -46.097787791007953, -23.119625531983456 ], [ -46.097959845006905, -23.119674164002298 ], [ -46.098240843008234, -23.119636773984645 ], [ -46.098474139989982, -23.119533623988879 ], [ -46.098645279973205, -23.11940967399773 ], [ -46.098766992478104, -23.119358388165104 ], [ -46.098681226916113, -23.119278454158302 ], [ -46.098408579240768, -23.119092201503538 ], [ -46.097995081659391, -23.118848711690273 ], [ -46.097678048583766, -23.118559783116414 ], [ -46.097308943181325, -23.117823214544455 ], [ -46.097038316256487, -23.117287562178483 ], [ -46.096744204668198, -23.116841658580345 ], [ -46.09652399356154, -23.116552032197326 ], [ -46.096349828453945, -23.115970910349255 ], [ -46.096322349242286, -23.115567950273668 ], [ -46.096196414168283, -23.114964103226981 ], [ -46.096072844356883, -23.114651396720994 ], [ -46.095852092936767, -23.114294576546417 ], [ -46.095729605581035, -23.11411624594297 ], [ -46.095217818418256, -23.113930937399775 ], [ -46.09504751604274, -23.113583446399218 ], [ -46.095190562835668, -23.113313686008514 ], [ -46.095333063908662, -23.112976732929081 ], [ -46.09533015648276, -23.112618399421674 ], [ -46.09527884057875, -23.112260401942542 ], [ -46.095204410860632, -23.112036948636387 ], [ -46.095032256275147, -23.111702179457929 ], [ -46.094989731530525, -23.111574510165454 ], [ -46.094446262405377, -23.111079123588713 ], [ -46.094153635373736, -23.110812385267323 ], [ -46.093987886632924, -23.110596741679601 ], [ -46.093256625275856, -23.110639421077753 ], [ -46.092845147285871, -23.110642271364906 ], [ -46.092732250333896, -23.111000196619553 ], [ -46.092223514980972, -23.111121637306475 ], [ -46.091779617314877, -23.110582459837701 ], [ -46.091608921671664, -23.110426858029317 ], [ -46.09119582474689, -23.110228134754362 ], [ -46.090831850939857, -23.110118666134028 ], [ -46.090443864404733, -23.110031761438343 ], [ -46.090176897805385, -23.109944010685719 ], [ -46.089668597684756, -23.109947521484024 ], [ -46.08920529867985, -23.10952517823824 ], [ -46.089057907874952, -23.109257427490565 ], [ -46.089055559523281, -23.108966276817632 ], [ -46.089342932828771, -23.108583540105485 ], [ -46.089486347776003, -23.108358570702102 ], [ -46.089531321578711, -23.10793271832236 ], [ -46.089528610907486, -23.10759677246978 ], [ -46.089429990063209, -23.107373482915147 ], [ -46.089185968376746, -23.107128798034715 ], [ -46.088820740361491, -23.10686255016045 ], [ -46.088455703958807, -23.106618689899772 ], [ -46.088331257923926, -23.10619400605967 ], [ -46.088328369992588, -23.105835662378897 ], [ -46.088278519820378, -23.105656833349432 ], [ -46.087815691873487, -23.105568386582483 ], [ -46.087379025654535, -23.105170285449567 ], [ -46.087066944232504, -23.104885776391821 ], [ -46.086743067693128, -23.104345970980624 ], [ -46.086426087379309, -23.104056985980446 ], [ -46.086119209355033, -23.103715135737325 ], [ -46.085886771435867, -23.103209594425984 ], [ -46.085789060215824, -23.103098281293928 ], [ -46.085280263128382, -23.103034583943941 ], [ -46.084602037791747, -23.10297205834696 ], [ -46.084117624004179, -23.102930588547395 ], [ -46.083536928953301, -23.102956974884769 ], [ -46.083052874659479, -23.102960297135024 ], [ -46.082495663848086, -23.102896931983857 ], [ -46.082083141151436, -23.102765376302486 ], [ -46.081548520045288, -23.10250027184799 ], [ -46.081329620408781, -23.102367387257598 ], [ -46.081108109015453, -23.101908150473868 ], [ -46.081101937531464, -23.101137088537996 ], [ -46.081171318007975, -23.100733460138866 ], [ -46.081047080055683, -23.100331157830865 ], [ -46.080852018515131, -23.100153311353527 ], [ -46.08029482979093, -23.100089937864933 ], [ -46.079763087081567, -23.100183162675819 ], [ -46.079473197072893, -23.100252342098621 ], [ -46.078681992441226, -23.100384150018783 ], [ -46.078018906417483, -23.099993511558722 ], [ -46.077654969866472, -23.099884010953474 ], [ -46.077194770614938, -23.099842354188603 ], [ -46.076904155792654, -23.099821938134358 ], [ -46.076106374950598, -23.099939364299249 ], [ -46.075429415860057, -23.100033573531952 ], [ -46.074895708916209, -23.099880425131623 ], [ -46.074507404284567, -23.099748684160687 ], [ -46.074070161753781, -23.099550078378016 ], [ -46.073633622743365, -23.099441062315627 ], [ -46.073390533380106, -23.099308330826393 ], [ -46.072977841918586, -23.099154352852199 ], [ -46.073046890354696, -23.098705940603526 ], [ -46.073043154565305, -23.098235615060684 ], [ -46.072941899917275, -23.097676365535865 ], [ -46.072722482772129, -23.097476284133478 ], [ -46.072334542538094, -23.097389323899861 ], [ -46.071775581497306, -23.097101960295557 ], [ -46.071314860055473, -23.096993101663344 ], [ -46.070926734672405, -23.096883740205481 ], [ -46.070296957478135, -23.096820823235813 ], [ -46.069693839014647, -23.096708809273856 ], [ -46.069010525062112, -23.096359188006812 ], [ -46.068452470238483, -23.096183792012901 ], [ -46.068040324657453, -23.096096984829018 ], [ -46.067071719772301, -23.096036346651339 ], [ -46.066465795687705, -23.095928455005559 ], [ -46.065739738096099, -23.095933357909029 ], [ -46.064869176746697, -23.096028819237077 ], [ -46.064409698795117, -23.096076715758834 ], [ -46.064117681861468, -23.095877102297425 ], [ -46.063993499180143, -23.095474784250321 ], [ -46.063846173889495, -23.095207006996223 ], [ -46.063528557751816, -23.0948283908284 ], [ -46.06301838002031, -23.094585455603859 ], [ -46.062606251991916, -23.094498633836015 ], [ -46.06186425030792, -23.094484429651565 ], [ -46.061400051073178, -23.09431118656525 ], [ -46.061144318254357, -23.094124664303543 ], [ -46.060837858546215, -23.093954169249411 ], [ -46.060514695545663, -23.09381515932661 ], [ -46.060140436390562, -23.093645118235607 ], [ -46.059765563018594, -23.093396646463685 ], [ -46.059576404883259, -23.093052806924213 ], [ -46.059421393929711, -23.092740111555841 ], [ -46.05919772272491, -23.092318069152689 ], [ -46.058940089760185, -23.091765728511493 ], [ -46.058678705525224, -23.091139203389705 ], [ -46.058041348205435, -23.091143475379287 ], [ -46.05700440516484, -23.090854461731354 ], [ -46.055931751047417, -23.090809413147017 ], [ -46.054726594003043, -23.090660773627661 ], [ -46.053895773005493, -23.090265902530568 ], [ -46.052728929670891, -23.090204049140709 ], [ -46.051730029541474, -23.089966971973229 ], [ -46.051239178020637, -23.089743918490203 ], [ -46.050393476371354, -23.089853997051236 ], [ -46.049892202372163, -23.090710402753057 ], [ -46.04914893165715, -23.091899196971443 ], [ -46.048475225448712, -23.092356325287319 ], [ -46.047510773251744, -23.093011790016082 ], [ -46.045808149026264, -23.0929137059228 ], [ -46.044586996928615, -23.093130709444079 ], [ -46.044298501502531, -23.092314367963564 ], [ -46.043690748892537, -23.091569764288494 ], [ -46.042560038390469, -23.091316097662773 ], [ -46.041997704666876, -23.091580945987985 ], [ -46.041064101306688, -23.092492412250298 ], [ -46.040314576774577, -23.092880360436766 ], [ -46.039883109426867, -23.093039888195857 ], [ -46.038265696664872, -23.09310276686459 ], [ -46.037137119418361, -23.09312758664402 ], [ -46.036637330733164, -23.091738100522303 ], [ -46.03644387021761, -23.091042981725074 ], [ -46.036833442013041, -23.090326632875065 ], [ -46.037482480365185, -23.089103689487203 ], [ -46.037423245298569, -23.088738481739224 ], [ -46.036609690354702, -23.088134483919255 ], [ -46.03558921908251, -23.087531838681112 ], [ -46.034043909752846, -23.087176358454311 ], [ -46.033458874645468, -23.087758871231514 ], [ -46.032736719998532, -23.088438417242209 ], [ -46.032116476329307, -23.088512109439225 ], [ -46.031304539272845, -23.08811698452627 ], [ -46.030379872827595, -23.08774001137937 ], [ -46.029061375985414, -23.087522285493911 ], [ -46.028677727751152, -23.086549836692505 ], [ -46.028317274574263, -23.086151763240089 ], [ -46.027880262746734, -23.085580089564907 ], [ -46.026846979678453, -23.085760908882005 ], [ -46.025344620396844, -23.086101453839365 ], [ -46.024612015004244, -23.085719764900144 ], [ -46.023862845778396, -23.086497270722106 ], [ -46.023955154374278, -23.087656219037857 ], [ -46.02412747729457, -23.088350829601836 ], [ -46.024969774180903, -23.089273001912836 ], [ -46.025480905837647, -23.090583835608065 ], [ -46.024239708391669, -23.092137952914932 ], [ -46.022072056290121, -23.09269312073689 ], [ -46.020902066038978, -23.092623386787835 ], [ -46.019487904598549, -23.093405555403425 ], [ -46.018327811878201, -23.094649892136687 ], [ -46.017334178132835, -23.095815845086094 ], [ -46.016174045140268, -23.097060167061585 ], [ -46.014368472623545, -23.097946743559792 ], [ -46.01546079606279, -23.097885547928698 ], [ -46.016990284013346, -23.098412145337537 ], [ -46.017798450584827, -23.09836458710225 ], [ -46.018332997105908, -23.098445839413174 ], [ -46.018625597710759, -23.098810995340592 ], [ -46.019246929407402, -23.09852193019319 ], [ -46.020837292499387, -23.098768472355754 ], [ -46.02076571577031, -23.099390077387394 ], [ -46.020663626307886, -23.100011879658307 ], [ -46.020498663072118, -23.100346747738243 ], [ -46.020440882886135, -23.10081798354172 ], [ -46.019942700593084, -23.101512922358445 ], [ -46.019487608933048, -23.101854669577325 ], [ -46.019185494631358, -23.102251891238911 ], [ -46.018914743259785, -23.10276184563622 ], [ -46.018643980145811, -23.103271799672516 ], [ -46.018495054374945, -23.103752739940884 ], [ -46.018436263612486, -23.104049567753261 ], [ -46.018851198980798, -23.104161851873588 ], [ -46.018897222476497, -23.104484222055909 ], [ -46.018992373559648, -23.104963577845808 ], [ -46.019103421267808, -23.105527539444125 ], [ -46.0190633064826, -23.106275989616499 ], [ -46.019064904331799, -23.106487728115713 ], [ -46.019222567094154, -23.107164324133219 ], [ -46.019211145786123, -23.107672603969796 ], [ -46.019031597269887, -23.108139619753416 ], [ -46.018699060636422, -23.108551150607994 ], [ -46.018458480823199, -23.109018559718642 ], [ -46.018644538299746, -23.109412638216188 ], [ -46.019058999336934, -23.109748760252693 ], [ -46.020095964060083, -23.109685597058537 ], [ -46.019961644964326, -23.110081735496742 ], [ -46.019781349861056, -23.11044993474885 ], [ -46.019509306524618, -23.110790499508706 ], [ -46.019161507915257, -23.1112021389891 ], [ -46.018676516559673, -23.111628777073374 ], [ -46.01834439662494, -23.112096776958101 ], [ -46.01801323241996, -23.112691819204702 ], [ -46.017817564709745, -23.113046001975803 ], [ -46.017256912682271, -23.113557823428977 ], [ -46.016434566567732, -23.113760758240989 ], [ -46.015883639981574, -23.113538434959978 ], [ -46.015440261711532, -23.113414239754647 ], [ -46.014904701785433, -23.113205936688324 ], [ -46.014431118602609, -23.113124273578077 ], [ -46.013956697608343, -23.112929687683781 ], [ -46.013585455112228, -23.112603478105662 ], [ -46.013097902150967, -23.112342298082375 ], [ -46.012652932029319, -23.112006347066885 ], [ -46.012042797289247, -23.112024384114683 ], [ -46.011507564993146, -23.11185840784001 ], [ -46.011066723249698, -23.112072991230637 ], [ -46.010687438510274, -23.112357756108743 ], [ -46.010476494087229, -23.112712028186152 ], [ -46.010113299081219, -23.113109624553552 ], [ -46.009702649549943, -23.113281661173374 ], [ -46.009199618421661, -23.113341342783073 ], [ -46.008604839729514, -23.11337338208083 ], [ -46.007979229085471, -23.113363257296527 ], [ -46.007721976037601, -23.113647244696121 ], [ -46.007648120823717, -23.113972401395284 ], [ -46.007073019512369, -23.114597215965397 ], [ -46.006653100889579, -23.115152774163995 ], [ -46.007139293361007, -23.115185597351601 ], [ -46.007687594993286, -23.115358136809736 ], [ -46.008431998568732, -23.115830748897299 ], [ -46.008966607371519, -23.117836565398012 ], [ -46.008613988201198, -23.118388960918011 ], [ -46.008451790177375, -23.118962131119392 ], [ -46.009698515172786, -23.120296482677727 ], [ -46.010105944061834, -23.120711977758155 ], [ -46.010916862895549, -23.121014860171755 ], [ -46.01180268994792, -23.120900211754655 ], [ -46.013589791144589, -23.12223000646895 ], [ -46.015440757421956, -23.122822192736791 ], [ -46.015311594111296, -23.123473241714716 ], [ -46.015077571860303, -23.123980866208917 ], [ -46.014394971072143, -23.124931489453726 ], [ -46.014215785935001, -23.126406993317595 ], [ -46.01382072874781, -23.127641830926756 ], [ -46.013537630953685, -23.127951727197949 ], [ -46.013303925475128, -23.128503368441358 ], [ -46.013498331347655, -23.129052249597358 ], [ -46.013501307173179, -23.129448322514914 ], [ -46.01305287518074, -23.129913318760757 ], [ -46.012736053120513, -23.13075793378497 ], [ -46.012614278180941, -23.131082570390504 ], [ -46.012539867683557, -23.131280938594269 ], [ -46.012332078501444, -23.132118478008888 ], [ -46.012263503956333, -23.132557715900141 ], [ -46.012067440254938, -23.132449186483075 ], [ -46.011858146767565, -23.132469976272528 ], [ -46.011332917468735, -23.132517649398359 ], [ -46.010919127980067, -23.132545259146379 ], [ -46.010521908684851, -23.132597221137697 ], [ -46.010357427203949, -23.13261598753482 ], [ -46.009901229397656, -23.132563758589733 ], [ -46.009719932669761, -23.13251894507987 ], [ -46.009380383288473, -23.132411692322716 ], [ -46.009127334618, -23.13230046202036 ], [ -46.008891572514607, -23.132157859774253 ], [ -46.008606889895944, -23.131971971000493 ], [ -46.008303743951011, -23.131820585865601 ], [ -46.008019338355695, -23.131734284719546 ], [ -46.007717762837011, -23.131680518892779 ], [ -46.007360330278573, -23.131657638635851 ], [ -46.006923817957414, -23.131646263925102 ], [ -46.006790210285558, -23.131590719107667 ], [ -46.006562183236788, -23.131446338713566 ], [ -46.006409505974204, -23.131353687812457 ], [ -46.006214482345165, -23.131497476444828 ], [ -46.005789149909312, -23.13187428085277 ], [ -46.004648868514721, -23.132139292793983 ], [ -46.003842077230622, -23.1323267929724 ], [ -46.00294104185415, -23.132706617615789 ], [ -46.002351321162124, -23.133370525047493 ], [ -46.001384799778911, -23.134542952044601 ], [ -46.001246823563527, -23.135181984317459 ], [ -46.001374245927053, -23.136325459098771 ], [ -46.001021059651379, -23.136811819253357 ], [ -46.000136258400204, -23.136179278456279 ], [ -45.999416818299999, -23.135391645643377 ], [ -45.998984934016789, -23.134888254265768 ], [ -45.998144964021904, -23.133881325996871 ], [ -45.99668805303282, -23.133076344710091 ], [ -45.995926281897951, -23.132993133183628 ], [ -45.99519219720262, -23.133437882779464 ], [ -45.994671885459432, -23.133130260007125 ], [ -45.994044348864271, -23.132608914783631 ], [ -45.993568816453212, -23.132633922531291 ], [ -45.993142633676456, -23.132900672723093 ], [ -45.992648655735906, -23.133651967052046 ], [ -45.9922012692019, -23.13427092948157 ], [ -45.992134121114283, -23.134843495201256 ], [ -45.991540948827861, -23.135045277887279 ], [ -45.990493263828085, -23.134897823939127 ], [ -45.989755264250228, -23.134814433449556 ], [ -45.98972825517636, -23.134374496775632 ], [ -45.989665052212942, -23.133875161310236 ], [ -45.989458543452258, -23.133275914822296 ], [ -45.989099188336219, -23.132926087907148 ], [ -45.988645496592554, -23.13268686917494 ], [ -45.987840837352806, -23.133242045274081 ], [ -45.987390207535171, -23.133420917523434 ], [ -45.986986187913566, -23.133467450391727 ], [ -45.986722134931334, -23.13313902309454 ], [ -45.986290304217668, -23.132635603932787 ], [ -45.985763332051782, -23.132132769253481 ], [ -45.985500731755437, -23.132002382228453 ], [ -45.984784781339151, -23.131676774979301 ], [ -45.983642625801053, -23.131617880408637 ], [ -45.982833301241634, -23.131534910786453 ], [ -45.98252265664226, -23.131338794845124 ], [ -45.981933336105953, -23.131069915062131 ], [ -45.981426159988942, -23.131015542562452 ], [ -45.979646295245402, -23.131576743860212 ], [ -45.979474567425719, -23.131624197967568 ], [ -45.979170668457606, -23.13354852250632 ], [ -45.979177815811674, -23.13426120578476 ], [ -45.978945638411247, -23.135032559147184 ], [ -45.978525306825631, -23.136091054411725 ], [ -45.978125408951243, -23.136687469466125 ], [ -45.976974365242185, -23.13756314268413 ], [ -45.976691680276076, -23.137828179291215 ], [ -45.976267174242814, -23.138159921697795 ], [ -45.97642315437664, -23.138411266457883 ], [ -45.97680475526662, -23.138705101617333 ], [ -45.976961770521086, -23.139099069768648 ], [ -45.97716654056935, -23.139536612006747 ], [ -45.97745384070528, -23.139907823220291 ], [ -45.97813046960497, -23.140002359421025 ], [ -45.979464503143177, -23.141090882185139 ], [ -45.981511992740579, -23.141879206555487 ], [ -45.982159645496132, -23.141249861347539 ], [ -45.982615957961421, -23.140402301025926 ], [ -45.982909862632027, -23.14004942556404 ], [ -45.983299258036553, -23.139783703517129 ], [ -45.98394047985461, -23.139900375135692 ], [ -45.984439394667902, -23.140017932826719 ], [ -45.984952420624268, -23.140442573584959 ], [ -45.98519174622632, -23.140737276550801 ], [ -45.985692118536107, -23.141052286672519 ], [ -45.98673804875191, -23.141374855452401 ], [ -45.987073859379407, -23.141888356516152 ], [ -45.987148222533818, -23.142326701151646 ], [ -45.987211523047158, -23.142874822072343 ], [ -45.987190460462578, -23.143236971068696 ], [ -45.987394948636776, -23.143630621244078 ], [ -45.987943076299025, -23.143989212716267 ], [ -45.988279139643979, -23.144535623099369 ], [ -45.988855181762247, -23.145464474666039 ], [ -45.989237724499986, -23.145878944519637 ], [ -45.989903409207074, -23.146094169911908 ], [ -45.99096770732843, -23.147294212995078 ], [ -45.992083478042609, -23.147429814266538 ], [ -45.992675041784878, -23.147239589462679 ], [ -45.99337462154719, -23.147224216372656 ], [ -45.99329662427219, -23.147904861679532 ], [ -45.99337343742868, -23.1486722984761 ], [ -45.992973150527988, -23.149069751294618 ], [ -45.992773809428158, -23.149378170131595 ], [ -45.992937350771257, -23.150649697715313 ], [ -45.993259077724083, -23.150856109590844 ], [ -45.993620755902718, -23.151654654975061 ], [ -45.993911444957703, -23.1524755957054 ], [ -45.99403473460891, -23.153111092069114 ], [ -45.994203270909424, -23.153450105338493 ], [ -45.994701605929954, -23.153479874153909 ], [ -45.99539065642972, -23.153640073987763 ], [ -45.995946334722433, -23.153406193081032 ], [ -45.99655205762118, -23.153523035369592 ], [ -45.997122188768209, -23.153640100566644 ], [ -45.99790669263195, -23.153876478105644 ], [ -45.99854969961639, -23.154223455052001 ], [ -45.998589826079666, -23.154837534532763 ], [ -45.998274015368487, -23.155431929984452 ], [ -45.998279136424863, -23.156123024140687 ], [ -45.998439406739827, -23.156944781255035 ], [ -45.99889275354063, -23.157303923234334 ], [ -45.999368028482486, -23.157421581113557 ], [ -46.000139559870753, -23.15750445237498 ], [ -46.000542374723587, -23.157447041499331 ], [ -46.001124230286258, -23.157542077602489 ], [ -46.0016346837794, -23.157604651727805 ], [ -46.001922498046198, -23.158030664509258 ], [ -46.002021044490789, -23.158523699070344 ], [ -46.002084343716234, -23.159060836710079 ], [ -46.002088016202201, -23.159554474586407 ], [ -46.002055206505865, -23.159927672773989 ], [ -46.002035325689306, -23.16044339989255 ], [ -46.002511838906116, -23.160725590638375 ], [ -46.002642789856488, -23.1607905757003 ], [ -46.003022795200216, -23.160853984172096 ], [ -46.003911469077579, -23.160738616993566 ], [ -46.004467660775376, -23.160570520954643 ], [ -46.004892817467351, -23.160326466217651 ], [ -46.005367288883122, -23.160334413196239 ], [ -46.005739776975936, -23.160979272716872 ], [ -46.005864360365216, -23.161779299647755 ], [ -46.005961777419898, -23.162118761954016 ], [ -46.006320939642727, -23.162566240587545 ], [ -46.006691962879785, -23.163013651533657 ], [ -46.006956078166091, -23.163439805500484 ], [ -46.007470157305917, -23.163985031964216 ], [ -46.007922320009705, -23.164179603433638 ], [ -46.00839648598145, -23.164143654913538 ], [ -46.008894276859436, -23.164096588417689 ], [ -46.009276852317299, -23.164500030910116 ], [ -46.009409609361661, -23.164806350526142 ], [ -46.00961452558942, -23.165243844198578 ], [ -46.009747952016504, -23.165637916924805 ], [ -46.009857898808328, -23.166065053754885 ], [ -46.010368634672304, -23.166160510287252 ], [ -46.010891065216711, -23.166233950700942 ], [ -46.011496270265596, -23.166273944096467 ], [ -46.012089369456582, -23.166281108346151 ], [ -46.01253956636404, -23.166212387503389 ], [ -46.012779751067718, -23.166605771041922 ], [ -46.012818628030161, -23.167044327600991 ], [ -46.012918047351484, -23.167647053986233 ], [ -46.012577070443101, -23.168044174240354 ], [ -46.013157905690072, -23.167996560003527 ], [ -46.013620957550366, -23.168059398820567 ], [ -46.0138476280353, -23.168233464208974 ], [ -46.01395932508769, -23.168890954689481 ], [ -46.013881259016962, -23.169549675802223 ], [ -46.014273988666012, -23.169722671285221 ], [ -46.01476109577402, -23.169829230427425 ], [ -46.015224237282297, -23.169903037938738 ], [ -46.015689540890108, -23.170262060423553 ], [ -46.015667964650795, -23.170547420840389 ], [ -46.01550340671924, -23.170745945708259 ], [ -46.015209039642201, -23.171033064904012 ], [ -46.015247026188632, -23.171350963916304 ], [ -46.015287733351613, -23.172030850010739 ], [ -46.015195083120396, -23.172327642769496 ], [ -46.015007124852666, -23.17257019680909 ], [ -46.014665894432305, -23.172934418574311 ], [ -46.014313288857629, -23.173364522057085 ], [ -46.014078964400738, -23.173749993358577 ], [ -46.014046434099185, -23.174156095327508 ], [ -46.013905836412818, -23.174387377943464 ], [ -46.014169511609907, -23.174747693519127 ], [ -46.014444624653144, -23.175053090948687 ], [ -46.014684418120758, -23.175391620009325 ], [ -46.01474627990315, -23.175731304515061 ], [ -46.014666561000922, -23.176170624155759 ], [ -46.014693763653021, -23.176631194116379 ], [ -46.014755791474371, -23.176992807819946 ], [ -46.014631279644526, -23.177783464356366 ], [ -46.014399006353848, -23.178443169766169 ], [ -46.014165913920806, -23.178993183158969 ], [ -46.013748899049752, -23.180323260456024 ], [ -46.013987791427532, -23.180541124833987 ], [ -46.014677332206425, -23.180745119750028 ], [ -46.015248595723541, -23.180993753114187 ], [ -46.015619287072283, -23.181386288897578 ], [ -46.01545095117568, -23.181736975642298 ], [ -46.015447813906974, -23.182243066683725 ], [ -46.01543943092247, -23.182703865608204 ], [ -46.015537634394647, -23.183142046591247 ], [ -46.015694569936073, -23.183503047159242 ], [ -46.016171120676255, -23.18377422718245 ], [ -46.017002443881267, -23.183900494603748 ], [ -46.017881136600487, -23.184015495152504 ], [ -46.018947953553152, -23.183909861527951 ], [ -46.018119949440234, -23.184222379074761 ], [ -46.016984527949148, -23.184668524006074 ], [ -46.016346300279196, -23.184979815295488 ], [ -46.016040873316676, -23.185376713634103 ], [ -46.015224216686242, -23.185623324996655 ], [ -46.014632604518809, -23.185824603016581 ], [ -46.014111584454668, -23.185948631721921 ], [ -46.014622977974355, -23.186120860035011 ], [ -46.01487406425273, -23.186382531713889 ], [ -46.015055137234263, -23.1867982300462 ], [ -46.015104907116942, -23.187105069154576 ], [ -46.015380141181815, -23.187421428032525 ], [ -46.015725629312946, -23.187616662082743 ], [ -46.016168343606978, -23.188118436645631 ], [ -46.01635241687336, -23.188929040190494 ], [ -46.016763611646113, -23.188399812823011 ], [ -46.01713051277887, -23.18828774543309 ], [ -46.017392233857599, -23.188384785423409 ], [ -46.018043746888686, -23.188259901675568 ], [ -46.018696670908483, -23.188321495026845 ], [ -46.019317495151554, -23.188844046693077 ], [ -46.019585861392017, -23.189818649346634 ], [ -46.019607628360653, -23.191123966165652 ], [ -46.019745695009192, -23.191953568546396 ], [ -46.019877332977096, -23.192274082770457 ], [ -46.020485237197903, -23.192654093528464 ], [ -46.021294812828494, -23.193032802140621 ], [ -46.022558677582957, -23.193869289534643 ], [ -46.023061671927884, -23.194491312909648 ], [ -46.023760235348888, -23.194311255244699 ], [ -46.024721286451225, -23.194326939067615 ], [ -46.025481848932621, -23.194497507780721 ], [ -46.028184761807601, -23.195499607066608 ], [ -46.028484680991539, -23.195575617000276 ], [ -46.028595671979339, -23.195435465004618 ], [ -46.028643500743222, -23.195377819198889 ], [ -46.0286785790002, -23.195335540975623 ], [ -46.028686940615941, -23.195326287783267 ], [ -46.028688308987491, -23.195324773560504 ], [ -46.028720455999981, -23.195289198998879 ], [ -46.028865628983965, -23.195150471988967 ], [ -46.028981771979403, -23.195050151008168 ], [ -46.029459974983503, -23.194651785986931 ], [ -46.029496972510223, -23.194620273605228 ], [ -46.029647549, -23.194492020999977 ], [ -46.032908976999977, -23.192410438000028 ], [ -46.034529074546363, -23.191326587640503 ], [ -46.034698699895195, -23.191213105839012 ], [ -46.03484471399333, -23.19111541999758 ], [ -46.035392323444356, -23.190682168026939 ], [ -46.035568769809394, -23.190542568012198 ], [ -46.035716933185164, -23.190425344459776 ], [ -46.035997598999984, -23.190203286999974 ], [ -46.036148156000024, -23.190090836000024 ], [ -46.036278687999982, -23.190005185000015 ], [ -46.036402075000012, -23.189936591 ], [ -46.037185279000028, -23.189476889 ], [ -46.038088760999983, -23.18912291200002 ], [ -46.038222266999981, -23.189089707 ], [ -46.039882815, -23.188810472 ], [ -46.040098361, -23.188780318 ], [ -46.040311761, -23.188760973 ], [ -46.041376481999976, -23.18868227899998 ], [ -46.041645526000025, -23.188666486999978 ], [ -46.041908482, -23.188663252000026 ], [ -46.044191728999976, -23.188870463 ], [ -46.045103546, -23.189036978 ], [ -46.045652491999988, -23.189109447000025 ], [ -46.046026674000018, -23.189172037999988 ], [ -46.046420348000026, -23.189237633999987 ], [ -46.046646513999974, -23.189269971999973 ], [ -46.04756975599998, -23.189398700000023 ], [ -46.048708899000019, -23.189477387000014 ], [ -46.048905192000014, -23.189485779 ], [ -46.049120273000028, -23.189481806999986 ], [ -46.049291499, -23.189470847 ], [ -46.049685367, -23.189470482999983 ], [ -46.050043290000019, -23.189402718 ], [ -46.050722533999988, -23.189236815000015 ], [ -46.051596028, -23.188918450000024 ], [ -46.052319787999977, -23.188556254999984 ], [ -46.052360971028591, -23.188547018408148 ], [ -46.052466968972873, -23.188523244980317 ], [ -46.052638717973565, -23.18842736197972 ], [ -46.052723671006611, -23.188376244000729 ], [ -46.052816485998797, -23.188267421998727 ], [ -46.053040838001408, -23.187904903982513 ], [ -46.053148075999225, -23.187643612004017 ], [ -46.053656601991989, -23.186685476977804 ], [ -46.0543017970001, -23.186067306003142 ], [ -46.054519758978302, -23.185844728004142 ], [ -46.054930063986816, -23.185300705986666 ], [ -46.055124531999539, -23.184914242988338 ], [ -46.055149271979552, -23.18456496898299 ], [ -46.055077125311186, -23.184410497389674 ], [ -46.055071541876067, -23.184398542820094 ], [ -46.055018380987761, -23.184284720980418 ], [ -46.054857880017991, -23.184048391783566 ], [ -46.054730725001001, -23.183861161998038 ], [ -46.054324678990447, -23.183500864981376 ], [ -46.054110893534393, -23.183231146887806 ], [ -46.054109159504762, -23.183228959201692 ], [ -46.054036933997097, -23.183137836982922 ], [ -46.054015355537274, -23.183092336947333 ], [ -46.053903147993665, -23.182855736989804 ], [ -46.053918249259596, -23.182567672724208 ], [ -46.053918429827661, -23.182564228011728 ], [ -46.053922314985911, -23.182490116989211 ], [ -46.053937377798832, -23.182405920120019 ], [ -46.05393811233747, -23.182401814400087 ], [ -46.054005814987512, -23.182023374988212 ], [ -46.054025942992887, -23.181658672977825 ], [ -46.05400528298501, -23.181390026983543 ], [ -46.053941487294175, -23.181279348027086 ], [ -46.053938936573523, -23.181274922783377 ], [ -46.053927531989409, -23.181255136986199 ], [ -46.053870280975886, -23.181121460998977 ], [ -46.053666526989275, -23.180651281996926 ], [ -46.053626221973062, -23.180498887997445 ], [ -46.053588830980921, -23.180347441977073 ], [ -46.053578648005931, -23.180094312983393 ], [ -46.053608087998924, -23.179534599978268 ], [ -46.053572874986273, -23.179370538007948 ], [ -46.053511717974118, -23.179236801999124 ], [ -46.053389138986233, -23.179094909978488 ], [ -46.053273432977761, -23.179006427003621 ], [ -46.053265042021124, -23.179002653911347 ], [ -46.05308631200274, -23.178922285992289 ], [ -46.052134067619392, -23.178745014618265 ], [ -46.051887267992299, -23.178699068982301 ], [ -46.051816757802428, -23.178671814195244 ], [ -46.051776301795627, -23.178656176438313 ], [ -46.051690233989895, -23.178622907998349 ], [ -46.051563526995984, -23.178548712979168 ], [ -46.051411560974984, -23.17841089200725 ], [ -46.051360207634197, -23.178351868716749 ], [ -46.051358340132907, -23.178349722302887 ], [ -46.051331108991086, -23.178318423975554 ], [ -46.051318323471875, -23.178297266811672 ], [ -46.051269395000325, -23.178216300992563 ], [ -46.051253260823913, -23.178165576040676 ], [ -46.051252704003524, -23.178163825341574 ], [ -46.051237919975023, -23.178117344987001 ], [ -46.051220952987464, -23.177971627996662 ], [ -46.051234818975722, -23.177850770980047 ], [ -46.051292278992591, -23.177696240984567 ], [ -46.051359941997035, -23.177572583997101 ], [ -46.051507777001767, -23.177336299980478 ], [ -46.051601815978685, -23.17715792899407 ], [ -46.051680957845548, -23.177033106392635 ], [ -46.05168095786825, -23.177033106376221 ], [ -46.051694301999987, -23.177012059999978 ], [ -46.051781152999979, -23.176908570000023 ], [ -46.051952068, -23.176748526999972 ], [ -46.052114704000019, -23.176614561000012 ], [ -46.052277052000022, -23.176496852 ], [ -46.052459661, -23.176393905 ], [ -46.052788828000018, -23.176237157999989 ], [ -46.053034874, -23.176138783 ], [ -46.05363823, -23.175950038999986 ], [ -46.053897107000012, -23.175899741 ], [ -46.054960306999988, -23.175735105 ], [ -46.055054750000011, -23.175699488000024 ], [ -46.055132776, -23.175652781999986 ], [ -46.055133718244171, -23.175653012596257 ], [ -46.055134447010154, -23.17565158182375 ], [ -46.055193988792979, -23.175608817335057 ], [ -46.055195620037757, -23.175607645750478 ], [ -46.055308957005025, -23.175526244002675 ], [ -46.055455174867895, -23.175391183658796 ], [ -46.055462938999028, -23.175384011996428 ], [ -46.055471413465, -23.17537329821111 ], [ -46.055527910007619, -23.175301872986985 ], [ -46.055572507991307, -23.175211294986042 ], [ -46.055763432155587, -23.174809153259272 ], [ -46.055772960977748, -23.174789082738958 ], [ -46.055789712985799, -23.174753797986199 ], [ -46.055819193279127, -23.174698181379149 ], [ -46.055835457791375, -23.174667497260902 ], [ -46.056201147980879, -23.173977592993715 ], [ -46.056281087000492, -23.173822496976285 ], [ -46.056355098068742, -23.173718465777252 ], [ -46.056413362, -23.173636568999989 ], [ -46.056557041000019, -23.173468883 ], [ -46.056689415, -23.173332647 ], [ -46.056961022, -23.173114489 ], [ -46.057514145000027, -23.172670190000019 ], [ -46.057727587999977, -23.172536080999983 ], [ -46.057818423000015, -23.172483241999988 ], [ -46.057917939, -23.172436859000019 ], [ -46.058066126000028, -23.172401148 ], [ -46.05838667, -23.172344545 ], [ -46.058885399000019, -23.172268945999978 ], [ -46.059049844000015, -23.172253355 ], [ -46.059194446999982, -23.172254631999984 ], [ -46.059299781, -23.172266158000017 ], [ -46.059452667000016, -23.172296470999981 ], [ -46.060140642000022, -23.172461336000026 ], [ -46.060880624999982, -23.172669445999986 ], [ -46.06167861199998, -23.172968774000033 ], [ -46.061804946999985, -23.173008622999987 ], [ -46.061943052, -23.173045939000016 ], [ -46.062023050999983, -23.173053467999981 ], [ -46.062101270000028, -23.173051032 ], [ -46.062292491, -23.173013254000011 ], [ -46.062470925000014, -23.172924689000013 ], [ -46.062661416000026, -23.172817332000026 ], [ -46.063485174, -23.172319264 ], [ -46.063644695, -23.172250290000019 ], [ -46.06378134800002, -23.172203557999978 ], [ -46.063853880000011, -23.172191097 ], [ -46.063937977000023, -23.172187845 ], [ -46.064020969000012, -23.172191805000015 ], [ -46.064104493, -23.172221069 ], [ -46.064226459, -23.172287052 ], [ -46.064440764999972, -23.17243664 ], [ -46.064630615999988, -23.17258766700002 ], [ -46.064715219999982, -23.172666639 ], [ -46.064800371999979, -23.172770013999976 ], [ -46.064882926999985, -23.172854375999972 ], [ -46.06504901400001, -23.173134243 ], [ -46.065079894, -23.173267518999975 ], [ -46.06512920900002, -23.173408301 ], [ -46.065137102999984, -23.173515029999972 ], [ -46.065135903, -23.173638789 ], [ -46.065121953000016, -23.173987324 ], [ -46.065096230999984, -23.174449519 ], [ -46.065092774999982, -23.174590410999986 ], [ -46.065103035, -23.174784814000024 ], [ -46.065138983, -23.174963339999973 ], [ -46.065172174999987, -23.175020759 ], [ -46.065211182, -23.175080975 ], [ -46.065269457, -23.17515684 ], [ -46.065466843000024, -23.175324241999981 ], [ -46.066163259, -23.175788260999976 ], [ -46.066288564999979, -23.175886817 ], [ -46.066382783, -23.175974967 ], [ -46.066457508999974, -23.176060114 ], [ -46.066527716, -23.176124413000029 ], [ -46.066729552000027, -23.176372290000014 ], [ -46.066814121, -23.176509083999971 ], [ -46.067395593000015, -23.177341796 ], [ -46.067769590000012, -23.177802768999989 ], [ -46.067963544, -23.177999027999974 ], [ -46.06893945600001, -23.178909034000018 ], [ -46.069699995, -23.179729969999979 ], [ -46.069955387, -23.179989488 ], [ -46.070071057, -23.180080668000013 ], [ -46.070263925, -23.180172104 ], [ -46.070434893000026, -23.180230685000026 ], [ -46.070692472000019, -23.180254427000019 ], [ -46.071183686999973, -23.180218430000021 ], [ -46.072423102000016, -23.179925318000013 ], [ -46.072742759999983, -23.179864156 ], [ -46.073186723, -23.179903336999981 ], [ -46.073573619, -23.180020263000014 ], [ -46.074018450999979, -23.180232923 ], [ -46.074668840231382, -23.180723321080713 ], [ -46.074763606640815, -23.180796015781375 ], [ -46.074828602997599, -23.180845873990759 ], [ -46.074888801621206, -23.180731512805373 ], [ -46.075103034942344, -23.180324525437396 ], [ -46.075140974985892, -23.180252448990728 ], [ -46.075326927998717, -23.179734829988789 ], [ -46.075402102391998, -23.179123281391245 ], [ -46.075428361006828, -23.178909665003996 ], [ -46.075408282004346, -23.178326619976204 ], [ -46.075263398986543, -23.177560107007178 ], [ -46.075049087975749, -23.177019326004142 ], [ -46.074860464861736, -23.176694745674016 ], [ -46.074794856983473, -23.176581847985886 ], [ -46.074097244006715, -23.175905530999106 ], [ -46.073986820122279, -23.175764401250323 ], [ -46.073969767426043, -23.175742606599211 ], [ -46.073878364004251, -23.175625785983605 ], [ -46.073754391981694, -23.175339331981714 ], [ -46.073667379307707, -23.175044058454311 ], [ -46.073667169249852, -23.175043345705564 ], [ -46.073664002974397, -23.175032601001888 ], [ -46.073672755997876, -23.174756266985703 ], [ -46.074163453986088, -23.173689380997445 ], [ -46.07451142799848, -23.172848032988654 ], [ -46.074898208986319, -23.172189767981855 ], [ -46.075749252759366, -23.171191313198797 ], [ -46.07599468297763, -23.170903367999525 ], [ -46.076494343978609, -23.170327198984303 ], [ -46.076888514977995, -23.169915690978915 ], [ -46.077052822979375, -23.169740163985896 ], [ -46.077158591152248, -23.169659891085526 ], [ -46.077229102974819, -23.169606375978088 ], [ -46.077405823008284, -23.169503313986617 ], [ -46.07741686988561, -23.169498932478678 ], [ -46.077748257990464, -23.169367494008224 ], [ -46.078189030988639, -23.16925211799667 ], [ -46.078851467975781, -23.169145477979555 ], [ -46.079194856984422, -23.169122604987606 ], [ -46.079438992972833, -23.169131675976107 ], [ -46.079445337974136, -23.169131935447485 ], [ -46.079463296739583, -23.1691326698304 ], [ -46.079647958984083, -23.169140220975081 ], [ -46.08005779000802, -23.16922946799556 ], [ -46.080534538985994, -23.169347721985989 ], [ -46.08104497500868, -23.169551404978545 ], [ -46.081873156974012, -23.170025456987279 ], [ -46.082492542147904, -23.170442830006142 ], [ -46.084699158976036, -23.171929717989283 ], [ -46.085626575977308, -23.172430527007588 ], [ -46.086464559994688, -23.172736652981559 ], [ -46.086874248000562, -23.172834914980999 ], [ -46.08716293657897, -23.172876839389431 ], [ -46.087428871985871, -23.172915458996581 ], [ -46.088012929986014, -23.172933196988684 ], [ -46.088690000999406, -23.172884555979195 ], [ -46.089493647993699, -23.172750159988997 ], [ -46.090624817998801, -23.172494147000208 ], [ -46.091684771980105, -23.172118711985938 ], [ -46.092835660974892, -23.171571152981652 ], [ -46.093730832001889, -23.170949313978483 ], [ -46.094194824849765, -23.170421495081786 ], [ -46.094225187000326, -23.170386956187514 ], [ -46.094285109006606, -23.170318790978836 ], [ -46.094312314744109, -23.170283245630976 ], [ -46.094340570486366, -23.170246328435976 ], [ -46.094551080008806, -23.169971289003822 ], [ -46.094761093974618, -23.169582298994701 ], [ -46.095164781983577, -23.168844731998931 ], [ -46.095874436973709, -23.167144078990763 ], [ -46.096291314505599, -23.166418321856252 ], [ -46.096428632000034, -23.166179258999986 ], [ -46.097063903999981, -23.165440606999987 ], [ -46.097733947156762, -23.164726737338167 ] ] ] } }
]
}
